2026-09-04 15:48:03 Starting Lynis 3.0.8 with PID 2219, build date 2022-05-17
2026-09-04 15:48:03 ====
2026-09-04 15:48:03 ### 2007-2021, CISOfy - https://cisofy.com/lynis/ ###
2026-09-04 15:48:03 Checking permissions of /usr/share/lynis/include/profiles
2026-09-04 15:48:04 File permissions are OK
2026-09-04 15:48:04 Reading profile/configuration /etc/lynis/default.prf
2026-09-04 15:48:04 Action: created temporary file /tmp/lynis.1Z9T82xnnA
2026-09-04 15:48:05 Language set via profile to ''
2026-09-04 15:48:08 Plugin 'authentication' enabled according profile (/etc/lynis/default.prf)
2026-09-04 15:48:09 Plugin 'compliance' enabled according profile (/etc/lynis/default.prf)
2026-09-04 15:48:09 Plugin 'configuration' enabled according profile (/etc/lynis/default.prf)
2026-09-04 15:48:09 Plugin 'control-panels' enabled according profile (/etc/lynis/default.prf)
2026-09-04 15:48:09 Plugin 'crypto' enabled according profile (/etc/lynis/default.prf)
2026-09-04 15:48:09 Plugin 'dns' enabled according profile (/etc/lynis/default.prf)
2026-09-04 15:48:10 Plugin 'docker' enabled according profile (/etc/lynis/default.prf)
2026-09-04 15:48:10 Plugin 'file-integrity' enabled according profile (/etc/lynis/default.prf)
2026-09-04 15:48:10 Plugin 'file-systems' enabled according profile (/etc/lynis/default.prf)
2026-09-04 15:48:10 Plugin 'firewalls' enabled according profile (/etc/lynis/default.prf)
2026-09-04 15:48:11 Plugin 'forensics' enabled according profile (/etc/lynis/default.prf)
2026-09-04 15:48:11 Plugin 'hardware' enabled according profile (/etc/lynis/default.prf)
2026-09-04 15:48:11 Plugin 'intrusion-detection' enabled according profile (/etc/lynis/default.prf)
2026-09-04 15:48:11 Plugin 'intrusion-prevention' enabled according profile (/etc/lynis/default.prf)
2026-09-04 15:48:11 Plugin 'kernel' enabled according profile (/etc/lynis/default.prf)
2026-09-04 15:48:12 Plugin 'malware' enabled according profile (/etc/lynis/default.prf)
2026-09-04 15:48:12 Plugin 'memory' enabled according profile (/etc/lynis/default.prf)
2026-09-04 15:48:12 Plugin 'nginx' enabled according profile (/etc/lynis/default.prf)
2026-09-04 15:48:12 Plugin 'pam' enabled according profile (/etc/lynis/default.prf)
2026-09-04 15:48:12 Plugin 'processes' enabled according profile (/etc/lynis/default.prf)
2026-09-04 15:48:13 Plugin 'security-modules' enabled according profile (/etc/lynis/default.prf)
2026-09-04 15:48:13 Plugin 'software' enabled according profile (/etc/lynis/default.prf)
2026-09-04 15:48:13 Plugin 'system-integrity' enabled according profile (/etc/lynis/default.prf)
2026-09-04 15:48:13 Plugin 'systemd' enabled according profile (/etc/lynis/default.prf)
2026-09-04 15:48:13 Plugin 'users' enabled according profile (/etc/lynis/default.prf)
2026-09-04 15:48:14 Plugin 'debian' enabled according profile (/etc/lynis/default.prf)
2026-09-04 15:48:32 Set option to default value: NTPD_ROLE --> client
2026-09-04 15:48:32 ====
2026-09-04 15:48:32 Program version:           3.0.8
2026-09-04 15:48:32 Operating system:          Linux
2026-09-04 15:48:32 Operating system name:     Debian
2026-09-04 15:48:32 Operating system version:  12
2026-09-04 15:48:32 Kernel version:            6.1.0
2026-09-04 15:48:32 Kernel version (full):     6.1.0-27-amd64
2026-09-04 15:48:32 Hardware platform:         x86_64
2026-09-04 15:48:32 -----------------------------------------------------
2026-09-04 15:48:32 Hostname:                  helio-frontal
2026-09-04 15:48:32 Auditor:                   [Not Specified]
2026-09-04 15:48:32 Profiles:                  /etc/lynis/default.prf
2026-09-04 15:48:32 Work directory:            /
2026-09-04 15:48:32 Include directory:         /usr/share/lynis/include
2026-09-04 15:48:32 Plugin directory:          /etc/lynis/plugins
2026-09-04 15:48:32 -----------------------------------------------------
2026-09-04 15:48:32 Log file:                  /var/log/lynis.log
2026-09-04 15:48:33 Report file:               /var/log/lynis-report.dat
2026-09-04 15:48:33 Report version:            1.0
2026-09-04 15:48:33 -----------------------------------------------------
2026-09-04 15:48:33 Test category:             all
2026-09-04 15:48:33 Test group:                all
2026-09-04 15:48:33 BusyBox used:              0
2026-09-04 15:48:33 ====
2026-09-04 15:48:33 Test: Checking for program update...
2026-09-04 15:48:33 Upgrade test skipped due profile option set (skip_upgrade_test)
2026-09-04 15:48:33 Current installed version  : 308
2026-09-04 15:48:33 Latest stable version      : 308
2026-09-04 15:48:33 No Lynis update available.
2026-09-04 15:48:33 Suggestion: This release is more than 4 months old. Check the website or GitHub to see if there is an update available. [test:LYNIS] [details:-] [solution:-]
2026-09-04 15:48:33 ====
2026-09-04 15:48:33 Checking permissions of /usr/share/lynis/include/binaries
2026-09-04 15:48:34 File permissions are OK
2026-09-04 15:48:34 ====
2026-09-04 15:48:34 Action: Performing tests from category: System tools
2026-09-04 15:48:34 Start scanning for available audit binaries and tools...
2026-09-04 15:48:34 ====
2026-09-04 15:48:34 Performing test ID CORE-1000 (Check all system binaries)
2026-09-04 15:48:34 Status: Starting binary scan...
2026-09-04 15:48:35 Test: Checking binaries in directory /bin
2026-09-04 15:48:35 Result: directory exists, but is actually a symlink
2026-09-04 15:48:35 Action: checking symlink for file /bin
2026-09-04 15:48:35 Setting temporary readlinkbinary variable
2026-09-04 15:48:35 Note: Using real readlink binary to determine symlink on /bin
2026-09-04 15:48:35 Result: readlink shows /usr/bin as output
2026-09-04 15:48:35 Result: symlink found, pointing to directory /usr/bin
2026-09-04 15:48:35 Result: found the path behind this symlink (/bin --> /usr/bin)
2026-09-04 15:48:35 Directory /usr/bin exists. Starting directory scanning...
2026-09-04 15:48:35   Found known binary: apt (package manager) - /usr/bin/apt
2026-09-04 15:48:35   Found known binary: as (compiler) - /usr/bin/as
2026-09-04 15:48:35   Found known binary: awk (string tool) - /usr/bin/awk
2026-09-04 15:48:35   Found known binary: base64 (encoding tool) - /usr/bin/base64
2026-09-04 15:48:35   Found known binary: cat (generic file handling) - /usr/bin/cat
2026-09-04 15:48:35   Found known binary: cc (compiler) - /usr/bin/cc
2026-09-04 15:48:36   Found known binary: comm (file compare) - /usr/bin/comm
2026-09-04 15:48:36   Found known binary: curl (browser, download utility) - /usr/bin/curl
2026-09-04 15:48:36   Found known binary: cut (text stream editor) - /usr/bin/cut
2026-09-04 15:48:36   Found known binary: dig (network/dns tool) - /usr/bin/dig
2026-09-04 15:48:36   Found known binary: dnsdomainname (DNS domain) - /usr/bin/dnsdomainname
2026-09-04 15:48:36   Found known binary: domainname (NIS domain) - /usr/bin/domainname
2026-09-04 15:48:36   Found known binary: dpkg (package management) - /usr/bin/dpkg
2026-09-04 15:48:36   Found known binary: egrep (text search) - /usr/bin/egrep
2026-09-04 15:48:36   Found known binary: file (file type detection) - /usr/bin/file
2026-09-04 15:48:36   Found known binary: find (search tool) - /usr/bin/find
2026-09-04 15:48:36   Found known binary: g++ (compiler) - /usr/bin/g++
2026-09-04 15:48:36   Found known binary: gcc (compiler) - /usr/bin/gcc
2026-09-04 15:48:36   Found known binary: getent (query tool for name service switch libraries) - /usr/bin/getent
2026-09-04 15:48:36   Found known binary: grep (text search) - /usr/bin/grep
2026-09-04 15:48:36   Found known binary: gzip (compressing utility) - /usr/bin/gzip
2026-09-04 15:48:36   Found known binary: head (text filter) - /usr/bin/head
2026-09-04 15:48:37   Found known binary: ip (IP configuration) - /usr/bin/ip
2026-09-04 15:48:37   Found known binary: journalctl (systemd journal) - /usr/bin/journalctl
2026-09-04 15:48:37   Found known binary: ls (file listing) - /usr/bin/ls
2026-09-04 15:48:37   Found known binary: lsattr (file attributes) - /usr/bin/lsattr
2026-09-04 15:48:37   Found known binary: lsblk (block devices) - /usr/bin/lsblk
2026-09-04 15:48:37   Found known binary: lsmod (kernel modules) - /usr/bin/lsmod
2026-09-04 15:48:37   Found known binary: lsof (open files) - /usr/bin/lsof
2026-09-04 15:48:37 Note: added -K i to ignore tasks on Linux
2026-09-04 15:48:37   Found known binary: md5sum (hash tool) - /usr/bin/md5sum
2026-09-04 15:48:37   Found known binary: mount (disk utility) - /usr/bin/mount
2026-09-04 15:48:37 Found /usr/bin/nmap (version 7.93)
2026-09-04 15:48:37 Found /usr/bin/openssl (version 3.0.20)
2026-09-04 15:48:38 Found /usr/bin/perl (version 5.36.0)
2026-09-04 15:48:38   Found known binary: pgrep (search in process list) - /usr/bin/pgrep
2026-09-04 15:48:38   Found known binary: ps (process listing) - /usr/bin/ps
2026-09-04 15:48:38 Found known binary: python3 (programming language interpreter) - /usr/bin/python3 (version 3.11.2)
2026-09-04 15:48:38   Found known binary: readlink (follows symlinks) - /usr/bin/readlink
2026-09-04 15:48:38   Found known binary: sed (text stream editor) - /usr/bin/sed
2026-09-04 15:48:38   Found known binary: sha1/sha1sum/shasum (crypto hashing) - /usr/bin/sha1sum
2026-09-04 15:48:38   Found known binary: sha256/sha256sum (crypto hashing) - /usr/bin/sha256sum
2026-09-04 15:48:38   Found known binary: sha1/sha1sum/shasum (crypto hashing) - /usr/bin/shasum
2026-09-04 15:48:38   Found known binary: sort (sort data streams) - /usr/bin/sort
2026-09-04 15:48:38   Found known binary: ss (show sockets) - /usr/bin/ss
2026-09-04 15:48:38   Found known binary: ssh-keyscan (scanner for SSH keys) - /usr/bin/ssh-keyscan
2026-09-04 15:48:38   Found known binary: stat (file information) - /usr/bin/stat
2026-09-04 15:48:38   Found known binary: strings (text strings search) - /usr/bin/strings
2026-09-04 15:48:38   Found known binary: systemctl (client to systemd) - /usr/bin/systemctl
2026-09-04 15:48:38   Found known binary: systemd-analyze (systemd service analysis tool) - /usr/bin/systemd-analyze
2026-09-04 15:48:38   Found known binary: tail (text filter) - /usr/bin/tail
2026-09-04 15:48:39   Found known binary: timedatectl (timedate client) - /usr/bin/timedatectl
2026-09-04 15:48:39   Found known binary: tr (text transformation) - /usr/bin/tr
2026-09-04 15:48:39   Found known binary: uname (operating system details) - /usr/bin/uname
2026-09-04 15:48:39   Found known binary: uniq (text manipulation utility) - /usr/bin/uniq
2026-09-04 15:48:39   Found known binary: wc (word count) - /usr/bin/wc
2026-09-04 15:48:39 Found /usr/bin/wget (version 1.21.3)
2026-09-04 15:48:39   Found known binary: xargs (command output redirection) - /usr/bin/xargs
2026-09-04 15:48:39   Found known binary: zgrep (text search for compressed files) - /usr/bin/zgrep
2026-09-04 15:48:39 Test: Checking binaries in directory /sbin
2026-09-04 15:48:39 Result: directory exists, but is actually a symlink
2026-09-04 15:48:39 Action: checking symlink for file /sbin
2026-09-04 15:48:39 Note: Using real readlink binary to determine symlink on /sbin
2026-09-04 15:48:39 Result: readlink shows /usr/sbin as output
2026-09-04 15:48:39 Result: symlink found, pointing to directory /usr/sbin
2026-09-04 15:48:39 Result: found the path behind this symlink (/sbin --> /usr/sbin)
2026-09-04 15:48:39 Directory /usr/sbin exists. Starting directory scanning...
2026-09-04 15:48:39   Found known binary: aa-status (apparmor component) - /usr/sbin/aa-status
2026-09-04 15:48:40   Found known binary: blkid (information about block devices) - /usr/sbin/blkid
2026-09-04 15:48:40   Found known binary: dmidecode (hardware collector tool) - /usr/sbin/dmidecode
2026-09-04 15:48:40   Found known binary: getcap (kernel capabilities) - /usr/sbin/getcap
2026-09-04 15:48:40   Found known binary: grpck (consistency checker) - /usr/sbin/grpck
2026-09-04 15:48:40   Found known binary: ip (IP configuration) - /usr/sbin/ip
2026-09-04 15:48:40   Found known binary: logrotate (log rotation tool) - /usr/sbin/logrotate
2026-09-04 15:48:40   Found known binary: lsmod (kernel modules) - /usr/sbin/lsmod
2026-09-04 15:48:40   Found known binary: modprobe (kernel modules) - /usr/sbin/modprobe
2026-09-04 15:48:40   Found known binary: nft (nftables client) - /usr/sbin/nft
2026-09-04 15:48:40   Found known binary: runlevel (system utility) - /usr/sbin/runlevel
2026-09-04 15:48:40   Found known binary: service (system services) - /usr/sbin/service
2026-09-04 15:48:41 Found /usr/sbin/smbd (version 4.17.12-Debian)
2026-09-04 15:48:42 Found /usr/sbin/sshd (version 9.2)
2026-09-04 15:48:42   Found known binary: swapon (swap device tool) - /usr/sbin/swapon
2026-09-04 15:48:42   Found known binary: sysctl (kernel parameters) - /usr/sbin/sysctl
2026-09-04 15:48:42   Found known binary: tune2fs (file system tool) - /usr/sbin/tune2fs
2026-09-04 15:48:42 Test: Checking binaries in directory /usr/bin
2026-09-04 15:48:42 Result: Skipping this directory as it was already scanned
2026-09-04 15:48:42 Result: Directory /usr/bin skipped
2026-09-04 15:48:42 Test: Checking binaries in directory /usr/sbin
2026-09-04 15:48:42 Result: Skipping this directory as it was already scanned
2026-09-04 15:48:42 Result: Directory /usr/sbin skipped
2026-09-04 15:48:42 Test: Checking binaries in directory /usr/local/bin
2026-09-04 15:48:42 Directory /usr/local/bin exists. Starting directory scanning...
2026-09-04 15:48:42 Test: Checking binaries in directory /usr/local/sbin
2026-09-04 15:48:43 Directory /usr/local/sbin exists. Starting directory scanning...
2026-09-04 15:48:43 Discovered directories: /usr/bin,/usr/sbin,/usr/local/bin,/usr/local/sbin
2026-09-04 15:48:43 Result: found 1112 binaries including 12 set-uid and 6 set-gid
2026-09-04 15:48:43 Result: set-uid binaries: /usr/bin/VBoxDRMClient /usr/bin/chfn /usr/bin/chsh /usr/bin/gpasswd /usr/bin/mount /usr/bin/newgrp /usr/bin/passwd /usr/bin/sg /usr/bin/su /usr/bin/umount /usr/sbin/mount.cifs /usr/sbin/mount.smb3 
2026-09-04 15:48:43 Result: set-gid binaries: /usr/bin/chage /usr/bin/crontab /usr/bin/dotlockfile /usr/bin/expiry /usr/bin/ssh-agent /usr/sbin/unix_chkpwd 
2026-09-04 15:48:43 ====
2026-09-04 15:48:43 Informational: package manager is used
2026-09-04 15:48:43 Test: Determine if this system is a virtual machine
2026-09-04 15:48:43 Result: facter utility not found
2026-09-04 15:48:43 Test: trying to guess virtualization technology with systemd-detect-virt
2026-09-04 15:48:43 Result: found oracle
2026-09-04 15:48:43 Result: skipped lscpu test, as we already found machine type
2026-09-04 15:48:44 Result: skipped dmidecode test, as we already found machine type
2026-09-04 15:48:44 Result: skipped processes test, as we already found platform
2026-09-04 15:48:44 Result: skipped Amazon EC2 test, as we already found platform
2026-09-04 15:48:44 Result: skipped sysctl test, as we already found platform
2026-09-04 15:48:44 Result: skipped lshw test, as we already found machine type
2026-09-04 15:48:44 Result: found virtual machine (type: virtualbox, Oracle VM VirtualBox)
2026-09-04 15:48:44 Result: Lynis is not running in container
2026-09-04 15:48:44 Result: system is using systemd
2026-09-04 15:48:45 ====
2026-09-04 15:48:45 Action: Performing plugin tests
2026-09-04 15:48:45 Searching plugins...
2026-09-04 15:48:45 Found plugin file: /etc/lynis/plugins/plugin_debian_phase1
2026-09-04 15:48:45 Action: checking plugin status in profile: /etc/lynis/default.prf
2026-09-04 15:48:45 Result: plugin enabled in profile (/etc/lynis/default.prf)
2026-09-04 15:48:45 Result: plugin debian is enabled
2026-09-04 15:48:45 Checking permissions of /etc/lynis/plugins/plugin_debian_phase1
2026-09-04 15:48:46 File permissions are OK
2026-09-04 15:48:46 Including plugin file: /etc/lynis/plugins/plugin_debian_phase1 (version: 1.0.1)
2026-09-04 15:48:46 ====
2026-09-04 15:48:46 Action: Performing tests from category: Debian Tests
2026-09-04 15:48:46 ====
2026-09-04 15:48:46 Performing test ID DEB-0001 (Check for system binaries required by Debian Tests)
2026-09-04 15:48:46 Status: Starting binary scan...
2026-09-04 15:48:46 Test: Checking binaries in directory /bin
2026-09-04 15:48:46 Directory /bin exists. Starting directory scanning...
2026-09-04 15:48:46 Binary: /bin/VBoxAudioTest
2026-09-04 15:48:46 Binary: /bin/VBoxClient
2026-09-04 15:48:47 Binary: /bin/VBoxClient-all
2026-09-04 15:48:47 Binary: /bin/VBoxControl
2026-09-04 15:48:47 Binary: /bin/VBoxDRMClient
2026-09-04 15:48:47 Binary: /bin/[
2026-09-04 15:48:47 Binary: /bin/aa-enabled
2026-09-04 15:48:47 Binary: /bin/aa-exec
2026-09-04 15:48:47 Binary: /bin/aa-features-abi
2026-09-04 15:48:47 Binary: /bin/addpart
2026-09-04 15:48:47 Binary: /bin/addr2line
2026-09-04 15:48:47 Binary: /bin/apropos
2026-09-04 15:48:47 Binary: /bin/apt
2026-09-04 15:48:47 Binary: /bin/apt-cache
2026-09-04 15:48:47 Binary: /bin/apt-cdrom
2026-09-04 15:48:48 Binary: /bin/apt-config
2026-09-04 15:48:48 Binary: /bin/apt-extracttemplates
2026-09-04 15:48:48 Binary: /bin/apt-ftparchive
2026-09-04 15:48:48 Binary: /bin/apt-get
2026-09-04 15:48:48 Binary: /bin/apt-key
2026-09-04 15:48:48 Binary: /bin/apt-listchanges
2026-09-04 15:48:48   Found known binary: apt-listchanges (System tool) - /bin/apt-listchanges
2026-09-04 15:48:48 Binary: /bin/apt-mark
2026-09-04 15:48:48 Binary: /bin/apt-sortpkgs
2026-09-04 15:48:48 Binary: /bin/ar
2026-09-04 15:48:48 Binary: /bin/arch
2026-09-04 15:48:48 Binary: /bin/as
2026-09-04 15:48:48 Binary: /bin/attr
2026-09-04 15:48:48 Binary: /bin/awk
2026-09-04 15:48:49 Binary: /bin/b2sum
2026-09-04 15:48:49 Binary: /bin/base32
2026-09-04 15:48:49 Binary: /bin/base64
2026-09-04 15:48:49 Binary: /bin/basename
2026-09-04 15:48:49 Binary: /bin/basenc
2026-09-04 15:48:49 Binary: /bin/bash
2026-09-04 15:48:49 Binary: /bin/bashbug
2026-09-04 15:48:49 Binary: /bin/bluemoon
2026-09-04 15:48:49 Binary: /bin/bluetoothctl
2026-09-04 15:48:49 Binary: /bin/btattach
2026-09-04 15:48:49 Binary: /bin/btmgmt
2026-09-04 15:48:49 Binary: /bin/btmon
2026-09-04 15:48:49 Binary: /bin/buildhash
2026-09-04 15:48:49 Binary: /bin/bunzip2
2026-09-04 15:48:50 Binary: /bin/busctl
2026-09-04 15:48:50 Binary: /bin/busybox
2026-09-04 15:48:50 Binary: /bin/bzcat
2026-09-04 15:48:50 Binary: /bin/bzcmp
2026-09-04 15:48:50 Binary: /bin/bzdiff
2026-09-04 15:48:50 Binary: /bin/bzegrep
2026-09-04 15:48:50 Binary: /bin/bzexe
2026-09-04 15:48:50 Binary: /bin/bzfgrep
2026-09-04 15:48:50 Binary: /bin/bzgrep
2026-09-04 15:48:50 Binary: /bin/bzip2
2026-09-04 15:48:50 Binary: /bin/bzip2recover
2026-09-04 15:48:50 Binary: /bin/bzless
2026-09-04 15:48:50 Binary: /bin/bzmore
2026-09-04 15:48:51 Binary: /bin/c++
2026-09-04 15:48:51 Binary: /bin/c++filt
2026-09-04 15:48:51 Binary: /bin/c89
2026-09-04 15:48:51 Binary: /bin/c89-gcc
2026-09-04 15:48:51 Binary: /bin/c99
2026-09-04 15:48:51 Binary: /bin/c99-gcc
2026-09-04 15:48:51 Binary: /bin/c_rehash
2026-09-04 15:48:51 Binary: /bin/captoinfo
2026-09-04 15:48:51 Binary: /bin/cat
2026-09-04 15:48:51 Binary: /bin/catman
2026-09-04 15:48:51 Binary: /bin/cc
2026-09-04 15:48:51 Binary: /bin/chacl
2026-09-04 15:48:51 Binary: /bin/chage
2026-09-04 15:48:52 Binary: /bin/chardet
2026-09-04 15:48:52 Binary: /bin/chardetect
2026-09-04 15:48:52 Binary: /bin/chattr
2026-09-04 15:48:52 Binary: /bin/chcon
2026-09-04 15:48:52 Binary: /bin/chfn
2026-09-04 15:48:52 Binary: /bin/chgrp
2026-09-04 15:48:52 Binary: /bin/chmod
2026-09-04 15:48:52 Binary: /bin/choom
2026-09-04 15:48:52 Binary: /bin/chown
2026-09-04 15:48:52 Binary: /bin/chrt
2026-09-04 15:48:52 Binary: /bin/chsh
2026-09-04 15:48:52 Binary: /bin/chvt
2026-09-04 15:48:52 Binary: /bin/cifscreds
2026-09-04 15:48:53 Binary: /bin/cifsdd
2026-09-04 15:48:53 Binary: /bin/ciptool
2026-09-04 15:48:53 Binary: /bin/ckbcomp
2026-09-04 15:48:53 Binary: /bin/cksum
2026-09-04 15:48:53 Binary: /bin/clear
2026-09-04 15:48:53 Binary: /bin/clear_console
2026-09-04 15:48:53 Binary: /bin/cmp
2026-09-04 15:48:53 Binary: /bin/codepage
2026-09-04 15:48:53 Binary: /bin/col
2026-09-04 15:48:53 Binary: /bin/colcrt
2026-09-04 15:48:53 Binary: /bin/colrm
2026-09-04 15:48:53 Binary: /bin/column
2026-09-04 15:48:53 Binary: /bin/comm
2026-09-04 15:48:54 Binary: /bin/compose
2026-09-04 15:48:54 Binary: /bin/corelist
2026-09-04 15:48:54 Binary: /bin/cp
2026-09-04 15:48:54 Binary: /bin/cpan
2026-09-04 15:48:54 Binary: /bin/cpan5.36-x86_64-linux-gnu
2026-09-04 15:48:54 Binary: /bin/cpio
2026-09-04 15:48:54 Binary: /bin/cpp
2026-09-04 15:48:54 Binary: /bin/cpp-12
2026-09-04 15:48:54 Binary: /bin/crontab
2026-09-04 15:48:54 Binary: /bin/csplit
2026-09-04 15:48:54 Binary: /bin/ctstat
2026-09-04 15:48:54 Binary: /bin/curl
2026-09-04 15:48:54 Binary: /bin/cut
2026-09-04 15:48:54 Binary: /bin/dash
2026-09-04 15:48:55 Binary: /bin/date
2026-09-04 15:48:55 Binary: /bin/dbus-cleanup-sockets
2026-09-04 15:48:55 Binary: /bin/dbus-daemon
2026-09-04 15:48:55 Binary: /bin/dbus-monitor
2026-09-04 15:48:55 Binary: /bin/dbus-run-session
2026-09-04 15:48:55 Binary: /bin/dbus-send
2026-09-04 15:48:55 Binary: /bin/dbus-update-activation-environment
2026-09-04 15:48:55 Binary: /bin/dbus-uuidgen
2026-09-04 15:48:55 Binary: /bin/dbwrap_tool
2026-09-04 15:48:55 Binary: /bin/dd
2026-09-04 15:48:55 Binary: /bin/deallocvt
2026-09-04 15:48:55 Binary: /bin/deb-systemd-helper
2026-09-04 15:48:55 Binary: /bin/deb-systemd-invoke
2026-09-04 15:48:56 Binary: /bin/debconf
2026-09-04 15:48:56 Binary: /bin/debconf-apt-progress
2026-09-04 15:48:56 Binary: /bin/debconf-communicate
2026-09-04 15:48:56 Binary: /bin/debconf-copydb
2026-09-04 15:48:56 Binary: /bin/debconf-escape
2026-09-04 15:48:56 Binary: /bin/debconf-set-selections
2026-09-04 15:48:56 Binary: /bin/debconf-show
2026-09-04 15:48:56 Binary: /bin/debianbts
2026-09-04 15:48:56 Binary: /bin/defmt-c
2026-09-04 15:48:56 Binary: /bin/defmt-sh
2026-09-04 15:48:56 Binary: /bin/delpart
2026-09-04 15:48:56 Binary: /bin/delv
2026-09-04 15:48:57 Binary: /bin/df
2026-09-04 15:48:57 Binary: /bin/dh_bash-completion
2026-09-04 15:48:57 Binary: /bin/diff
2026-09-04 15:48:57 Binary: /bin/diff3
2026-09-04 15:48:57 Binary: /bin/dig
2026-09-04 15:48:57 Binary: /bin/dir
2026-09-04 15:48:57 Binary: /bin/dircolors
2026-09-04 15:48:57 Binary: /bin/dirmngr
2026-09-04 15:48:57 Binary: /bin/dirmngr-client
2026-09-04 15:48:57 Binary: /bin/dirname
2026-09-04 15:48:57 Binary: /bin/discover-config
2026-09-04 15:48:57 Binary: /bin/dmesg
2026-09-04 15:48:58 Binary: /bin/dnsdomainname
2026-09-04 15:48:58 Binary: /bin/dnstap-read
2026-09-04 15:48:58 Binary: /bin/domainname
2026-09-04 15:48:58 Binary: /bin/dotlockfile
2026-09-04 15:48:58 Binary: /bin/dpkg
2026-09-04 15:48:58 Binary: /bin/dpkg-architecture
2026-09-04 15:48:58 Binary: /bin/dpkg-buildflags
2026-09-04 15:48:58 Binary: /bin/dpkg-buildpackage
2026-09-04 15:48:58 Binary: /bin/dpkg-checkbuilddeps
2026-09-04 15:48:58 Binary: /bin/dpkg-deb
2026-09-04 15:48:58 Binary: /bin/dpkg-distaddfile
2026-09-04 15:48:58 Binary: /bin/dpkg-divert
2026-09-04 15:48:59 Binary: /bin/dpkg-genbuildinfo
2026-09-04 15:48:59 Binary: /bin/dpkg-genchanges
2026-09-04 15:48:59 Binary: /bin/dpkg-gencontrol
2026-09-04 15:48:59 Binary: /bin/dpkg-gensymbols
2026-09-04 15:48:59 Binary: /bin/dpkg-maintscript-helper
2026-09-04 15:48:59 Binary: /bin/dpkg-mergechangelogs
2026-09-04 15:48:59 Binary: /bin/dpkg-name
2026-09-04 15:48:59 Binary: /bin/dpkg-parsechangelog
2026-09-04 15:48:59 Binary: /bin/dpkg-query
2026-09-04 15:48:59 Binary: /bin/dpkg-realpath
2026-09-04 15:48:59 Binary: /bin/dpkg-scanpackages
2026-09-04 15:48:59 Binary: /bin/dpkg-scansources
2026-09-04 15:49:00 Binary: /bin/dpkg-shlibdeps
2026-09-04 15:49:00 Binary: /bin/dpkg-source
2026-09-04 15:49:00 Binary: /bin/dpkg-split
2026-09-04 15:49:00 Binary: /bin/dpkg-statoverride
2026-09-04 15:49:00 Binary: /bin/dpkg-trigger
2026-09-04 15:49:00 Binary: /bin/dpkg-vendor
2026-09-04 15:49:00 Binary: /bin/du
2026-09-04 15:49:00 Binary: /bin/dumpkeys
2026-09-04 15:49:00 Binary: /bin/dumpmscat
2026-09-04 15:49:00 Binary: /bin/dwp
2026-09-04 15:49:00 Binary: /bin/echo
2026-09-04 15:49:00 Binary: /bin/edit
2026-09-04 15:49:01 Binary: /bin/editor
2026-09-04 15:49:01 Binary: /bin/egrep
2026-09-04 15:49:01 Binary: /bin/eject
2026-09-04 15:49:01 Binary: /bin/elfedit
2026-09-04 15:49:01 Binary: /bin/enc2xs
2026-09-04 15:49:01 Binary: /bin/encguess
2026-09-04 15:49:01 Binary: /bin/env
2026-09-04 15:49:01 Binary: /bin/envsubst
2026-09-04 15:49:01 Binary: /bin/eqn
2026-09-04 15:49:01 Binary: /bin/ex
2026-09-04 15:49:01 Binary: /bin/expand
2026-09-04 15:49:02 Binary: /bin/expiry
2026-09-04 15:49:02 Binary: /bin/expr
2026-09-04 15:49:02 Binary: /bin/factor
2026-09-04 15:49:02 Binary: /bin/faillog
2026-09-04 15:49:02 Binary: /bin/faked-sysv
2026-09-04 15:49:02 Binary: /bin/faked-tcp
2026-09-04 15:49:02 Binary: /bin/fakeroot
2026-09-04 15:49:02 Binary: /bin/fakeroot-sysv
2026-09-04 15:49:02 Binary: /bin/fakeroot-tcp
2026-09-04 15:49:02 Binary: /bin/fallocate
2026-09-04 15:49:02 Binary: /bin/false
2026-09-04 15:49:02 Binary: /bin/fgconsole
2026-09-04 15:49:02 Binary: /bin/fgrep
2026-09-04 15:49:02 Binary: /bin/file
2026-09-04 15:49:03 Binary: /bin/fincore
2026-09-04 15:49:03 Binary: /bin/find
2026-09-04 15:49:03 Binary: /bin/findaffix
2026-09-04 15:49:03 Binary: /bin/findmnt
2026-09-04 15:49:03 Binary: /bin/flock
2026-09-04 15:49:03 Binary: /bin/fmt
2026-09-04 15:49:03 Binary: /bin/fold
2026-09-04 15:49:03 Binary: /bin/free
2026-09-04 15:49:03 Binary: /bin/g++
2026-09-04 15:49:03 Binary: /bin/g++-12
2026-09-04 15:49:03 Binary: /bin/gatttool
2026-09-04 15:49:03 Binary: /bin/gcc
2026-09-04 15:49:03 Binary: /bin/gcc-12
2026-09-04 15:49:04 Binary: /bin/gcc-ar
2026-09-04 15:49:04 Binary: /bin/gcc-ar-12
2026-09-04 15:49:04 Binary: /bin/gcc-nm
2026-09-04 15:49:04 Binary: /bin/gcc-nm-12
2026-09-04 15:49:04 Binary: /bin/gcc-ranlib
2026-09-04 15:49:04 Binary: /bin/gcc-ranlib-12
2026-09-04 15:49:04 Binary: /bin/gcov
2026-09-04 15:49:04 Binary: /bin/gcov-12
2026-09-04 15:49:04 Binary: /bin/gcov-dump
2026-09-04 15:49:04 Binary: /bin/gcov-dump-12
2026-09-04 15:49:04 Binary: /bin/gcov-tool
2026-09-04 15:49:04 Binary: /bin/gcov-tool-12
2026-09-04 15:49:05 Binary: /bin/gencat
2026-09-04 15:49:05 Binary: /bin/geqn
2026-09-04 15:49:05 Binary: /bin/getcifsacl
2026-09-04 15:49:05 Binary: /bin/getconf
2026-09-04 15:49:05 Binary: /bin/getent
2026-09-04 15:49:05 Binary: /bin/getfacl
2026-09-04 15:49:05 Binary: /bin/getfattr
2026-09-04 15:49:05 Binary: /bin/getkeycodes
2026-09-04 15:49:05 Binary: /bin/getopt
2026-09-04 15:49:05 Binary: /bin/gettext
2026-09-04 15:49:05 Binary: /bin/gettext.sh
2026-09-04 15:49:05 Binary: /bin/gmake
2026-09-04 15:49:06 Binary: /bin/gold
2026-09-04 15:49:06 Binary: /bin/gp-archive
2026-09-04 15:49:06 Binary: /bin/gp-collect-app
2026-09-04 15:49:06 Binary: /bin/gp-display-html
2026-09-04 15:49:06 Binary: /bin/gp-display-src
2026-09-04 15:49:06 Binary: /bin/gp-display-text
2026-09-04 15:49:06 Binary: /bin/gpasswd
2026-09-04 15:49:06 Binary: /bin/gpg
2026-09-04 15:49:06 Binary: /bin/gpg-agent
2026-09-04 15:49:06 Binary: /bin/gpg-connect-agent
2026-09-04 15:49:06 Binary: /bin/gpg-wks-server
2026-09-04 15:49:06 Binary: /bin/gpg-zip
2026-09-04 15:49:07 Binary: /bin/gpgcompose
2026-09-04 15:49:07 Binary: /bin/gpgconf
2026-09-04 15:49:07 Binary: /bin/gpgparsemail
2026-09-04 15:49:07 Binary: /bin/gpgsm
2026-09-04 15:49:07 Binary: /bin/gpgsplit
2026-09-04 15:49:07 Binary: /bin/gpgtar
2026-09-04 15:49:07 Binary: /bin/gpgv
2026-09-04 15:49:07 Binary: /bin/gpic
2026-09-04 15:49:07 Binary: /bin/gprof
2026-09-04 15:49:07 Binary: /bin/gprofng
2026-09-04 15:49:07 Binary: /bin/grep
2026-09-04 15:49:08 Binary: /bin/groff
2026-09-04 15:49:08 Binary: /bin/grog
2026-09-04 15:49:08 Binary: /bin/grops
2026-09-04 15:49:08 Binary: /bin/grotty
2026-09-04 15:49:08 Binary: /bin/groups
2026-09-04 15:49:08 Binary: /bin/grub-editenv
2026-09-04 15:49:08 Binary: /bin/grub-file
2026-09-04 15:49:08 Binary: /bin/grub-fstest
2026-09-04 15:49:08 Binary: /bin/grub-glue-efi
2026-09-04 15:49:08 Binary: /bin/grub-kbdcomp
2026-09-04 15:49:08 Binary: /bin/grub-menulst2cfg
2026-09-04 15:49:08 Binary: /bin/grub-mkfont
2026-09-04 15:49:09 Binary: /bin/grub-mkimage
2026-09-04 15:49:09 Binary: /bin/grub-mklayout
2026-09-04 15:49:09 Binary: /bin/grub-mknetdir
2026-09-04 15:49:09 Binary: /bin/grub-mkpasswd-pbkdf2
2026-09-04 15:49:09 Binary: /bin/grub-mkrelpath
2026-09-04 15:49:09 Binary: /bin/grub-mkrescue
2026-09-04 15:49:09 Binary: /bin/grub-mkstandalone
2026-09-04 15:49:09 Binary: /bin/grub-mount
2026-09-04 15:49:09 Binary: /bin/grub-ntldr-img
2026-09-04 15:49:09 Binary: /bin/grub-render-label
2026-09-04 15:49:09 Binary: /bin/grub-script-check
2026-09-04 15:49:10 Binary: /bin/grub-syslinux2cfg
2026-09-04 15:49:10 Binary: /bin/gtbl
2026-09-04 15:49:10 Binary: /bin/gunzip
2026-09-04 15:49:10 Binary: /bin/gzexe
2026-09-04 15:49:10 Binary: /bin/gzip
2026-09-04 15:49:10 Binary: /bin/h2ph
2026-09-04 15:49:10 Binary: /bin/h2xs
2026-09-04 15:49:10 Binary: /bin/hardlink
2026-09-04 15:49:10 Binary: /bin/hciattach
2026-09-04 15:49:10 Binary: /bin/hciconfig
2026-09-04 15:49:10 Binary: /bin/hcitool
2026-09-04 15:49:10 Binary: /bin/hd
2026-09-04 15:49:10 Binary: /bin/head
2026-09-04 15:49:10 Binary: /bin/helpztags
2026-09-04 15:49:11 Binary: /bin/hex2hcd
2026-09-04 15:49:11 Binary: /bin/hexdump
2026-09-04 15:49:11 Binary: /bin/host
2026-09-04 15:49:11 Binary: /bin/hostid
2026-09-04 15:49:11 Binary: /bin/hostname
2026-09-04 15:49:11 Binary: /bin/hostnamectl
2026-09-04 15:49:11 Binary: /bin/httpx
2026-09-04 15:49:11 Binary: /bin/i386
2026-09-04 15:49:11 Binary: /bin/icombine
2026-09-04 15:49:11 Binary: /bin/iconv
2026-09-04 15:49:11 Binary: /bin/id
2026-09-04 15:49:11 Binary: /bin/ijoin
2026-09-04 15:49:12 Binary: /bin/inetutils-telnet
2026-09-04 15:49:12 Binary: /bin/infocmp
2026-09-04 15:49:12 Binary: /bin/infotocap
2026-09-04 15:49:12 Binary: /bin/install
2026-09-04 15:49:12 Binary: /bin/install-menu
2026-09-04 15:49:12 Binary: /bin/instmodsh
2026-09-04 15:49:12 Binary: /bin/ionice
2026-09-04 15:49:12 Binary: /bin/ip
2026-09-04 15:49:12 Binary: /bin/ipcmk
2026-09-04 15:49:12 Binary: /bin/ipcrm
2026-09-04 15:49:12 Binary: /bin/ipcs
2026-09-04 15:49:12 Binary: /bin/ischroot
2026-09-04 15:49:12 Binary: /bin/ispell
2026-09-04 15:49:13 Binary: /bin/ispell-wrapper
2026-09-04 15:49:13 Binary: /bin/join
2026-09-04 15:49:13 Binary: /bin/journalctl
2026-09-04 15:49:13 Binary: /bin/json_pp
2026-09-04 15:49:13 Binary: /bin/kbd_mode
2026-09-04 15:49:13 Binary: /bin/kbdinfo
2026-09-04 15:49:13 Binary: /bin/kbxutil
2026-09-04 15:49:13 Binary: /bin/kernel-install
2026-09-04 15:49:13 Binary: /bin/keyctl
2026-09-04 15:49:13 Binary: /bin/kill
2026-09-04 15:49:13 Binary: /bin/kmod
2026-09-04 15:49:13 Binary: /bin/l2ping
2026-09-04 15:49:14 Binary: /bin/l2test
2026-09-04 15:49:14 Binary: /bin/laptop-detect
2026-09-04 15:49:14 Binary: /bin/last
2026-09-04 15:49:14 Binary: /bin/lastb
2026-09-04 15:49:14 Binary: /bin/lastlog
2026-09-04 15:49:14 Binary: /bin/lcf
2026-09-04 15:49:14 Binary: /bin/ld
2026-09-04 15:49:14 Binary: /bin/ld.bfd
2026-09-04 15:49:14 Binary: /bin/ld.gold
2026-09-04 15:49:14 Binary: /bin/ld.so
2026-09-04 15:49:14 Binary: /bin/ldd
2026-09-04 15:49:15 Binary: /bin/less
2026-09-04 15:49:15 Binary: /bin/lessecho
2026-09-04 15:49:15 Binary: /bin/lessfile
2026-09-04 15:49:15 Binary: /bin/lesskey
2026-09-04 15:49:15 Binary: /bin/lesspipe
2026-09-04 15:49:15 Binary: /bin/lexgrog
2026-09-04 15:49:15 Binary: /bin/lft
2026-09-04 15:49:15 Binary: /bin/lft.db
2026-09-04 15:49:15 Binary: /bin/libnetcfg
2026-09-04 15:49:15 Binary: /bin/link
2026-09-04 15:49:15 Binary: /bin/linux-boot-prober
2026-09-04 15:49:16 Binary: /bin/linux-check-removal
2026-09-04 15:49:16 Binary: /bin/linux-update-symlinks
2026-09-04 15:49:16 Binary: /bin/linux-version
2026-09-04 15:49:16 Binary: /bin/linux32
2026-09-04 15:49:16 Binary: /bin/linux64
2026-09-04 15:49:16 Binary: /bin/ln
2026-09-04 15:49:16 Binary: /bin/lnstat
2026-09-04 15:49:16 Binary: /bin/loadkeys
2026-09-04 15:49:16 Binary: /bin/loadunimap
2026-09-04 15:49:16 Binary: /bin/locale
2026-09-04 15:49:16 Binary: /bin/localectl
2026-09-04 15:49:16 Binary: /bin/localedef
2026-09-04 15:49:16 Binary: /bin/logger
2026-09-04 15:49:16 Binary: /bin/login
2026-09-04 15:49:17 Binary: /bin/loginctl
2026-09-04 15:49:17 Binary: /bin/logname
2026-09-04 15:49:17 Binary: /bin/look
2026-09-04 15:49:17 Binary: /bin/ls
2026-09-04 15:49:17 Binary: /bin/lsattr
2026-09-04 15:49:17 Binary: /bin/lsb_release
2026-09-04 15:49:17 Binary: /bin/lsblk
2026-09-04 15:49:17 Binary: /bin/lscpu
2026-09-04 15:49:17 Binary: /bin/lsfd
2026-09-04 15:49:17 Binary: /bin/lsinitramfs
2026-09-04 15:49:17 Binary: /bin/lsipc
2026-09-04 15:49:17 Binary: /bin/lsirq
2026-09-04 15:49:17 Binary: /bin/lslocks
2026-09-04 15:49:18 Binary: /bin/lslogins
2026-09-04 15:49:18 Binary: /bin/lsmem
2026-09-04 15:49:18 Binary: /bin/lsmod
2026-09-04 15:49:18 Binary: /bin/lsns
2026-09-04 15:49:18 Binary: /bin/lsof
2026-09-04 15:49:18 Binary: /bin/lspci
2026-09-04 15:49:18 Binary: /bin/lspgpot
2026-09-04 15:49:18 Binary: /bin/lto-dump
2026-09-04 15:49:18 Binary: /bin/lto-dump-12
2026-09-04 15:49:18 Binary: /bin/lzcat
2026-09-04 15:49:19 Binary: /bin/lzcmp
2026-09-04 15:49:19 Binary: /bin/lzdiff
2026-09-04 15:49:19 Binary: /bin/lzegrep
2026-09-04 15:49:19 Binary: /bin/lzfgrep
2026-09-04 15:49:19 Binary: /bin/lzgrep
2026-09-04 15:49:19 Binary: /bin/lzless
2026-09-04 15:49:19 Binary: /bin/lzma
2026-09-04 15:49:19 Binary: /bin/lzmainfo
2026-09-04 15:49:19 Binary: /bin/lzmore
2026-09-04 15:49:19 Binary: /bin/make
2026-09-04 15:49:20 Binary: /bin/make-first-existing-target
2026-09-04 15:49:20 Binary: /bin/man
2026-09-04 15:49:20 Binary: /bin/man-recode
2026-09-04 15:49:20 Binary: /bin/mandb
2026-09-04 15:49:20 Binary: /bin/manpath
2026-09-04 15:49:20 Binary: /bin/mapscrn
2026-09-04 15:49:20 Binary: /bin/markdown-it
2026-09-04 15:49:20 Binary: /bin/markdown_py
2026-09-04 15:49:20 Binary: /bin/mawk
2026-09-04 15:49:20 Binary: /bin/mcookie
2026-09-04 15:49:20 Binary: /bin/md5sum
2026-09-04 15:49:20 Binary: /bin/md5sum.textutils
2026-09-04 15:49:20 Binary: /bin/mdig
2026-09-04 15:49:21 Binary: /bin/mdsearch
2026-09-04 15:49:21 Binary: /bin/memusage
2026-09-04 15:49:21 Binary: /bin/memusagestat
2026-09-04 15:49:21 Binary: /bin/mesg
2026-09-04 15:49:21 Binary: /bin/migrate-pubring-from-classic-gpg
2026-09-04 15:49:21 Binary: /bin/mk_modmap
2026-09-04 15:49:21 Binary: /bin/mkdir
2026-09-04 15:49:21 Binary: /bin/mkfifo
2026-09-04 15:49:21 Binary: /bin/mknod
2026-09-04 15:49:21 Binary: /bin/mktemp
2026-09-04 15:49:21 Binary: /bin/more
2026-09-04 15:49:21 Binary: /bin/mount
2026-09-04 15:49:21   Fount known binary: mount (File system tool) - /bin/mount
2026-09-04 15:49:21 Binary: /bin/mountpoint
2026-09-04 15:49:21 Binary: /bin/mpris-proxy
2026-09-04 15:49:22 Binary: /bin/mt
2026-09-04 15:49:22 Binary: /bin/mt-gnu
2026-09-04 15:49:22 Binary: /bin/mtrace
2026-09-04 15:49:22 Binary: /bin/munchlist
2026-09-04 15:49:22 Binary: /bin/mv
2026-09-04 15:49:22 Binary: /bin/mvxattr
2026-09-04 15:49:22 Binary: /bin/namei
2026-09-04 15:49:22 Binary: /bin/nano
2026-09-04 15:49:22 Binary: /bin/nawk
2026-09-04 15:49:22 Binary: /bin/nc
2026-09-04 15:49:22 Binary: /bin/nc.traditional
2026-09-04 15:49:23 Binary: /bin/neqn
2026-09-04 15:49:23 Binary: /bin/net
2026-09-04 15:49:23 Binary: /bin/netcat
2026-09-04 15:49:23 Binary: /bin/networkctl
2026-09-04 15:49:23 Binary: /bin/newgrp
2026-09-04 15:49:23 Binary: /bin/ngettext
2026-09-04 15:49:23 Binary: /bin/nice
2026-09-04 15:49:23 Binary: /bin/nisdomainname
2026-09-04 15:49:23 Binary: /bin/nl
2026-09-04 15:49:23 Binary: /bin/nm
2026-09-04 15:49:23 Binary: /bin/nmap
2026-09-04 15:49:24 Binary: /bin/nmblookup
2026-09-04 15:49:24 Binary: /bin/nohup
2026-09-04 15:49:24 Binary: /bin/normalizer
2026-09-04 15:49:24 Binary: /bin/nping
2026-09-04 15:49:24 Binary: /bin/nproc
2026-09-04 15:49:24 Binary: /bin/nroff
2026-09-04 15:49:24 Binary: /bin/nsenter
2026-09-04 15:49:24 Binary: /bin/nslookup
2026-09-04 15:49:24 Binary: /bin/nstat
2026-09-04 15:49:24 Binary: /bin/nsupdate
2026-09-04 15:49:24 Binary: /bin/numfmt
2026-09-04 15:49:25 Binary: /bin/oLschema2ldif
2026-09-04 15:49:25 Binary: /bin/obexctl
2026-09-04 15:49:25 Binary: /bin/objcopy
2026-09-04 15:49:25 Binary: /bin/objdump
2026-09-04 15:49:25 Binary: /bin/od
2026-09-04 15:49:25 Binary: /bin/open
2026-09-04 15:49:25 Binary: /bin/openssl
2026-09-04 15:49:25 Binary: /bin/openvt
2026-09-04 15:49:25 Binary: /bin/os-prober
2026-09-04 15:49:25 Binary: /bin/pager
2026-09-04 15:49:25 Binary: /bin/partx
2026-09-04 15:49:25 Binary: /bin/passwd
2026-09-04 15:49:26 Binary: /bin/paste
2026-09-04 15:49:26 Binary: /bin/patch
2026-09-04 15:49:26 Binary: /bin/pathchk
2026-09-04 15:49:26 Binary: /bin/pdb3
2026-09-04 15:49:26 Binary: /bin/pdb3.11
2026-09-04 15:49:26 Binary: /bin/pdbedit
2026-09-04 15:49:26 Binary: /bin/perl
2026-09-04 15:49:26 Binary: /bin/perl5.36-x86_64-linux-gnu
2026-09-04 15:49:26 Binary: /bin/perl5.36.0
2026-09-04 15:49:26 Binary: /bin/perlbug
2026-09-04 15:49:26 Binary: /bin/perldoc
2026-09-04 15:49:26 Binary: /bin/perlivp
2026-09-04 15:49:26 Binary: /bin/perlthanks
2026-09-04 15:49:27 Binary: /bin/pgrep
2026-09-04 15:49:27 Binary: /bin/pic
2026-09-04 15:49:27 Binary: /bin/pico
2026-09-04 15:49:27 Binary: /bin/piconv
2026-09-04 15:49:27 Binary: /bin/pidof
2026-09-04 15:49:27 Binary: /bin/pidwait
2026-09-04 15:49:27 Binary: /bin/pinentry
2026-09-04 15:49:27 Binary: /bin/pinentry-curses
2026-09-04 15:49:27 Binary: /bin/ping
2026-09-04 15:49:27 Binary: /bin/ping4
2026-09-04 15:49:27 Binary: /bin/ping6
2026-09-04 15:49:27 Binary: /bin/pinky
2026-09-04 15:49:27 Binary: /bin/pkill
2026-09-04 15:49:27 Binary: /bin/pl2pm
2026-09-04 15:49:28 Binary: /bin/pldd
2026-09-04 15:49:28 Binary: /bin/pmap
2026-09-04 15:49:28 Binary: /bin/pod2html
2026-09-04 15:49:28 Binary: /bin/pod2man
2026-09-04 15:49:28 Binary: /bin/pod2text
2026-09-04 15:49:28 Binary: /bin/pod2usage
2026-09-04 15:49:28 Binary: /bin/podchecker
2026-09-04 15:49:28 Binary: /bin/pr
2026-09-04 15:49:28 Binary: /bin/preconv
2026-09-04 15:49:28 Binary: /bin/print
2026-09-04 15:49:28 Binary: /bin/printenv
2026-09-04 15:49:28 Binary: /bin/printf
2026-09-04 15:49:29 Binary: /bin/prlimit
2026-09-04 15:49:29 Binary: /bin/profiles
2026-09-04 15:49:29 Binary: /bin/prove
2026-09-04 15:49:29 Binary: /bin/ps
2026-09-04 15:49:29 Binary: /bin/psfaddtable
2026-09-04 15:49:29 Binary: /bin/psfgettable
2026-09-04 15:49:29 Binary: /bin/psfstriptable
2026-09-04 15:49:29 Binary: /bin/psfxtable
2026-09-04 15:49:29 Binary: /bin/ptar
2026-09-04 15:49:29 Binary: /bin/ptardiff
2026-09-04 15:49:30 Binary: /bin/ptargrep
2026-09-04 15:49:30 Binary: /bin/ptx
2026-09-04 15:49:30 Binary: /bin/pwd
2026-09-04 15:49:30 Binary: /bin/pwdx
2026-09-04 15:49:30 Binary: /bin/py3clean
2026-09-04 15:49:30 Binary: /bin/py3compile
2026-09-04 15:49:30 Binary: /bin/py3versions
2026-09-04 15:49:30 Binary: /bin/pydoc3
2026-09-04 15:49:30 Binary: /bin/pydoc3.11
2026-09-04 15:49:30 Binary: /bin/pygettext3
2026-09-04 15:49:30 Binary: /bin/pygettext3.11
2026-09-04 15:49:30 Binary: /bin/pygmentize
2026-09-04 15:49:30 Binary: /bin/python3
2026-09-04 15:49:30 Binary: /bin/python3.11
2026-09-04 15:49:31 Binary: /bin/pzstd
2026-09-04 15:49:31 Binary: /bin/querybts
2026-09-04 15:49:31 Binary: /bin/ranlib
2026-09-04 15:49:31 Binary: /bin/rbash
2026-09-04 15:49:31 Binary: /bin/rctest
2026-09-04 15:49:31 Binary: /bin/rdma
2026-09-04 15:49:31 Binary: /bin/readelf
2026-09-04 15:49:31 Binary: /bin/readlink
2026-09-04 15:49:31 Binary: /bin/realpath
2026-09-04 15:49:31 Binary: /bin/rename.ul
2026-09-04 15:49:31 Binary: /bin/renice
2026-09-04 15:49:31 Binary: /bin/report-hw
2026-09-04 15:49:31 Binary: /bin/reportbug
2026-09-04 15:49:32 Binary: /bin/reset
2026-09-04 15:49:32 Binary: /bin/resizecons
2026-09-04 15:49:32 Binary: /bin/resizepart
2026-09-04 15:49:32 Binary: /bin/rev
2026-09-04 15:49:32 Binary: /bin/rfcomm
2026-09-04 15:49:32 Binary: /bin/rgrep
2026-09-04 15:49:32 Binary: /bin/rm
2026-09-04 15:49:32 Binary: /bin/rmdir
2026-09-04 15:49:32 Binary: /bin/rnano
2026-09-04 15:49:32 Binary: /bin/routel
2026-09-04 15:49:32 Binary: /bin/rpcclient
2026-09-04 15:49:32 Binary: /bin/rpcgen
2026-09-04 15:49:33 Binary: /bin/rtstat
2026-09-04 15:49:33 Binary: /bin/run-mailcap
2026-09-04 15:49:33 Binary: /bin/run-parts
2026-09-04 15:49:33 Binary: /bin/runcon
2026-09-04 15:49:33 Binary: /bin/rview
2026-09-04 15:49:33 Binary: /bin/samba-regedit
2026-09-04 15:49:33 Binary: /bin/samba-tool
2026-09-04 15:49:33 Binary: /bin/savelog
2026-09-04 15:49:33 Binary: /bin/scp
2026-09-04 15:49:33 Binary: /bin/screendump
2026-09-04 15:49:33 Binary: /bin/script
2026-09-04 15:49:33 Binary: /bin/scriptlive
2026-09-04 15:49:33 Binary: /bin/scriptreplay
2026-09-04 15:49:33 Binary: /bin/sdiff
2026-09-04 15:49:34 Binary: /bin/sdptool
2026-09-04 15:49:34 Binary: /bin/sed
2026-09-04 15:49:34 Binary: /bin/see
2026-09-04 15:49:34 Binary: /bin/select-default-iwrap
2026-09-04 15:49:34 Binary: /bin/select-editor
2026-09-04 15:49:34 Binary: /bin/sensible-browser
2026-09-04 15:49:34 Binary: /bin/sensible-editor
2026-09-04 15:49:34 Binary: /bin/sensible-pager
2026-09-04 15:49:34 Binary: /bin/seq
2026-09-04 15:49:34 Binary: /bin/setarch
2026-09-04 15:49:34 Binary: /bin/setcifsacl
2026-09-04 15:49:34 Binary: /bin/setfacl
2026-09-04 15:49:35 Binary: /bin/setfattr
2026-09-04 15:49:35 Binary: /bin/setfont
2026-09-04 15:49:35 Binary: /bin/setkeycodes
2026-09-04 15:49:35 Binary: /bin/setleds
2026-09-04 15:49:35 Binary: /bin/setlogcons
2026-09-04 15:49:35 Binary: /bin/setmetamode
2026-09-04 15:49:35 Binary: /bin/setpci
2026-09-04 15:49:35 Binary: /bin/setpriv
2026-09-04 15:49:35 Binary: /bin/setsid
2026-09-04 15:49:35 Binary: /bin/setterm
2026-09-04 15:49:35 Binary: /bin/setupcon
2026-09-04 15:49:35 Binary: /bin/setvtrgb
2026-09-04 15:49:36 Binary: /bin/sftp
2026-09-04 15:49:36 Binary: /bin/sg
2026-09-04 15:49:36 Binary: /bin/sh
2026-09-04 15:49:36 Binary: /bin/sha1sum
2026-09-04 15:49:36 Binary: /bin/sha224sum
2026-09-04 15:49:36 Binary: /bin/sha256sum
2026-09-04 15:49:36 Binary: /bin/sha384sum
2026-09-04 15:49:36 Binary: /bin/sha512sum
2026-09-04 15:49:36 Binary: /bin/sharesec
2026-09-04 15:49:36 Binary: /bin/shasum
2026-09-04 15:49:36 Binary: /bin/showconsolefont
2026-09-04 15:49:36 Binary: /bin/showkey
2026-09-04 15:49:36 Binary: /bin/shred
2026-09-04 15:49:37 Binary: /bin/shuf
2026-09-04 15:49:37 Binary: /bin/size
2026-09-04 15:49:37 Binary: /bin/skill
2026-09-04 15:49:37 Binary: /bin/slabtop
2026-09-04 15:49:37 Binary: /bin/sleep
2026-09-04 15:49:37 Binary: /bin/slogin
2026-09-04 15:49:37 Binary: /bin/smb2-quota
2026-09-04 15:49:37 Binary: /bin/smbcacls
2026-09-04 15:49:37 Binary: /bin/smbclient
2026-09-04 15:49:37 Binary: /bin/smbcontrol
2026-09-04 15:49:37 Binary: /bin/smbcquotas
2026-09-04 15:49:37 Binary: /bin/smbget
2026-09-04 15:49:38 Binary: /bin/smbinfo
2026-09-04 15:49:38 Binary: /bin/smbpasswd
2026-09-04 15:49:38 Binary: /bin/smbspool
2026-09-04 15:49:38 Binary: /bin/smbstatus
2026-09-04 15:49:38 Binary: /bin/smbtar
2026-09-04 15:49:38 Binary: /bin/smbtree
2026-09-04 15:49:38 Binary: /bin/snice
2026-09-04 15:49:38 Binary: /bin/soelim
2026-09-04 15:49:38 Binary: /bin/sort
2026-09-04 15:49:38 Binary: /bin/sotruss
2026-09-04 15:49:38 Binary: /bin/splain
2026-09-04 15:49:38 Binary: /bin/split
2026-09-04 15:49:38 Binary: /bin/splitfont
2026-09-04 15:49:39 Binary: /bin/sprof
2026-09-04 15:49:39 Binary: /bin/ss
2026-09-04 15:49:39 Binary: /bin/ssh
2026-09-04 15:49:39 Binary: /bin/ssh-add
2026-09-04 15:49:39 Binary: /bin/ssh-agent
2026-09-04 15:49:39 Binary: /bin/ssh-argv0
2026-09-04 15:49:39 Binary: /bin/ssh-copy-id
2026-09-04 15:49:39 Binary: /bin/ssh-keygen
2026-09-04 15:49:39 Binary: /bin/ssh-keyscan
2026-09-04 15:49:39 Binary: /bin/stat
2026-09-04 15:49:39 Binary: /bin/stdbuf
2026-09-04 15:49:39 Binary: /bin/streamzip
2026-09-04 15:49:40 Binary: /bin/strings
2026-09-04 15:49:40 Binary: /bin/strip
2026-09-04 15:49:40 Binary: /bin/stty
2026-09-04 15:49:40 Binary: /bin/su
2026-09-04 15:49:40 Binary: /bin/su-to-root
2026-09-04 15:49:40 Binary: /bin/sum
2026-09-04 15:49:40 Binary: /bin/sync
2026-09-04 15:49:40 Binary: /bin/systemctl
2026-09-04 15:49:40 Binary: /bin/systemd
2026-09-04 15:49:40 Binary: /bin/systemd-analyze
2026-09-04 15:49:40 Binary: /bin/systemd-ask-password
2026-09-04 15:49:40 Binary: /bin/systemd-cat
2026-09-04 15:49:41 Binary: /bin/systemd-cgls
2026-09-04 15:49:41 Binary: /bin/systemd-cgtop
2026-09-04 15:49:41 Binary: /bin/systemd-creds
2026-09-04 15:49:41 Binary: /bin/systemd-cryptenroll
2026-09-04 15:49:41 Binary: /bin/systemd-delta
2026-09-04 15:49:41 Binary: /bin/systemd-detect-virt
2026-09-04 15:49:41 Binary: /bin/systemd-escape
2026-09-04 15:49:41 Binary: /bin/systemd-firstboot
2026-09-04 15:49:41 Binary: /bin/systemd-hwdb
2026-09-04 15:49:41 Binary: /bin/systemd-id128
2026-09-04 15:49:41 Binary: /bin/systemd-inhibit
2026-09-04 15:49:41 Binary: /bin/systemd-machine-id-setup
2026-09-04 15:49:42 Binary: /bin/systemd-mount
2026-09-04 15:49:42 Binary: /bin/systemd-notify
2026-09-04 15:49:42 Binary: /bin/systemd-path
2026-09-04 15:49:42 Binary: /bin/systemd-repart
2026-09-04 15:49:42 Binary: /bin/systemd-run
2026-09-04 15:49:42 Binary: /bin/systemd-socket-activate
2026-09-04 15:49:42 Binary: /bin/systemd-stdio-bridge
2026-09-04 15:49:42 Binary: /bin/systemd-sysext
2026-09-04 15:49:42 Binary: /bin/systemd-sysusers
2026-09-04 15:49:42 Binary: /bin/systemd-tmpfiles
2026-09-04 15:49:42 Binary: /bin/systemd-tty-ask-password-agent
2026-09-04 15:49:42 Binary: /bin/systemd-umount
2026-09-04 15:49:43 Binary: /bin/tabs
2026-09-04 15:49:43 Binary: /bin/tac
2026-09-04 15:49:43 Binary: /bin/tail
2026-09-04 15:49:43 Binary: /bin/tar
2026-09-04 15:49:43 Binary: /bin/tasksel
2026-09-04 15:49:43 Binary: /bin/taskset
2026-09-04 15:49:43 Binary: /bin/tbl
2026-09-04 15:49:43 Binary: /bin/tdbbackup
2026-09-04 15:49:43 Binary: /bin/tdbbackup.tdbtools
2026-09-04 15:49:43 Binary: /bin/tdbdump
2026-09-04 15:49:43 Binary: /bin/tdbrestore
2026-09-04 15:49:44 Binary: /bin/tdbtool
2026-09-04 15:49:44 Binary: /bin/tee
2026-09-04 15:49:44 Binary: /bin/telnet
2026-09-04 15:49:44 Binary: /bin/tempfile
2026-09-04 15:49:44 Binary: /bin/test
2026-09-04 15:49:44 Binary: /bin/testparm
2026-09-04 15:49:44 Binary: /bin/tic
2026-09-04 15:49:44 Binary: /bin/timedatectl
2026-09-04 15:49:44 Binary: /bin/timeout
2026-09-04 15:49:44 Binary: /bin/tload
2026-09-04 15:49:44 Binary: /bin/toe
2026-09-04 15:49:44 Binary: /bin/top
2026-09-04 15:49:44 Binary: /bin/touch
2026-09-04 15:49:45 Binary: /bin/tput
2026-09-04 15:49:45 Binary: /bin/tr
2026-09-04 15:49:45 Binary: /bin/traceproto
2026-09-04 15:49:45 Binary: /bin/traceproto.db
2026-09-04 15:49:45 Binary: /bin/traceroute
2026-09-04 15:49:45 Binary: /bin/traceroute-nanog
2026-09-04 15:49:45 Binary: /bin/traceroute.db
2026-09-04 15:49:45 Binary: /bin/traceroute6
2026-09-04 15:49:45 Binary: /bin/traceroute6.db
2026-09-04 15:49:45 Binary: /bin/troff
2026-09-04 15:49:45 Binary: /bin/true
2026-09-04 15:49:45 Binary: /bin/truncate
2026-09-04 15:49:45 Binary: /bin/tryaffix
2026-09-04 15:49:46 Binary: /bin/tset
2026-09-04 15:49:46 Binary: /bin/tsort
2026-09-04 15:49:46 Binary: /bin/tty
2026-09-04 15:49:46 Binary: /bin/tzselect
2026-09-04 15:49:46 Binary: /bin/ucf
2026-09-04 15:49:46 Binary: /bin/ucfq
2026-09-04 15:49:46 Binary: /bin/ucfr
2026-09-04 15:49:46 Binary: /bin/uclampset
2026-09-04 15:49:46 Binary: /bin/udevadm
2026-09-04 15:49:46 Binary: /bin/ul
2026-09-04 15:49:46 Binary: /bin/umount
2026-09-04 15:49:46 Binary: /bin/uname
2026-09-04 15:49:46 Binary: /bin/uncompress
2026-09-04 15:49:46 Binary: /bin/unexpand
2026-09-04 15:49:47 Binary: /bin/unicode_start
2026-09-04 15:49:47 Binary: /bin/unicode_stop
2026-09-04 15:49:47 Binary: /bin/uniq
2026-09-04 15:49:47 Binary: /bin/unlink
2026-09-04 15:49:47 Binary: /bin/unlzma
2026-09-04 15:49:47 Binary: /bin/unmkinitramfs
2026-09-04 15:49:47 Binary: /bin/unshare
2026-09-04 15:49:47 Binary: /bin/unxz
2026-09-04 15:49:47 Binary: /bin/unzstd
2026-09-04 15:49:47 Binary: /bin/update-alternatives
2026-09-04 15:49:47 Binary: /bin/update-menus
2026-09-04 15:49:47 Binary: /bin/update-mime-database
2026-09-04 15:49:47 Binary: /bin/uptime
2026-09-04 15:49:48 Binary: /bin/users
2026-09-04 15:49:48 Binary: /bin/utmpdump
2026-09-04 15:49:48 Binary: /bin/vboxwl
2026-09-04 15:49:48 Binary: /bin/vdir
2026-09-04 15:49:48 Binary: /bin/vi
2026-09-04 15:49:48 Binary: /bin/view
2026-09-04 15:49:48 Binary: /bin/vim.tiny
2026-09-04 15:49:48 Binary: /bin/vmstat
2026-09-04 15:49:48 Binary: /bin/w
2026-09-04 15:49:48 Binary: /bin/wall
2026-09-04 15:49:48 Binary: /bin/watch
2026-09-04 15:49:48 Binary: /bin/watchgnupg
2026-09-04 15:49:49 Binary: /bin/wc
2026-09-04 15:49:49 Binary: /bin/wdctl
2026-09-04 15:49:49 Binary: /bin/wget
2026-09-04 15:49:49 Binary: /bin/whatis
2026-09-04 15:49:49 Binary: /bin/whereis
2026-09-04 15:49:49 Binary: /bin/which
2026-09-04 15:49:49 Binary: /bin/which.debianutils
2026-09-04 15:49:49 Binary: /bin/whiptail
2026-09-04 15:49:49 Binary: /bin/who
2026-09-04 15:49:49 Binary: /bin/whoami
2026-09-04 15:49:49 Binary: /bin/wpa_passphrase
2026-09-04 15:49:49 Binary: /bin/write
2026-09-04 15:49:50 Binary: /bin/x86_64
2026-09-04 15:49:50 Binary: /bin/x86_64-linux-gnu-addr2line
2026-09-04 15:49:50 Binary: /bin/x86_64-linux-gnu-ar
2026-09-04 15:49:50 Binary: /bin/x86_64-linux-gnu-as
2026-09-04 15:49:50 Binary: /bin/x86_64-linux-gnu-c++filt
2026-09-04 15:49:50 Binary: /bin/x86_64-linux-gnu-cpp
2026-09-04 15:49:50 Binary: /bin/x86_64-linux-gnu-cpp-12
2026-09-04 15:49:50 Binary: /bin/x86_64-linux-gnu-dwp
2026-09-04 15:49:50 Binary: /bin/x86_64-linux-gnu-elfedit
2026-09-04 15:49:50 Binary: /bin/x86_64-linux-gnu-g++
2026-09-04 15:49:50 Binary: /bin/x86_64-linux-gnu-g++-12
2026-09-04 15:49:50 Binary: /bin/x86_64-linux-gnu-gcc
2026-09-04 15:49:50 Binary: /bin/x86_64-linux-gnu-gcc-12
2026-09-04 15:49:51 Binary: /bin/x86_64-linux-gnu-gcc-ar
2026-09-04 15:49:51 Binary: /bin/x86_64-linux-gnu-gcc-ar-12
2026-09-04 15:49:51 Binary: /bin/x86_64-linux-gnu-gcc-nm
2026-09-04 15:49:51 Binary: /bin/x86_64-linux-gnu-gcc-nm-12
2026-09-04 15:49:51 Binary: /bin/x86_64-linux-gnu-gcc-ranlib
2026-09-04 15:49:51 Binary: /bin/x86_64-linux-gnu-gcc-ranlib-12
2026-09-04 15:49:51 Binary: /bin/x86_64-linux-gnu-gcov
2026-09-04 15:49:51 Binary: /bin/x86_64-linux-gnu-gcov-12
2026-09-04 15:49:51 Binary: /bin/x86_64-linux-gnu-gcov-dump
2026-09-04 15:49:51 Binary: /bin/x86_64-linux-gnu-gcov-dump-12
2026-09-04 15:49:51 Binary: /bin/x86_64-linux-gnu-gcov-tool
2026-09-04 15:49:51 Binary: /bin/x86_64-linux-gnu-gcov-tool-12
2026-09-04 15:49:51 Binary: /bin/x86_64-linux-gnu-gold
2026-09-04 15:49:52 Binary: /bin/x86_64-linux-gnu-gp-archive
2026-09-04 15:49:52 Binary: /bin/x86_64-linux-gnu-gp-collect-app
2026-09-04 15:49:52 Binary: /bin/x86_64-linux-gnu-gp-display-html
2026-09-04 15:49:52 Binary: /bin/x86_64-linux-gnu-gp-display-src
2026-09-04 15:49:52 Binary: /bin/x86_64-linux-gnu-gp-display-text
2026-09-04 15:49:52 Binary: /bin/x86_64-linux-gnu-gprof
2026-09-04 15:49:52 Binary: /bin/x86_64-linux-gnu-gprofng
2026-09-04 15:49:52 Binary: /bin/x86_64-linux-gnu-ld
2026-09-04 15:49:52 Binary: /bin/x86_64-linux-gnu-ld.bfd
2026-09-04 15:49:52 Binary: /bin/x86_64-linux-gnu-ld.gold
2026-09-04 15:49:52 Binary: /bin/x86_64-linux-gnu-lto-dump
2026-09-04 15:49:52 Binary: /bin/x86_64-linux-gnu-lto-dump-12
2026-09-04 15:49:52 Binary: /bin/x86_64-linux-gnu-nm
2026-09-04 15:49:52 Binary: /bin/x86_64-linux-gnu-objcopy
2026-09-04 15:49:53 Binary: /bin/x86_64-linux-gnu-objdump
2026-09-04 15:49:53 Binary: /bin/x86_64-linux-gnu-ranlib
2026-09-04 15:49:53 Binary: /bin/x86_64-linux-gnu-readelf
2026-09-04 15:49:53 Binary: /bin/x86_64-linux-gnu-size
2026-09-04 15:49:53 Binary: /bin/x86_64-linux-gnu-strings
2026-09-04 15:49:53 Binary: /bin/x86_64-linux-gnu-strip
2026-09-04 15:49:53 Binary: /bin/xargs
2026-09-04 15:49:53 Binary: /bin/xauth
2026-09-04 15:49:53 Binary: /bin/xdg-user-dir
2026-09-04 15:49:53 Binary: /bin/xdg-user-dirs-update
2026-09-04 15:49:53 Binary: /bin/xsubpp
2026-09-04 15:49:53 Binary: /bin/xz
2026-09-04 15:49:53 Binary: /bin/xzcat
2026-09-04 15:49:53 Binary: /bin/xzcmp
2026-09-04 15:49:54 Binary: /bin/xzdiff
2026-09-04 15:49:54 Binary: /bin/xzegrep
2026-09-04 15:49:54 Binary: /bin/xzfgrep
2026-09-04 15:49:54 Binary: /bin/xzgrep
2026-09-04 15:49:54 Binary: /bin/xzless
2026-09-04 15:49:54 Binary: /bin/xzmore
2026-09-04 15:49:54 Binary: /bin/yes
2026-09-04 15:49:54 Binary: /bin/ypdomainname
2026-09-04 15:49:54 Binary: /bin/zcat
2026-09-04 15:49:54 Binary: /bin/zcmp
2026-09-04 15:49:54 Binary: /bin/zdiff
2026-09-04 15:49:54 Binary: /bin/zdump
2026-09-04 15:49:54 Binary: /bin/zegrep
2026-09-04 15:49:54 Binary: /bin/zfgrep
2026-09-04 15:49:54 Binary: /bin/zforce
2026-09-04 15:49:55 Binary: /bin/zgrep
2026-09-04 15:49:55 Binary: /bin/zipdetails
2026-09-04 15:49:55 Binary: /bin/zless
2026-09-04 15:49:55 Binary: /bin/zmore
2026-09-04 15:49:55 Binary: /bin/znew
2026-09-04 15:49:55 Binary: /bin/zstd
2026-09-04 15:49:55 Binary: /bin/zstdcat
2026-09-04 15:49:55 Binary: /bin/zstdgrep
2026-09-04 15:49:55 Binary: /bin/zstdless
2026-09-04 15:49:55 Binary: /bin/zstdmt
2026-09-04 15:49:55 ====
2026-09-04 15:49:55 Test: Checking binaries in directory /sbin
2026-09-04 15:49:55 Directory /sbin exists. Starting directory scanning...
2026-09-04 15:49:56 Binary: /sbin/VBoxService
2026-09-04 15:49:56 Binary: /sbin/aa-remove-unknown
2026-09-04 15:49:56 Binary: /sbin/aa-status
2026-09-04 15:49:56 Binary: /sbin/aa-teardown
2026-09-04 15:49:56 Binary: /sbin/accessdb
2026-09-04 15:49:56 Binary: /sbin/add-shell
2026-09-04 15:49:56 Binary: /sbin/addgnupghome
2026-09-04 15:49:56 Binary: /sbin/addgroup
2026-09-04 15:49:56 Binary: /sbin/adduser
2026-09-04 15:49:56 Binary: /sbin/agetty
2026-09-04 15:49:56 Binary: /sbin/anacron
2026-09-04 15:49:56 Binary: /sbin/apparmor_parser
2026-09-04 15:49:56 Binary: /sbin/apparmor_status
2026-09-04 15:49:56 Binary: /sbin/applygnupgdefaults
2026-09-04 15:49:57 Binary: /sbin/arpd
2026-09-04 15:49:57 Binary: /sbin/aspell-autobuildhash
2026-09-04 15:49:57 Binary: /sbin/avahi-autoipd
2026-09-04 15:49:57 Binary: /sbin/badblocks
2026-09-04 15:49:57 Binary: /sbin/biosdecode
2026-09-04 15:49:57 Binary: /sbin/blkdeactivate
2026-09-04 15:49:57 Binary: /sbin/blkdiscard
2026-09-04 15:49:57 Binary: /sbin/blkid
2026-09-04 15:49:57 Binary: /sbin/blkzone
2026-09-04 15:49:57 Binary: /sbin/blockdev
2026-09-04 15:49:57 Binary: /sbin/bluetoothd
2026-09-04 15:49:57 Binary: /sbin/bridge
2026-09-04 15:49:57 Binary: /sbin/capsh
2026-09-04 15:49:58 Binary: /sbin/cfdisk
2026-09-04 15:49:58 Binary: /sbin/chcpu
2026-09-04 15:49:58 Binary: /sbin/chgpasswd
2026-09-04 15:49:58 Binary: /sbin/chmem
2026-09-04 15:49:58 Binary: /sbin/chpasswd
2026-09-04 15:49:58 Binary: /sbin/chroot
2026-09-04 15:49:58 Binary: /sbin/cifs.idmap
2026-09-04 15:49:58 Binary: /sbin/cifs.upcall
2026-09-04 15:49:58 Binary: /sbin/cpgr
2026-09-04 15:49:58 Binary: /sbin/cppw
2026-09-04 15:49:58 Binary: /sbin/cron
2026-09-04 15:49:58 Binary: /sbin/ctrlaltdel
2026-09-04 15:49:59 Binary: /sbin/dcb
2026-09-04 15:49:59 Binary: /sbin/debugfs
2026-09-04 15:49:59 Binary: /sbin/delgroup
2026-09-04 15:49:59 Binary: /sbin/deluser
2026-09-04 15:49:59 Binary: /sbin/depmod
2026-09-04 15:49:59 Binary: /sbin/devlink
2026-09-04 15:49:59 Binary: /sbin/dhclient
2026-09-04 15:49:59 Binary: /sbin/dhclient-script
2026-09-04 15:49:59 Binary: /sbin/discover
2026-09-04 15:49:59 Binary: /sbin/discover-modprobe
2026-09-04 15:49:59 Binary: /sbin/discover-pkginstall
2026-09-04 15:49:59 Binary: /sbin/dmidecode
2026-09-04 15:49:59 Binary: /sbin/dmsetup
2026-09-04 15:49:59 Binary: /sbin/dmstats
2026-09-04 15:50:00 Binary: /sbin/dpkg-fsys-usrunmess
2026-09-04 15:50:00 Binary: /sbin/dpkg-preconfigure
2026-09-04 15:50:00 Binary: /sbin/dpkg-reconfigure
2026-09-04 15:50:00 Binary: /sbin/dumpe2fs
2026-09-04 15:50:00 Binary: /sbin/e2freefrag
2026-09-04 15:50:00 Binary: /sbin/e2fsck
2026-09-04 15:50:00 Binary: /sbin/e2image
2026-09-04 15:50:00 Binary: /sbin/e2label
2026-09-04 15:50:00 Binary: /sbin/e2mmpstatus
2026-09-04 15:50:00 Binary: /sbin/e2scrub
2026-09-04 15:50:00 Binary: /sbin/e2scrub_all
2026-09-04 15:50:00 Binary: /sbin/e2undo
2026-09-04 15:50:00 Binary: /sbin/e4crypt
2026-09-04 15:50:00 Binary: /sbin/e4defrag
2026-09-04 15:50:01 Binary: /sbin/eventlogadm
2026-09-04 15:50:01 Binary: /sbin/faillock
2026-09-04 15:50:01 Binary: /sbin/fdisk
2026-09-04 15:50:01 Binary: /sbin/filefrag
2026-09-04 15:50:01 Binary: /sbin/findfs
2026-09-04 15:50:01 Binary: /sbin/fsck
2026-09-04 15:50:01 Binary: /sbin/fsck.cramfs
2026-09-04 15:50:01 Binary: /sbin/fsck.ext2
2026-09-04 15:50:01 Binary: /sbin/fsck.ext3
2026-09-04 15:50:01 Binary: /sbin/fsck.ext4
2026-09-04 15:50:01 Binary: /sbin/fsck.minix
2026-09-04 15:50:01 Binary: /sbin/fsfreeze
2026-09-04 15:50:01 Binary: /sbin/fstab-decode
2026-09-04 15:50:02 Binary: /sbin/fstrim
2026-09-04 15:50:02 Binary: /sbin/genl
2026-09-04 15:50:02 Binary: /sbin/getcap
2026-09-04 15:50:02 Binary: /sbin/getpcaps
2026-09-04 15:50:02 Binary: /sbin/getty
2026-09-04 15:50:02 Binary: /sbin/groupadd
2026-09-04 15:50:02 Binary: /sbin/groupdel
2026-09-04 15:50:02 Binary: /sbin/groupmems
2026-09-04 15:50:02 Binary: /sbin/groupmod
2026-09-04 15:50:02 Binary: /sbin/grpck
2026-09-04 15:50:02 Binary: /sbin/grpconv
2026-09-04 15:50:02 Binary: /sbin/grpunconv
2026-09-04 15:50:03 Binary: /sbin/grub-bios-setup
2026-09-04 15:50:03 Binary: /sbin/grub-install
2026-09-04 15:50:03 Binary: /sbin/grub-macbless
2026-09-04 15:50:03 Binary: /sbin/grub-mkconfig
2026-09-04 15:50:03 Binary: /sbin/grub-mkdevicemap
2026-09-04 15:50:03 Binary: /sbin/grub-probe
2026-09-04 15:50:03 Binary: /sbin/grub-reboot
2026-09-04 15:50:03 Binary: /sbin/grub-set-default
2026-09-04 15:50:03 Binary: /sbin/halt
2026-09-04 15:50:03 Binary: /sbin/hwclock
2026-09-04 15:50:03 Binary: /sbin/iconvconfig
2026-09-04 15:50:03 Binary: /sbin/ifdown
2026-09-04 15:50:03 Binary: /sbin/ifquery
2026-09-04 15:50:03 Binary: /sbin/ifup
2026-09-04 15:50:03 Binary: /sbin/init
2026-09-04 15:50:04 Binary: /sbin/insmod
2026-09-04 15:50:04 Binary: /sbin/install-menu
2026-09-04 15:50:04 Binary: /sbin/installkernel
2026-09-04 15:50:04 Binary: /sbin/invoke-rc.d
2026-09-04 15:50:04 Binary: /sbin/ip
2026-09-04 15:50:04 Binary: /sbin/isosize
2026-09-04 15:50:04 Binary: /sbin/ispell-autobuildhash
2026-09-04 15:50:04 Binary: /sbin/iucode-tool
2026-09-04 15:50:04 Binary: /sbin/iucode_tool
2026-09-04 15:50:04 Binary: /sbin/iw
2026-09-04 15:50:04 Binary: /sbin/iwconfig
2026-09-04 15:50:04 Binary: /sbin/iwevent
2026-09-04 15:50:05 Binary: /sbin/iwgetid
2026-09-04 15:50:05 Binary: /sbin/iwlist
2026-09-04 15:50:05 Binary: /sbin/iwpriv
2026-09-04 15:50:05 Binary: /sbin/iwspy
2026-09-04 15:50:05 Binary: /sbin/kbdrate
2026-09-04 15:50:05 Binary: /sbin/key.dns_resolver
2026-09-04 15:50:05 Binary: /sbin/killall5
2026-09-04 15:50:05 Binary: /sbin/ldattach
2026-09-04 15:50:05 Binary: /sbin/ldconfig
2026-09-04 15:50:05 Binary: /sbin/locale-gen
2026-09-04 15:50:05 Binary: /sbin/logrotate
2026-09-04 15:50:05 Binary: /sbin/logsave
2026-09-04 15:50:05 Binary: /sbin/losetup
2026-09-04 15:50:06 Binary: /sbin/lsmod
2026-09-04 15:50:06 Binary: /sbin/lynis
2026-09-04 15:50:06 Binary: /sbin/mke2fs
2026-09-04 15:50:06 Binary: /sbin/mkfs
2026-09-04 15:50:06 Binary: /sbin/mkfs.bfs
2026-09-04 15:50:06 Binary: /sbin/mkfs.cramfs
2026-09-04 15:50:06 Binary: /sbin/mkfs.ext2
2026-09-04 15:50:06 Binary: /sbin/mkfs.ext3
2026-09-04 15:50:06 Binary: /sbin/mkfs.ext4
2026-09-04 15:50:06 Binary: /sbin/mkfs.minix
2026-09-04 15:50:06 Binary: /sbin/mkhomedir_helper
2026-09-04 15:50:06 Binary: /sbin/mkinitramfs
2026-09-04 15:50:06 Binary: /sbin/mklost+found
2026-09-04 15:50:06 Binary: /sbin/mkswap
2026-09-04 15:50:06 Binary: /sbin/modinfo
2026-09-04 15:50:07 Binary: /sbin/modprobe
2026-09-04 15:50:07 Binary: /sbin/mount.cifs
2026-09-04 15:50:07 Binary: /sbin/mount.smb3
2026-09-04 15:50:07 Binary: /sbin/mount.vboxsf
2026-09-04 15:50:07 Binary: /sbin/newusers
2026-09-04 15:50:07 Binary: /sbin/nft
2026-09-04 15:50:07 Binary: /sbin/nginx
2026-09-04 15:50:07 Binary: /sbin/nmbd
2026-09-04 15:50:07 Binary: /sbin/nologin
2026-09-04 15:50:07 Binary: /sbin/ownership
2026-09-04 15:50:07 Binary: /sbin/pam-auth-update
2026-09-04 15:50:07 Binary: /sbin/pam_getenv
2026-09-04 15:50:07 Binary: /sbin/pam_namespace_helper
2026-09-04 15:50:07 Binary: /sbin/pam_timestamp_check
2026-09-04 15:50:07 Binary: /sbin/pivot_root
2026-09-04 15:50:07 Binary: /sbin/poweroff
2026-09-04 15:50:07 Binary: /sbin/powertop
2026-09-04 15:50:08 Binary: /sbin/pwck
2026-09-04 15:50:08 Binary: /sbin/pwconv
2026-09-04 15:50:08 Binary: /sbin/pwhistory_helper
2026-09-04 15:50:08 Binary: /sbin/pwunconv
2026-09-04 15:50:08 Binary: /sbin/rcvboxadd
2026-09-04 15:50:08 Binary: /sbin/rcvboxadd-service
2026-09-04 15:50:08 Binary: /sbin/readprofile
2026-09-04 15:50:08 Binary: /sbin/reboot
2026-09-04 15:50:08 Binary: /sbin/remove-default-ispell
2026-09-04 15:50:08 Binary: /sbin/remove-default-wordlist
2026-09-04 15:50:08 Binary: /sbin/remove-shell
2026-09-04 15:50:08 Binary: /sbin/request-key
2026-09-04 15:50:08 Binary: /sbin/resize2fs
2026-09-04 15:50:08 Binary: /sbin/rmmod
2026-09-04 15:50:08 Binary: /sbin/rmt
2026-09-04 15:50:08 Binary: /sbin/rmt-tar
2026-09-04 15:50:08 Binary: /sbin/rtacct
2026-09-04 15:50:08 Binary: /sbin/rtcwake
2026-09-04 15:50:09 Binary: /sbin/rtmon
2026-09-04 15:50:09 Binary: /sbin/runlevel
2026-09-04 15:50:09 Binary: /sbin/runuser
2026-09-04 15:50:09 Binary: /sbin/samba
2026-09-04 15:50:09 Binary: /sbin/samba-gpupdate
2026-09-04 15:50:09 Binary: /sbin/samba_dnsupdate
2026-09-04 15:50:09 Binary: /sbin/samba_downgrade_db
2026-09-04 15:50:09 Binary: /sbin/samba_kcc
2026-09-04 15:50:09 Binary: /sbin/samba_spnupdate
2026-09-04 15:50:09 Binary: /sbin/samba_upgradedns
2026-09-04 15:50:09 Binary: /sbin/select-default-ispell
2026-09-04 15:50:09 Binary: /sbin/select-default-wordlist
2026-09-04 15:50:09 Binary: /sbin/service
2026-09-04 15:50:09 Binary: /sbin/setcap
2026-09-04 15:50:09 Binary: /sbin/setvesablank
2026-09-04 15:50:10 Binary: /sbin/sfdisk
2026-09-04 15:50:10 Binary: /sbin/shadowconfig
2026-09-04 15:50:10 Binary: /sbin/shutdown
2026-09-04 15:50:10 Binary: /sbin/smbd
2026-09-04 15:50:10 Binary: /sbin/sshd
2026-09-04 15:50:10 Binary: /sbin/start-stop-daemon
2026-09-04 15:50:10 Binary: /sbin/su-to-root
2026-09-04 15:50:10 Binary: /sbin/sulogin
2026-09-04 15:50:10 Binary: /sbin/swaplabel
2026-09-04 15:50:10 Binary: /sbin/swapoff
2026-09-04 15:50:10 Binary: /sbin/swapon
2026-09-04 15:50:10 Binary: /sbin/switch_root
2026-09-04 15:50:10 Binary: /sbin/sysctl
2026-09-04 15:50:10 Binary: /sbin/tarcat
2026-09-04 15:50:10 Binary: /sbin/tc
2026-09-04 15:50:11 Binary: /sbin/tcptraceroute
2026-09-04 15:50:11 Binary: /sbin/tcptraceroute.db
2026-09-04 15:50:11 Binary: /sbin/telinit
2026-09-04 15:50:11 Binary: /sbin/tipc
2026-09-04 15:50:11 Binary: /sbin/traceroute
2026-09-04 15:50:11 Binary: /sbin/tune2fs
2026-09-04 15:50:11 Binary: /sbin/unix_chkpwd
2026-09-04 15:50:11 Binary: /sbin/unix_update
2026-09-04 15:50:11 Binary: /sbin/update-ca-certificates
2026-09-04 15:50:11 Binary: /sbin/update-default-aspell
2026-09-04 15:50:11 Binary: /sbin/update-default-ispell
2026-09-04 15:50:11 Binary: /sbin/update-default-wordlist
2026-09-04 15:50:11 Binary: /sbin/update-dictcommon-aspell
2026-09-04 15:50:11 Binary: /sbin/update-dictcommon-hunspell
2026-09-04 15:50:11 Binary: /sbin/update-grub
2026-09-04 15:50:12 Binary: /sbin/update-grub2
2026-09-04 15:50:12 Binary: /sbin/update-initramfs
2026-09-04 15:50:12 Binary: /sbin/update-locale
2026-09-04 15:50:12 Binary: /sbin/update-mime
2026-09-04 15:50:12 Binary: /sbin/update-passwd
2026-09-04 15:50:12 Binary: /sbin/update-pciids
2026-09-04 15:50:12 Binary: /sbin/update-rc.d
2026-09-04 15:50:12 Binary: /sbin/update-shells
2026-09-04 15:50:12 Binary: /sbin/upgrade-from-grub-legacy
2026-09-04 15:50:12 Binary: /sbin/useradd
2026-09-04 15:50:12 Binary: /sbin/userdel
2026-09-04 15:50:12 Binary: /sbin/usermod
2026-09-04 15:50:12 Binary: /sbin/validlocale
2026-09-04 15:50:12 Binary: /sbin/vbox-uninstall-guest-additions
2026-09-04 15:50:12 Binary: /sbin/vcstime
2026-09-04 15:50:13 Binary: /sbin/vdpa
2026-09-04 15:50:13 Binary: /sbin/vigr
2026-09-04 15:50:13 Binary: /sbin/vipw
2026-09-04 15:50:13 Binary: /sbin/vpddecode
2026-09-04 15:50:13 Binary: /sbin/wipefs
2026-09-04 15:50:13 Binary: /sbin/wpa_action
2026-09-04 15:50:13 Binary: /sbin/wpa_cli
2026-09-04 15:50:13 Binary: /sbin/wpa_supplicant
2026-09-04 15:50:13 Binary: /sbin/zic
2026-09-04 15:50:13 Binary: /sbin/zramctl
2026-09-04 15:50:13 ====
2026-09-04 15:50:13 Test: Checking binaries in directory /usr/bin
2026-09-04 15:50:13 Directory /usr/bin exists. Starting directory scanning...
2026-09-04 15:50:13 Binary: /usr/bin/VBoxAudioTest
2026-09-04 15:50:13 Binary: /usr/bin/VBoxClient
2026-09-04 15:50:13 Binary: /usr/bin/VBoxClient-all
2026-09-04 15:50:14 Binary: /usr/bin/VBoxControl
2026-09-04 15:50:14 Binary: /usr/bin/VBoxDRMClient
2026-09-04 15:50:14 Binary: /usr/bin/[
2026-09-04 15:50:14 Binary: /usr/bin/aa-enabled
2026-09-04 15:50:14 Binary: /usr/bin/aa-exec
2026-09-04 15:50:14 Binary: /usr/bin/aa-features-abi
2026-09-04 15:50:14 Binary: /usr/bin/addpart
2026-09-04 15:50:14 Binary: /usr/bin/addr2line
2026-09-04 15:50:14 Binary: /usr/bin/apropos
2026-09-04 15:50:14 Binary: /usr/bin/apt
2026-09-04 15:50:14 Binary: /usr/bin/apt-cache
2026-09-04 15:50:14 Binary: /usr/bin/apt-cdrom
2026-09-04 15:50:14 Binary: /usr/bin/apt-config
2026-09-04 15:50:14 Binary: /usr/bin/apt-extracttemplates
2026-09-04 15:50:14 Binary: /usr/bin/apt-ftparchive
2026-09-04 15:50:15 Binary: /usr/bin/apt-get
2026-09-04 15:50:15 Binary: /usr/bin/apt-key
2026-09-04 15:50:15 Binary: /usr/bin/apt-listchanges
2026-09-04 15:50:15   Found known binary: apt-listchanges (System tool) - /usr/bin/apt-listchanges
2026-09-04 15:50:15 Binary: /usr/bin/apt-mark
2026-09-04 15:50:15 Binary: /usr/bin/apt-sortpkgs
2026-09-04 15:50:15 Binary: /usr/bin/ar
2026-09-04 15:50:15 Binary: /usr/bin/arch
2026-09-04 15:50:15 Binary: /usr/bin/as
2026-09-04 15:50:15 Binary: /usr/bin/attr
2026-09-04 15:50:15 Binary: /usr/bin/awk
2026-09-04 15:50:15 Binary: /usr/bin/b2sum
2026-09-04 15:50:15 Binary: /usr/bin/base32
2026-09-04 15:50:15 Binary: /usr/bin/base64
2026-09-04 15:50:15 Binary: /usr/bin/basename
2026-09-04 15:50:16 Binary: /usr/bin/basenc
2026-09-04 15:50:16 Binary: /usr/bin/bash
2026-09-04 15:50:16 Binary: /usr/bin/bashbug
2026-09-04 15:50:16 Binary: /usr/bin/bluemoon
2026-09-04 15:50:16 Binary: /usr/bin/bluetoothctl
2026-09-04 15:50:16 Binary: /usr/bin/btattach
2026-09-04 15:50:16 Binary: /usr/bin/btmgmt
2026-09-04 15:50:16 Binary: /usr/bin/btmon
2026-09-04 15:50:16 Binary: /usr/bin/buildhash
2026-09-04 15:50:16 Binary: /usr/bin/bunzip2
2026-09-04 15:50:16 Binary: /usr/bin/busctl
2026-09-04 15:50:16 Binary: /usr/bin/busybox
2026-09-04 15:50:16 Binary: /usr/bin/bzcat
2026-09-04 15:50:16 Binary: /usr/bin/bzcmp
2026-09-04 15:50:17 Binary: /usr/bin/bzdiff
2026-09-04 15:50:17 Binary: /usr/bin/bzegrep
2026-09-04 15:50:17 Binary: /usr/bin/bzexe
2026-09-04 15:50:17 Binary: /usr/bin/bzfgrep
2026-09-04 15:50:17 Binary: /usr/bin/bzgrep
2026-09-04 15:50:17 Binary: /usr/bin/bzip2
2026-09-04 15:50:17 Binary: /usr/bin/bzip2recover
2026-09-04 15:50:17 Binary: /usr/bin/bzless
2026-09-04 15:50:17 Binary: /usr/bin/bzmore
2026-09-04 15:50:17 Binary: /usr/bin/c++
2026-09-04 15:50:17 Binary: /usr/bin/c++filt
2026-09-04 15:50:17 Binary: /usr/bin/c89
2026-09-04 15:50:17 Binary: /usr/bin/c89-gcc
2026-09-04 15:50:17 Binary: /usr/bin/c99
2026-09-04 15:50:17 Binary: /usr/bin/c99-gcc
2026-09-04 15:50:18 Binary: /usr/bin/c_rehash
2026-09-04 15:50:18 Binary: /usr/bin/captoinfo
2026-09-04 15:50:18 Binary: /usr/bin/cat
2026-09-04 15:50:18 Binary: /usr/bin/catman
2026-09-04 15:50:18 Binary: /usr/bin/cc
2026-09-04 15:50:18 Binary: /usr/bin/chacl
2026-09-04 15:50:18 Binary: /usr/bin/chage
2026-09-04 15:50:18 Binary: /usr/bin/chardet
2026-09-04 15:50:18 Binary: /usr/bin/chardetect
2026-09-04 15:50:18 Binary: /usr/bin/chattr
2026-09-04 15:50:18 Binary: /usr/bin/chcon
2026-09-04 15:50:18 Binary: /usr/bin/chfn
2026-09-04 15:50:18 Binary: /usr/bin/chgrp
2026-09-04 15:50:18 Binary: /usr/bin/chmod
2026-09-04 15:50:18 Binary: /usr/bin/choom
2026-09-04 15:50:19 Binary: /usr/bin/chown
2026-09-04 15:50:19 Binary: /usr/bin/chrt
2026-09-04 15:50:19 Binary: /usr/bin/chsh
2026-09-04 15:50:19 Binary: /usr/bin/chvt
2026-09-04 15:50:19 Binary: /usr/bin/cifscreds
2026-09-04 15:50:19 Binary: /usr/bin/cifsdd
2026-09-04 15:50:19 Binary: /usr/bin/ciptool
2026-09-04 15:50:19 Binary: /usr/bin/ckbcomp
2026-09-04 15:50:19 Binary: /usr/bin/cksum
2026-09-04 15:50:19 Binary: /usr/bin/clear
2026-09-04 15:50:19 Binary: /usr/bin/clear_console
2026-09-04 15:50:19 Binary: /usr/bin/cmp
2026-09-04 15:50:19 Binary: /usr/bin/codepage
2026-09-04 15:50:19 Binary: /usr/bin/col
2026-09-04 15:50:19 Binary: /usr/bin/colcrt
2026-09-04 15:50:20 Binary: /usr/bin/colrm
2026-09-04 15:50:20 Binary: /usr/bin/column
2026-09-04 15:50:20 Binary: /usr/bin/comm
2026-09-04 15:50:20 Binary: /usr/bin/compose
2026-09-04 15:50:20 Binary: /usr/bin/corelist
2026-09-04 15:50:20 Binary: /usr/bin/cp
2026-09-04 15:50:20 Binary: /usr/bin/cpan
2026-09-04 15:50:20 Binary: /usr/bin/cpan5.36-x86_64-linux-gnu
2026-09-04 15:50:20 Binary: /usr/bin/cpio
2026-09-04 15:50:20 Binary: /usr/bin/cpp
2026-09-04 15:50:20 Binary: /usr/bin/cpp-12
2026-09-04 15:50:20 Binary: /usr/bin/crontab
2026-09-04 15:50:20 Binary: /usr/bin/csplit
2026-09-04 15:50:20 Binary: /usr/bin/ctstat
2026-09-04 15:50:20 Binary: /usr/bin/curl
2026-09-04 15:50:21 Binary: /usr/bin/cut
2026-09-04 15:50:21 Binary: /usr/bin/dash
2026-09-04 15:50:21 Binary: /usr/bin/date
2026-09-04 15:50:21 Binary: /usr/bin/dbus-cleanup-sockets
2026-09-04 15:50:21 Binary: /usr/bin/dbus-daemon
2026-09-04 15:50:21 Binary: /usr/bin/dbus-monitor
2026-09-04 15:50:21 Binary: /usr/bin/dbus-run-session
2026-09-04 15:50:21 Binary: /usr/bin/dbus-send
2026-09-04 15:50:21 Binary: /usr/bin/dbus-update-activation-environment
2026-09-04 15:50:21 Binary: /usr/bin/dbus-uuidgen
2026-09-04 15:50:21 Binary: /usr/bin/dbwrap_tool
2026-09-04 15:50:21 Binary: /usr/bin/dd
2026-09-04 15:50:21 Binary: /usr/bin/deallocvt
2026-09-04 15:50:21 Binary: /usr/bin/deb-systemd-helper
2026-09-04 15:50:21 Binary: /usr/bin/deb-systemd-invoke
2026-09-04 15:50:21 Binary: /usr/bin/debconf
2026-09-04 15:50:22 Binary: /usr/bin/debconf-apt-progress
2026-09-04 15:50:22 Binary: /usr/bin/debconf-communicate
2026-09-04 15:50:22 Binary: /usr/bin/debconf-copydb
2026-09-04 15:50:22 Binary: /usr/bin/debconf-escape
2026-09-04 15:50:22 Binary: /usr/bin/debconf-set-selections
2026-09-04 15:50:22 Binary: /usr/bin/debconf-show
2026-09-04 15:50:22 Binary: /usr/bin/debianbts
2026-09-04 15:50:22 Binary: /usr/bin/defmt-c
2026-09-04 15:50:22 Binary: /usr/bin/defmt-sh
2026-09-04 15:50:22 Binary: /usr/bin/delpart
2026-09-04 15:50:22 Binary: /usr/bin/delv
2026-09-04 15:50:22 Binary: /usr/bin/df
2026-09-04 15:50:22 Binary: /usr/bin/dh_bash-completion
2026-09-04 15:50:22 Binary: /usr/bin/diff
2026-09-04 15:50:22 Binary: /usr/bin/diff3
2026-09-04 15:50:23 Binary: /usr/bin/dig
2026-09-04 15:50:23 Binary: /usr/bin/dir
2026-09-04 15:50:23 Binary: /usr/bin/dircolors
2026-09-04 15:50:23 Binary: /usr/bin/dirmngr
2026-09-04 15:50:23 Binary: /usr/bin/dirmngr-client
2026-09-04 15:50:23 Binary: /usr/bin/dirname
2026-09-04 15:50:23 Binary: /usr/bin/discover-config
2026-09-04 15:50:23 Binary: /usr/bin/dmesg
2026-09-04 15:50:23 Binary: /usr/bin/dnsdomainname
2026-09-04 15:50:23 Binary: /usr/bin/dnstap-read
2026-09-04 15:50:23 Binary: /usr/bin/domainname
2026-09-04 15:50:23 Binary: /usr/bin/dotlockfile
2026-09-04 15:50:23 Binary: /usr/bin/dpkg
2026-09-04 15:50:23 Binary: /usr/bin/dpkg-architecture
2026-09-04 15:50:23 Binary: /usr/bin/dpkg-buildflags
2026-09-04 15:50:24 Binary: /usr/bin/dpkg-buildpackage
2026-09-04 15:50:24 Binary: /usr/bin/dpkg-checkbuilddeps
2026-09-04 15:50:24 Binary: /usr/bin/dpkg-deb
2026-09-04 15:50:24 Binary: /usr/bin/dpkg-distaddfile
2026-09-04 15:50:24 Binary: /usr/bin/dpkg-divert
2026-09-04 15:50:24 Binary: /usr/bin/dpkg-genbuildinfo
2026-09-04 15:50:24 Binary: /usr/bin/dpkg-genchanges
2026-09-04 15:50:24 Binary: /usr/bin/dpkg-gencontrol
2026-09-04 15:50:24 Binary: /usr/bin/dpkg-gensymbols
2026-09-04 15:50:24 Binary: /usr/bin/dpkg-maintscript-helper
2026-09-04 15:50:24 Binary: /usr/bin/dpkg-mergechangelogs
2026-09-04 15:50:24 Binary: /usr/bin/dpkg-name
2026-09-04 15:50:24 Binary: /usr/bin/dpkg-parsechangelog
2026-09-04 15:50:24 Binary: /usr/bin/dpkg-query
2026-09-04 15:50:25 Binary: /usr/bin/dpkg-realpath
2026-09-04 15:50:25 Binary: /usr/bin/dpkg-scanpackages
2026-09-04 15:50:25 Binary: /usr/bin/dpkg-scansources
2026-09-04 15:50:25 Binary: /usr/bin/dpkg-shlibdeps
2026-09-04 15:50:25 Binary: /usr/bin/dpkg-source
2026-09-04 15:50:25 Binary: /usr/bin/dpkg-split
2026-09-04 15:50:25 Binary: /usr/bin/dpkg-statoverride
2026-09-04 15:50:25 Binary: /usr/bin/dpkg-trigger
2026-09-04 15:50:25 Binary: /usr/bin/dpkg-vendor
2026-09-04 15:50:25 Binary: /usr/bin/du
2026-09-04 15:50:25 Binary: /usr/bin/dumpkeys
2026-09-04 15:50:25 Binary: /usr/bin/dumpmscat
2026-09-04 15:50:25 Binary: /usr/bin/dwp
2026-09-04 15:50:25 Binary: /usr/bin/echo
2026-09-04 15:50:25 Binary: /usr/bin/edit
2026-09-04 15:50:26 Binary: /usr/bin/editor
2026-09-04 15:50:26 Binary: /usr/bin/egrep
2026-09-04 15:50:26 Binary: /usr/bin/eject
2026-09-04 15:50:26 Binary: /usr/bin/elfedit
2026-09-04 15:50:26 Binary: /usr/bin/enc2xs
2026-09-04 15:50:26 Binary: /usr/bin/encguess
2026-09-04 15:50:26 Binary: /usr/bin/env
2026-09-04 15:50:26 Binary: /usr/bin/envsubst
2026-09-04 15:50:26 Binary: /usr/bin/eqn
2026-09-04 15:50:26 Binary: /usr/bin/ex
2026-09-04 15:50:26 Binary: /usr/bin/expand
2026-09-04 15:50:26 Binary: /usr/bin/expiry
2026-09-04 15:50:26 Binary: /usr/bin/expr
2026-09-04 15:50:26 Binary: /usr/bin/factor
2026-09-04 15:50:26 Binary: /usr/bin/faillog
2026-09-04 15:50:27 Binary: /usr/bin/faked-sysv
2026-09-04 15:50:27 Binary: /usr/bin/faked-tcp
2026-09-04 15:50:27 Binary: /usr/bin/fakeroot
2026-09-04 15:50:27 Binary: /usr/bin/fakeroot-sysv
2026-09-04 15:50:27 Binary: /usr/bin/fakeroot-tcp
2026-09-04 15:50:27 Binary: /usr/bin/fallocate
2026-09-04 15:50:27 Binary: /usr/bin/false
2026-09-04 15:50:27 Binary: /usr/bin/fgconsole
2026-09-04 15:50:27 Binary: /usr/bin/fgrep
2026-09-04 15:50:27 Binary: /usr/bin/file
2026-09-04 15:50:27 Binary: /usr/bin/fincore
2026-09-04 15:50:27 Binary: /usr/bin/find
2026-09-04 15:50:27 Binary: /usr/bin/findaffix
2026-09-04 15:50:27 Binary: /usr/bin/findmnt
2026-09-04 15:50:28 Binary: /usr/bin/flock
2026-09-04 15:50:28 Binary: /usr/bin/fmt
2026-09-04 15:50:28 Binary: /usr/bin/fold
2026-09-04 15:50:28 Binary: /usr/bin/free
2026-09-04 15:50:28 Binary: /usr/bin/g++
2026-09-04 15:50:28 Binary: /usr/bin/g++-12
2026-09-04 15:50:28 Binary: /usr/bin/gatttool
2026-09-04 15:50:28 Binary: /usr/bin/gcc
2026-09-04 15:50:28 Binary: /usr/bin/gcc-12
2026-09-04 15:50:28 Binary: /usr/bin/gcc-ar
2026-09-04 15:50:28 Binary: /usr/bin/gcc-ar-12
2026-09-04 15:50:28 Binary: /usr/bin/gcc-nm
2026-09-04 15:50:28 Binary: /usr/bin/gcc-nm-12
2026-09-04 15:50:28 Binary: /usr/bin/gcc-ranlib
2026-09-04 15:50:29 Binary: /usr/bin/gcc-ranlib-12
2026-09-04 15:50:29 Binary: /usr/bin/gcov
2026-09-04 15:50:29 Binary: /usr/bin/gcov-12
2026-09-04 15:50:29 Binary: /usr/bin/gcov-dump
2026-09-04 15:50:29 Binary: /usr/bin/gcov-dump-12
2026-09-04 15:50:29 Binary: /usr/bin/gcov-tool
2026-09-04 15:50:29 Binary: /usr/bin/gcov-tool-12
2026-09-04 15:50:29 Binary: /usr/bin/gencat
2026-09-04 15:50:29 Binary: /usr/bin/geqn
2026-09-04 15:50:29 Binary: /usr/bin/getcifsacl
2026-09-04 15:50:29 Binary: /usr/bin/getconf
2026-09-04 15:50:29 Binary: /usr/bin/getent
2026-09-04 15:50:29 Binary: /usr/bin/getfacl
2026-09-04 15:50:29 Binary: /usr/bin/getfattr
2026-09-04 15:50:29 Binary: /usr/bin/getkeycodes
2026-09-04 15:50:30 Binary: /usr/bin/getopt
2026-09-04 15:50:30 Binary: /usr/bin/gettext
2026-09-04 15:50:30 Binary: /usr/bin/gettext.sh
2026-09-04 15:50:30 Binary: /usr/bin/gmake
2026-09-04 15:50:30 Binary: /usr/bin/gold
2026-09-04 15:50:30 Binary: /usr/bin/gp-archive
2026-09-04 15:50:30 Binary: /usr/bin/gp-collect-app
2026-09-04 15:50:30 Binary: /usr/bin/gp-display-html
2026-09-04 15:50:30 Binary: /usr/bin/gp-display-src
2026-09-04 15:50:30 Binary: /usr/bin/gp-display-text
2026-09-04 15:50:30 Binary: /usr/bin/gpasswd
2026-09-04 15:50:30 Binary: /usr/bin/gpg
2026-09-04 15:50:31 Binary: /usr/bin/gpg-agent
2026-09-04 15:50:31 Binary: /usr/bin/gpg-connect-agent
2026-09-04 15:50:31 Binary: /usr/bin/gpg-wks-server
2026-09-04 15:50:31 Binary: /usr/bin/gpg-zip
2026-09-04 15:50:31 Binary: /usr/bin/gpgcompose
2026-09-04 15:50:31 Binary: /usr/bin/gpgconf
2026-09-04 15:50:31 Binary: /usr/bin/gpgparsemail
2026-09-04 15:50:31 Binary: /usr/bin/gpgsm
2026-09-04 15:50:31 Binary: /usr/bin/gpgsplit
2026-09-04 15:50:31 Binary: /usr/bin/gpgtar
2026-09-04 15:50:31 Binary: /usr/bin/gpgv
2026-09-04 15:50:31 Binary: /usr/bin/gpic
2026-09-04 15:50:31 Binary: /usr/bin/gprof
2026-09-04 15:50:31 Binary: /usr/bin/gprofng
2026-09-04 15:50:32 Binary: /usr/bin/grep
2026-09-04 15:50:32 Binary: /usr/bin/groff
2026-09-04 15:50:32 Binary: /usr/bin/grog
2026-09-04 15:50:32 Binary: /usr/bin/grops
2026-09-04 15:50:32 Binary: /usr/bin/grotty
2026-09-04 15:50:32 Binary: /usr/bin/groups
2026-09-04 15:50:32 Binary: /usr/bin/grub-editenv
2026-09-04 15:50:32 Binary: /usr/bin/grub-file
2026-09-04 15:50:32 Binary: /usr/bin/grub-fstest
2026-09-04 15:50:32 Binary: /usr/bin/grub-glue-efi
2026-09-04 15:50:32 Binary: /usr/bin/grub-kbdcomp
2026-09-04 15:50:32 Binary: /usr/bin/grub-menulst2cfg
2026-09-04 15:50:32 Binary: /usr/bin/grub-mkfont
2026-09-04 15:50:32 Binary: /usr/bin/grub-mkimage
2026-09-04 15:50:33 Binary: /usr/bin/grub-mklayout
2026-09-04 15:50:33 Binary: /usr/bin/grub-mknetdir
2026-09-04 15:50:33 Binary: /usr/bin/grub-mkpasswd-pbkdf2
2026-09-04 15:50:33 Binary: /usr/bin/grub-mkrelpath
2026-09-04 15:50:33 Binary: /usr/bin/grub-mkrescue
2026-09-04 15:50:33 Binary: /usr/bin/grub-mkstandalone
2026-09-04 15:50:33 Binary: /usr/bin/grub-mount
2026-09-04 15:50:33 Binary: /usr/bin/grub-ntldr-img
2026-09-04 15:50:33 Binary: /usr/bin/grub-render-label
2026-09-04 15:50:33 Binary: /usr/bin/grub-script-check
2026-09-04 15:50:33 Binary: /usr/bin/grub-syslinux2cfg
2026-09-04 15:50:34 Binary: /usr/bin/gtbl
2026-09-04 15:50:34 Binary: /usr/bin/gunzip
2026-09-04 15:50:34 Binary: /usr/bin/gzexe
2026-09-04 15:50:34 Binary: /usr/bin/gzip
2026-09-04 15:50:34 Binary: /usr/bin/h2ph
2026-09-04 15:50:34 Binary: /usr/bin/h2xs
2026-09-04 15:50:34 Binary: /usr/bin/hardlink
2026-09-04 15:50:34 Binary: /usr/bin/hciattach
2026-09-04 15:50:34 Binary: /usr/bin/hciconfig
2026-09-04 15:50:34 Binary: /usr/bin/hcitool
2026-09-04 15:50:34 Binary: /usr/bin/hd
2026-09-04 15:50:34 Binary: /usr/bin/head
2026-09-04 15:50:34 Binary: /usr/bin/helpztags
2026-09-04 15:50:34 Binary: /usr/bin/hex2hcd
2026-09-04 15:50:34 Binary: /usr/bin/hexdump
2026-09-04 15:50:35 Binary: /usr/bin/host
2026-09-04 15:50:35 Binary: /usr/bin/hostid
2026-09-04 15:50:35 Binary: /usr/bin/hostname
2026-09-04 15:50:35 Binary: /usr/bin/hostnamectl
2026-09-04 15:50:35 Binary: /usr/bin/httpx
2026-09-04 15:50:35 Binary: /usr/bin/i386
2026-09-04 15:50:35 Binary: /usr/bin/icombine
2026-09-04 15:50:35 Binary: /usr/bin/iconv
2026-09-04 15:50:35 Binary: /usr/bin/id
2026-09-04 15:50:35 Binary: /usr/bin/ijoin
2026-09-04 15:50:35 Binary: /usr/bin/inetutils-telnet
2026-09-04 15:50:35 Binary: /usr/bin/infocmp
2026-09-04 15:50:35 Binary: /usr/bin/infotocap
2026-09-04 15:50:35 Binary: /usr/bin/install
2026-09-04 15:50:36 Binary: /usr/bin/install-menu
2026-09-04 15:50:36 Binary: /usr/bin/instmodsh
2026-09-04 15:50:36 Binary: /usr/bin/ionice
2026-09-04 15:50:36 Binary: /usr/bin/ip
2026-09-04 15:50:36 Binary: /usr/bin/ipcmk
2026-09-04 15:50:36 Binary: /usr/bin/ipcrm
2026-09-04 15:50:36 Binary: /usr/bin/ipcs
2026-09-04 15:50:36 Binary: /usr/bin/ischroot
2026-09-04 15:50:36 Binary: /usr/bin/ispell
2026-09-04 15:50:36 Binary: /usr/bin/ispell-wrapper
2026-09-04 15:50:36 Binary: /usr/bin/join
2026-09-04 15:50:36 Binary: /usr/bin/journalctl
2026-09-04 15:50:36 Binary: /usr/bin/json_pp
2026-09-04 15:50:36 Binary: /usr/bin/kbd_mode
2026-09-04 15:50:37 Binary: /usr/bin/kbdinfo
2026-09-04 15:50:37 Binary: /usr/bin/kbxutil
2026-09-04 15:50:37 Binary: /usr/bin/kernel-install
2026-09-04 15:50:37 Binary: /usr/bin/keyctl
2026-09-04 15:50:37 Binary: /usr/bin/kill
2026-09-04 15:50:37 Binary: /usr/bin/kmod
2026-09-04 15:50:37 Binary: /usr/bin/l2ping
2026-09-04 15:50:37 Binary: /usr/bin/l2test
2026-09-04 15:50:37 Binary: /usr/bin/laptop-detect
2026-09-04 15:50:37 Binary: /usr/bin/last
2026-09-04 15:50:37 Binary: /usr/bin/lastb
2026-09-04 15:50:37 Binary: /usr/bin/lastlog
2026-09-04 15:50:37 Binary: /usr/bin/lcf
2026-09-04 15:50:37 Binary: /usr/bin/ld
2026-09-04 15:50:38 Binary: /usr/bin/ld.bfd
2026-09-04 15:50:38 Binary: /usr/bin/ld.gold
2026-09-04 15:50:38 Binary: /usr/bin/ld.so
2026-09-04 15:50:38 Binary: /usr/bin/ldd
2026-09-04 15:50:38 Binary: /usr/bin/less
2026-09-04 15:50:38 Binary: /usr/bin/lessecho
2026-09-04 15:50:38 Binary: /usr/bin/lessfile
2026-09-04 15:50:38 Binary: /usr/bin/lesskey
2026-09-04 15:50:38 Binary: /usr/bin/lesspipe
2026-09-04 15:50:38 Binary: /usr/bin/lexgrog
2026-09-04 15:50:38 Binary: /usr/bin/lft
2026-09-04 15:50:38 Binary: /usr/bin/lft.db
2026-09-04 15:50:38 Binary: /usr/bin/libnetcfg
2026-09-04 15:50:38 Binary: /usr/bin/link
2026-09-04 15:50:38 Binary: /usr/bin/linux-boot-prober
2026-09-04 15:50:39 Binary: /usr/bin/linux-check-removal
2026-09-04 15:50:39 Binary: /usr/bin/linux-update-symlinks
2026-09-04 15:50:39 Binary: /usr/bin/linux-version
2026-09-04 15:50:39 Binary: /usr/bin/linux32
2026-09-04 15:50:39 Binary: /usr/bin/linux64
2026-09-04 15:50:39 Binary: /usr/bin/ln
2026-09-04 15:50:39 Binary: /usr/bin/lnstat
2026-09-04 15:50:39 Binary: /usr/bin/loadkeys
2026-09-04 15:50:39 Binary: /usr/bin/loadunimap
2026-09-04 15:50:39 Binary: /usr/bin/locale
2026-09-04 15:50:39 Binary: /usr/bin/localectl
2026-09-04 15:50:39 Binary: /usr/bin/localedef
2026-09-04 15:50:39 Binary: /usr/bin/logger
2026-09-04 15:50:39 Binary: /usr/bin/login
2026-09-04 15:50:40 Binary: /usr/bin/loginctl
2026-09-04 15:50:40 Binary: /usr/bin/logname
2026-09-04 15:50:40 Binary: /usr/bin/look
2026-09-04 15:50:40 Binary: /usr/bin/ls
2026-09-04 15:50:40 Binary: /usr/bin/lsattr
2026-09-04 15:50:40 Binary: /usr/bin/lsb_release
2026-09-04 15:50:40 Binary: /usr/bin/lsblk
2026-09-04 15:50:40 Binary: /usr/bin/lscpu
2026-09-04 15:50:40 Binary: /usr/bin/lsfd
2026-09-04 15:50:40 Binary: /usr/bin/lsinitramfs
2026-09-04 15:50:40 Binary: /usr/bin/lsipc
2026-09-04 15:50:40 Binary: /usr/bin/lsirq
2026-09-04 15:50:40 Binary: /usr/bin/lslocks
2026-09-04 15:50:40 Binary: /usr/bin/lslogins
2026-09-04 15:50:40 Binary: /usr/bin/lsmem
2026-09-04 15:50:41 Binary: /usr/bin/lsmod
2026-09-04 15:50:41 Binary: /usr/bin/lsns
2026-09-04 15:50:41 Binary: /usr/bin/lsof
2026-09-04 15:50:41 Binary: /usr/bin/lspci
2026-09-04 15:50:41 Binary: /usr/bin/lspgpot
2026-09-04 15:50:41 Binary: /usr/bin/lto-dump
2026-09-04 15:50:41 Binary: /usr/bin/lto-dump-12
2026-09-04 15:50:41 Binary: /usr/bin/lzcat
2026-09-04 15:50:41 Binary: /usr/bin/lzcmp
2026-09-04 15:50:41 Binary: /usr/bin/lzdiff
2026-09-04 15:50:41 Binary: /usr/bin/lzegrep
2026-09-04 15:50:41 Binary: /usr/bin/lzfgrep
2026-09-04 15:50:41 Binary: /usr/bin/lzgrep
2026-09-04 15:50:41 Binary: /usr/bin/lzless
2026-09-04 15:50:42 Binary: /usr/bin/lzma
2026-09-04 15:50:42 Binary: /usr/bin/lzmainfo
2026-09-04 15:50:42 Binary: /usr/bin/lzmore
2026-09-04 15:50:42 Binary: /usr/bin/make
2026-09-04 15:50:42 Binary: /usr/bin/make-first-existing-target
2026-09-04 15:50:42 Binary: /usr/bin/man
2026-09-04 15:50:42 Binary: /usr/bin/man-recode
2026-09-04 15:50:42 Binary: /usr/bin/mandb
2026-09-04 15:50:42 Binary: /usr/bin/manpath
2026-09-04 15:50:42 Binary: /usr/bin/mapscrn
2026-09-04 15:50:42 Binary: /usr/bin/markdown-it
2026-09-04 15:50:42 Binary: /usr/bin/markdown_py
2026-09-04 15:50:42 Binary: /usr/bin/mawk
2026-09-04 15:50:42 Binary: /usr/bin/mcookie
2026-09-04 15:50:42 Binary: /usr/bin/md5sum
2026-09-04 15:50:43 Binary: /usr/bin/md5sum.textutils
2026-09-04 15:50:43 Binary: /usr/bin/mdig
2026-09-04 15:50:43 Binary: /usr/bin/mdsearch
2026-09-04 15:50:43 Binary: /usr/bin/memusage
2026-09-04 15:50:43 Binary: /usr/bin/memusagestat
2026-09-04 15:50:43 Binary: /usr/bin/mesg
2026-09-04 15:50:43 Binary: /usr/bin/migrate-pubring-from-classic-gpg
2026-09-04 15:50:43 Binary: /usr/bin/mk_modmap
2026-09-04 15:50:43 Binary: /usr/bin/mkdir
2026-09-04 15:50:43 Binary: /usr/bin/mkfifo
2026-09-04 15:50:43 Binary: /usr/bin/mknod
2026-09-04 15:50:43 Binary: /usr/bin/mktemp
2026-09-04 15:50:43 Binary: /usr/bin/more
2026-09-04 15:50:43 Binary: /usr/bin/mount
2026-09-04 15:50:43   Fount known binary: mount (File system tool) - /usr/bin/mount
2026-09-04 15:50:44 Binary: /usr/bin/mountpoint
2026-09-04 15:50:44 Binary: /usr/bin/mpris-proxy
2026-09-04 15:50:44 Binary: /usr/bin/mt
2026-09-04 15:50:44 Binary: /usr/bin/mt-gnu
2026-09-04 15:50:44 Binary: /usr/bin/mtrace
2026-09-04 15:50:44 Binary: /usr/bin/munchlist
2026-09-04 15:50:44 Binary: /usr/bin/mv
2026-09-04 15:50:44 Binary: /usr/bin/mvxattr
2026-09-04 15:50:44 Binary: /usr/bin/namei
2026-09-04 15:50:44 Binary: /usr/bin/nano
2026-09-04 15:50:44 Binary: /usr/bin/nawk
2026-09-04 15:50:44 Binary: /usr/bin/nc
2026-09-04 15:50:44 Binary: /usr/bin/nc.traditional
2026-09-04 15:50:44 Binary: /usr/bin/neqn
2026-09-04 15:50:44 Binary: /usr/bin/net
2026-09-04 15:50:45 Binary: /usr/bin/netcat
2026-09-04 15:50:45 Binary: /usr/bin/networkctl
2026-09-04 15:50:45 Binary: /usr/bin/newgrp
2026-09-04 15:50:45 Binary: /usr/bin/ngettext
2026-09-04 15:50:45 Binary: /usr/bin/nice
2026-09-04 15:50:45 Binary: /usr/bin/nisdomainname
2026-09-04 15:50:45 Binary: /usr/bin/nl
2026-09-04 15:50:45 Binary: /usr/bin/nm
2026-09-04 15:50:45 Binary: /usr/bin/nmap
2026-09-04 15:50:45 Binary: /usr/bin/nmblookup
2026-09-04 15:50:45 Binary: /usr/bin/nohup
2026-09-04 15:50:45 Binary: /usr/bin/normalizer
2026-09-04 15:50:45 Binary: /usr/bin/nping
2026-09-04 15:50:45 Binary: /usr/bin/nproc
2026-09-04 15:50:45 Binary: /usr/bin/nroff
2026-09-04 15:50:45 Binary: /usr/bin/nsenter
2026-09-04 15:50:46 Binary: /usr/bin/nslookup
2026-09-04 15:50:46 Binary: /usr/bin/nstat
2026-09-04 15:50:46 Binary: /usr/bin/nsupdate
2026-09-04 15:50:46 Binary: /usr/bin/numfmt
2026-09-04 15:50:46 Binary: /usr/bin/oLschema2ldif
2026-09-04 15:50:46 Binary: /usr/bin/obexctl
2026-09-04 15:50:46 Binary: /usr/bin/objcopy
2026-09-04 15:50:46 Binary: /usr/bin/objdump
2026-09-04 15:50:46 Binary: /usr/bin/od
2026-09-04 15:50:46 Binary: /usr/bin/open
2026-09-04 15:50:46 Binary: /usr/bin/openssl
2026-09-04 15:50:46 Binary: /usr/bin/openvt
2026-09-04 15:50:46 Binary: /usr/bin/os-prober
2026-09-04 15:50:46 Binary: /usr/bin/pager
2026-09-04 15:50:47 Binary: /usr/bin/partx
2026-09-04 15:50:47 Binary: /usr/bin/passwd
2026-09-04 15:50:47 Binary: /usr/bin/paste
2026-09-04 15:50:47 Binary: /usr/bin/patch
2026-09-04 15:50:47 Binary: /usr/bin/pathchk
2026-09-04 15:50:47 Binary: /usr/bin/pdb3
2026-09-04 15:50:47 Binary: /usr/bin/pdb3.11
2026-09-04 15:50:47 Binary: /usr/bin/pdbedit
2026-09-04 15:50:47 Binary: /usr/bin/perl
2026-09-04 15:50:47 Binary: /usr/bin/perl5.36-x86_64-linux-gnu
2026-09-04 15:50:47 Binary: /usr/bin/perl5.36.0
2026-09-04 15:50:47 Binary: /usr/bin/perlbug
2026-09-04 15:50:47 Binary: /usr/bin/perldoc
2026-09-04 15:50:47 Binary: /usr/bin/perlivp
2026-09-04 15:50:47 Binary: /usr/bin/perlthanks
2026-09-04 15:50:48 Binary: /usr/bin/pgrep
2026-09-04 15:50:48 Binary: /usr/bin/pic
2026-09-04 15:50:48 Binary: /usr/bin/pico
2026-09-04 15:50:48 Binary: /usr/bin/piconv
2026-09-04 15:50:48 Binary: /usr/bin/pidof
2026-09-04 15:50:48 Binary: /usr/bin/pidwait
2026-09-04 15:50:48 Binary: /usr/bin/pinentry
2026-09-04 15:50:48 Binary: /usr/bin/pinentry-curses
2026-09-04 15:50:48 Binary: /usr/bin/ping
2026-09-04 15:50:48 Binary: /usr/bin/ping4
2026-09-04 15:50:48 Binary: /usr/bin/ping6
2026-09-04 15:50:48 Binary: /usr/bin/pinky
2026-09-04 15:50:48 Binary: /usr/bin/pkill
2026-09-04 15:50:48 Binary: /usr/bin/pl2pm
2026-09-04 15:50:49 Binary: /usr/bin/pldd
2026-09-04 15:50:49 Binary: /usr/bin/pmap
2026-09-04 15:50:49 Binary: /usr/bin/pod2html
2026-09-04 15:50:49 Binary: /usr/bin/pod2man
2026-09-04 15:50:49 Binary: /usr/bin/pod2text
2026-09-04 15:50:49 Binary: /usr/bin/pod2usage
2026-09-04 15:50:49 Binary: /usr/bin/podchecker
2026-09-04 15:50:49 Binary: /usr/bin/pr
2026-09-04 15:50:49 Binary: /usr/bin/preconv
2026-09-04 15:50:49 Binary: /usr/bin/print
2026-09-04 15:50:49 Binary: /usr/bin/printenv
2026-09-04 15:50:49 Binary: /usr/bin/printf
2026-09-04 15:50:50 Binary: /usr/bin/prlimit
2026-09-04 15:50:50 Binary: /usr/bin/profiles
2026-09-04 15:50:50 Binary: /usr/bin/prove
2026-09-04 15:50:50 Binary: /usr/bin/ps
2026-09-04 15:50:50 Binary: /usr/bin/psfaddtable
2026-09-04 15:50:50 Binary: /usr/bin/psfgettable
2026-09-04 15:50:50 Binary: /usr/bin/psfstriptable
2026-09-04 15:50:50 Binary: /usr/bin/psfxtable
2026-09-04 15:50:50 Binary: /usr/bin/ptar
2026-09-04 15:50:50 Binary: /usr/bin/ptardiff
2026-09-04 15:50:50 Binary: /usr/bin/ptargrep
2026-09-04 15:50:50 Binary: /usr/bin/ptx
2026-09-04 15:50:50 Binary: /usr/bin/pwd
2026-09-04 15:50:51 Binary: /usr/bin/pwdx
2026-09-04 15:50:51 Binary: /usr/bin/py3clean
2026-09-04 15:50:51 Binary: /usr/bin/py3compile
2026-09-04 15:50:51 Binary: /usr/bin/py3versions
2026-09-04 15:50:51 Binary: /usr/bin/pydoc3
2026-09-04 15:50:51 Binary: /usr/bin/pydoc3.11
2026-09-04 15:50:51 Binary: /usr/bin/pygettext3
2026-09-04 15:50:51 Binary: /usr/bin/pygettext3.11
2026-09-04 15:50:51 Binary: /usr/bin/pygmentize
2026-09-04 15:50:51 Binary: /usr/bin/python3
2026-09-04 15:50:51 Binary: /usr/bin/python3.11
2026-09-04 15:50:52 Binary: /usr/bin/pzstd
2026-09-04 15:50:52 Binary: /usr/bin/querybts
2026-09-04 15:50:52 Binary: /usr/bin/ranlib
2026-09-04 15:50:52 Binary: /usr/bin/rbash
2026-09-04 15:50:52 Binary: /usr/bin/rctest
2026-09-04 15:50:52 Binary: /usr/bin/rdma
2026-09-04 15:50:52 Binary: /usr/bin/readelf
2026-09-04 15:50:52 Binary: /usr/bin/readlink
2026-09-04 15:50:52 Binary: /usr/bin/realpath
2026-09-04 15:50:52 Binary: /usr/bin/rename.ul
2026-09-04 15:50:52 Binary: /usr/bin/renice
2026-09-04 15:50:52 Binary: /usr/bin/report-hw
2026-09-04 15:50:52 Binary: /usr/bin/reportbug
2026-09-04 15:50:52 Binary: /usr/bin/reset
2026-09-04 15:50:53 Binary: /usr/bin/resizecons
2026-09-04 15:50:53 Binary: /usr/bin/resizepart
2026-09-04 15:50:53 Binary: /usr/bin/rev
2026-09-04 15:50:53 Binary: /usr/bin/rfcomm
2026-09-04 15:50:53 Binary: /usr/bin/rgrep
2026-09-04 15:50:53 Binary: /usr/bin/rm
2026-09-04 15:50:53 Binary: /usr/bin/rmdir
2026-09-04 15:50:53 Binary: /usr/bin/rnano
2026-09-04 15:50:53 Binary: /usr/bin/routel
2026-09-04 15:50:53 Binary: /usr/bin/rpcclient
2026-09-04 15:50:53 Binary: /usr/bin/rpcgen
2026-09-04 15:50:53 Binary: /usr/bin/rtstat
2026-09-04 15:50:54 Binary: /usr/bin/run-mailcap
2026-09-04 15:50:54 Binary: /usr/bin/run-parts
2026-09-04 15:50:54 Binary: /usr/bin/runcon
2026-09-04 15:50:54 Binary: /usr/bin/rview
2026-09-04 15:50:54 Binary: /usr/bin/samba-regedit
2026-09-04 15:50:54 Binary: /usr/bin/samba-tool
2026-09-04 15:50:54 Binary: /usr/bin/savelog
2026-09-04 15:50:54 Binary: /usr/bin/scp
2026-09-04 15:50:54 Binary: /usr/bin/screendump
2026-09-04 15:50:54 Binary: /usr/bin/script
2026-09-04 15:50:54 Binary: /usr/bin/scriptlive
2026-09-04 15:50:54 Binary: /usr/bin/scriptreplay
2026-09-04 15:50:55 Binary: /usr/bin/sdiff
2026-09-04 15:50:55 Binary: /usr/bin/sdptool
2026-09-04 15:50:55 Binary: /usr/bin/sed
2026-09-04 15:50:55 Binary: /usr/bin/see
2026-09-04 15:50:55 Binary: /usr/bin/select-default-iwrap
2026-09-04 15:50:55 Binary: /usr/bin/select-editor
2026-09-04 15:50:55 Binary: /usr/bin/sensible-browser
2026-09-04 15:50:55 Binary: /usr/bin/sensible-editor
2026-09-04 15:50:55 Binary: /usr/bin/sensible-pager
2026-09-04 15:50:55 Binary: /usr/bin/seq
2026-09-04 15:50:55 Binary: /usr/bin/setarch
2026-09-04 15:50:55 Binary: /usr/bin/setcifsacl
2026-09-04 15:50:55 Binary: /usr/bin/setfacl
2026-09-04 15:50:55 Binary: /usr/bin/setfattr
2026-09-04 15:50:55 Binary: /usr/bin/setfont
2026-09-04 15:50:56 Binary: /usr/bin/setkeycodes
2026-09-04 15:50:56 Binary: /usr/bin/setleds
2026-09-04 15:50:56 Binary: /usr/bin/setlogcons
2026-09-04 15:50:56 Binary: /usr/bin/setmetamode
2026-09-04 15:50:56 Binary: /usr/bin/setpci
2026-09-04 15:50:56 Binary: /usr/bin/setpriv
2026-09-04 15:50:56 Binary: /usr/bin/setsid
2026-09-04 15:50:56 Binary: /usr/bin/setterm
2026-09-04 15:50:56 Binary: /usr/bin/setupcon
2026-09-04 15:50:56 Binary: /usr/bin/setvtrgb
2026-09-04 15:50:56 Binary: /usr/bin/sftp
2026-09-04 15:50:56 Binary: /usr/bin/sg
2026-09-04 15:50:56 Binary: /usr/bin/sh
2026-09-04 15:50:56 Binary: /usr/bin/sha1sum
2026-09-04 15:50:56 Binary: /usr/bin/sha224sum
2026-09-04 15:50:57 Binary: /usr/bin/sha256sum
2026-09-04 15:50:57 Binary: /usr/bin/sha384sum
2026-09-04 15:50:57 Binary: /usr/bin/sha512sum
2026-09-04 15:50:57 Binary: /usr/bin/sharesec
2026-09-04 15:50:57 Binary: /usr/bin/shasum
2026-09-04 15:50:57 Binary: /usr/bin/showconsolefont
2026-09-04 15:50:57 Binary: /usr/bin/showkey
2026-09-04 15:50:57 Binary: /usr/bin/shred
2026-09-04 15:50:57 Binary: /usr/bin/shuf
2026-09-04 15:50:57 Binary: /usr/bin/size
2026-09-04 15:50:57 Binary: /usr/bin/skill
2026-09-04 15:50:57 Binary: /usr/bin/slabtop
2026-09-04 15:50:57 Binary: /usr/bin/sleep
2026-09-04 15:50:57 Binary: /usr/bin/slogin
2026-09-04 15:50:57 Binary: /usr/bin/smb2-quota
2026-09-04 15:50:57 Binary: /usr/bin/smbcacls
2026-09-04 15:50:58 Binary: /usr/bin/smbclient
2026-09-04 15:50:58 Binary: /usr/bin/smbcontrol
2026-09-04 15:50:58 Binary: /usr/bin/smbcquotas
2026-09-04 15:50:58 Binary: /usr/bin/smbget
2026-09-04 15:50:58 Binary: /usr/bin/smbinfo
2026-09-04 15:50:58 Binary: /usr/bin/smbpasswd
2026-09-04 15:50:58 Binary: /usr/bin/smbspool
2026-09-04 15:50:58 Binary: /usr/bin/smbstatus
2026-09-04 15:50:58 Binary: /usr/bin/smbtar
2026-09-04 15:50:58 Binary: /usr/bin/smbtree
2026-09-04 15:50:58 Binary: /usr/bin/snice
2026-09-04 15:50:58 Binary: /usr/bin/soelim
2026-09-04 15:50:58 Binary: /usr/bin/sort
2026-09-04 15:50:58 Binary: /usr/bin/sotruss
2026-09-04 15:50:58 Binary: /usr/bin/splain
2026-09-04 15:50:58 Binary: /usr/bin/split
2026-09-04 15:50:59 Binary: /usr/bin/splitfont
2026-09-04 15:50:59 Binary: /usr/bin/sprof
2026-09-04 15:50:59 Binary: /usr/bin/ss
2026-09-04 15:50:59 Binary: /usr/bin/ssh
2026-09-04 15:50:59 Binary: /usr/bin/ssh-add
2026-09-04 15:50:59 Binary: /usr/bin/ssh-agent
2026-09-04 15:50:59 Binary: /usr/bin/ssh-argv0
2026-09-04 15:50:59 Binary: /usr/bin/ssh-copy-id
2026-09-04 15:50:59 Binary: /usr/bin/ssh-keygen
2026-09-04 15:50:59 Binary: /usr/bin/ssh-keyscan
2026-09-04 15:50:59 Binary: /usr/bin/stat
2026-09-04 15:50:59 Binary: /usr/bin/stdbuf
2026-09-04 15:50:59 Binary: /usr/bin/streamzip
2026-09-04 15:50:59 Binary: /usr/bin/strings
2026-09-04 15:50:59 Binary: /usr/bin/strip
2026-09-04 15:51:00 Binary: /usr/bin/stty
2026-09-04 15:51:00 Binary: /usr/bin/su
2026-09-04 15:51:00 Binary: /usr/bin/su-to-root
2026-09-04 15:51:00 Binary: /usr/bin/sum
2026-09-04 15:51:00 Binary: /usr/bin/sync
2026-09-04 15:51:00 Binary: /usr/bin/systemctl
2026-09-04 15:51:00 Binary: /usr/bin/systemd
2026-09-04 15:51:00 Binary: /usr/bin/systemd-analyze
2026-09-04 15:51:00 Binary: /usr/bin/systemd-ask-password
2026-09-04 15:51:00 Binary: /usr/bin/systemd-cat
2026-09-04 15:51:00 Binary: /usr/bin/systemd-cgls
2026-09-04 15:51:00 Binary: /usr/bin/systemd-cgtop
2026-09-04 15:51:00 Binary: /usr/bin/systemd-creds
2026-09-04 15:51:00 Binary: /usr/bin/systemd-cryptenroll
2026-09-04 15:51:00 Binary: /usr/bin/systemd-delta
2026-09-04 15:51:00 Binary: /usr/bin/systemd-detect-virt
2026-09-04 15:51:01 Binary: /usr/bin/systemd-escape
2026-09-04 15:51:01 Binary: /usr/bin/systemd-firstboot
2026-09-04 15:51:01 Binary: /usr/bin/systemd-hwdb
2026-09-04 15:51:01 Binary: /usr/bin/systemd-id128
2026-09-04 15:51:01 Binary: /usr/bin/systemd-inhibit
2026-09-04 15:51:01 Binary: /usr/bin/systemd-machine-id-setup
2026-09-04 15:51:01 Binary: /usr/bin/systemd-mount
2026-09-04 15:51:01 Binary: /usr/bin/systemd-notify
2026-09-04 15:51:01 Binary: /usr/bin/systemd-path
2026-09-04 15:51:01 Binary: /usr/bin/systemd-repart
2026-09-04 15:51:01 Binary: /usr/bin/systemd-run
2026-09-04 15:51:01 Binary: /usr/bin/systemd-socket-activate
2026-09-04 15:51:01 Binary: /usr/bin/systemd-stdio-bridge
2026-09-04 15:51:01 Binary: /usr/bin/systemd-sysext
2026-09-04 15:51:02 Binary: /usr/bin/systemd-sysusers
2026-09-04 15:51:02 Binary: /usr/bin/systemd-tmpfiles
2026-09-04 15:51:02 Binary: /usr/bin/systemd-tty-ask-password-agent
2026-09-04 15:51:02 Binary: /usr/bin/systemd-umount
2026-09-04 15:51:02 Binary: /usr/bin/tabs
2026-09-04 15:51:02 Binary: /usr/bin/tac
2026-09-04 15:51:02 Binary: /usr/bin/tail
2026-09-04 15:51:02 Binary: /usr/bin/tar
2026-09-04 15:51:02 Binary: /usr/bin/tasksel
2026-09-04 15:51:02 Binary: /usr/bin/taskset
2026-09-04 15:51:02 Binary: /usr/bin/tbl
2026-09-04 15:51:02 Binary: /usr/bin/tdbbackup
2026-09-04 15:51:02 Binary: /usr/bin/tdbbackup.tdbtools
2026-09-04 15:51:02 Binary: /usr/bin/tdbdump
2026-09-04 15:51:02 Binary: /usr/bin/tdbrestore
2026-09-04 15:51:02 Binary: /usr/bin/tdbtool
2026-09-04 15:51:02 Binary: /usr/bin/tee
2026-09-04 15:51:03 Binary: /usr/bin/telnet
2026-09-04 15:51:03 Binary: /usr/bin/tempfile
2026-09-04 15:51:03 Binary: /usr/bin/test
2026-09-04 15:51:03 Binary: /usr/bin/testparm
2026-09-04 15:51:03 Binary: /usr/bin/tic
2026-09-04 15:51:03 Binary: /usr/bin/timedatectl
2026-09-04 15:51:03 Binary: /usr/bin/timeout
2026-09-04 15:51:03 Binary: /usr/bin/tload
2026-09-04 15:51:03 Binary: /usr/bin/toe
2026-09-04 15:51:03 Binary: /usr/bin/top
2026-09-04 15:51:03 Binary: /usr/bin/touch
2026-09-04 15:51:03 Binary: /usr/bin/tput
2026-09-04 15:51:03 Binary: /usr/bin/tr
2026-09-04 15:51:03 Binary: /usr/bin/traceproto
2026-09-04 15:51:03 Binary: /usr/bin/traceproto.db
2026-09-04 15:51:03 Binary: /usr/bin/traceroute
2026-09-04 15:51:03 Binary: /usr/bin/traceroute-nanog
2026-09-04 15:51:04 Binary: /usr/bin/traceroute.db
2026-09-04 15:51:04 Binary: /usr/bin/traceroute6
2026-09-04 15:51:04 Binary: /usr/bin/traceroute6.db
2026-09-04 15:51:04 Binary: /usr/bin/troff
2026-09-04 15:51:04 Binary: /usr/bin/true
2026-09-04 15:51:04 Binary: /usr/bin/truncate
2026-09-04 15:51:04 Binary: /usr/bin/tryaffix
2026-09-04 15:51:04 Binary: /usr/bin/tset
2026-09-04 15:51:04 Binary: /usr/bin/tsort
2026-09-04 15:51:04 Binary: /usr/bin/tty
2026-09-04 15:51:04 Binary: /usr/bin/tzselect
2026-09-04 15:51:04 Binary: /usr/bin/ucf
2026-09-04 15:51:04 Binary: /usr/bin/ucfq
2026-09-04 15:51:05 Binary: /usr/bin/ucfr
2026-09-04 15:51:05 Binary: /usr/bin/uclampset
2026-09-04 15:51:05 Binary: /usr/bin/udevadm
2026-09-04 15:51:05 Binary: /usr/bin/ul
2026-09-04 15:51:05 Binary: /usr/bin/umount
2026-09-04 15:51:05 Binary: /usr/bin/uname
2026-09-04 15:51:05 Binary: /usr/bin/uncompress
2026-09-04 15:51:05 Binary: /usr/bin/unexpand
2026-09-04 15:51:05 Binary: /usr/bin/unicode_start
2026-09-04 15:51:05 Binary: /usr/bin/unicode_stop
2026-09-04 15:51:05 Binary: /usr/bin/uniq
2026-09-04 15:51:05 Binary: /usr/bin/unlink
2026-09-04 15:51:05 Binary: /usr/bin/unlzma
2026-09-04 15:51:05 Binary: /usr/bin/unmkinitramfs
2026-09-04 15:51:05 Binary: /usr/bin/unshare
2026-09-04 15:51:05 Binary: /usr/bin/unxz
2026-09-04 15:51:05 Binary: /usr/bin/unzstd
2026-09-04 15:51:06 Binary: /usr/bin/update-alternatives
2026-09-04 15:51:06 Binary: /usr/bin/update-menus
2026-09-04 15:51:06 Binary: /usr/bin/update-mime-database
2026-09-04 15:51:06 Binary: /usr/bin/uptime
2026-09-04 15:51:06 Binary: /usr/bin/users
2026-09-04 15:51:06 Binary: /usr/bin/utmpdump
2026-09-04 15:51:06 Binary: /usr/bin/vboxwl
2026-09-04 15:51:06 Binary: /usr/bin/vdir
2026-09-04 15:51:06 Binary: /usr/bin/vi
2026-09-04 15:51:06 Binary: /usr/bin/view
2026-09-04 15:51:06 Binary: /usr/bin/vim.tiny
2026-09-04 15:51:06 Binary: /usr/bin/vmstat
2026-09-04 15:51:06 Binary: /usr/bin/w
2026-09-04 15:51:06 Binary: /usr/bin/wall
2026-09-04 15:51:07 Binary: /usr/bin/watch
2026-09-04 15:51:07 Binary: /usr/bin/watchgnupg
2026-09-04 15:51:07 Binary: /usr/bin/wc
2026-09-04 15:51:07 Binary: /usr/bin/wdctl
2026-09-04 15:51:07 Binary: /usr/bin/wget
2026-09-04 15:51:07 Binary: /usr/bin/whatis
2026-09-04 15:51:07 Binary: /usr/bin/whereis
2026-09-04 15:51:07 Binary: /usr/bin/which
2026-09-04 15:51:07 Binary: /usr/bin/which.debianutils
2026-09-04 15:51:07 Binary: /usr/bin/whiptail
2026-09-04 15:51:07 Binary: /usr/bin/who
2026-09-04 15:51:07 Binary: /usr/bin/whoami
2026-09-04 15:51:07 Binary: /usr/bin/wpa_passphrase
2026-09-04 15:51:07 Binary: /usr/bin/write
2026-09-04 15:51:07 Binary: /usr/bin/x86_64
2026-09-04 15:51:08 Binary: /usr/bin/x86_64-linux-gnu-addr2line
2026-09-04 15:51:08 Binary: /usr/bin/x86_64-linux-gnu-ar
2026-09-04 15:51:08 Binary: /usr/bin/x86_64-linux-gnu-as
2026-09-04 15:51:08 Binary: /usr/bin/x86_64-linux-gnu-c++filt
2026-09-04 15:51:08 Binary: /usr/bin/x86_64-linux-gnu-cpp
2026-09-04 15:51:08 Binary: /usr/bin/x86_64-linux-gnu-cpp-12
2026-09-04 15:51:08 Binary: /usr/bin/x86_64-linux-gnu-dwp
2026-09-04 15:51:08 Binary: /usr/bin/x86_64-linux-gnu-elfedit
2026-09-04 15:51:08 Binary: /usr/bin/x86_64-linux-gnu-g++
2026-09-04 15:51:08 Binary: /usr/bin/x86_64-linux-gnu-g++-12
2026-09-04 15:51:08 Binary: /usr/bin/x86_64-linux-gnu-gcc
2026-09-04 15:51:08 Binary: /usr/bin/x86_64-linux-gnu-gcc-12
2026-09-04 15:51:08 Binary: /usr/bin/x86_64-linux-gnu-gcc-ar
2026-09-04 15:51:08 Binary: /usr/bin/x86_64-linux-gnu-gcc-ar-12
2026-09-04 15:51:09 Binary: /usr/bin/x86_64-linux-gnu-gcc-nm
2026-09-04 15:51:09 Binary: /usr/bin/x86_64-linux-gnu-gcc-nm-12
2026-09-04 15:51:09 Binary: /usr/bin/x86_64-linux-gnu-gcc-ranlib
2026-09-04 15:51:09 Binary: /usr/bin/x86_64-linux-gnu-gcc-ranlib-12
2026-09-04 15:51:09 Binary: /usr/bin/x86_64-linux-gnu-gcov
2026-09-04 15:51:09 Binary: /usr/bin/x86_64-linux-gnu-gcov-12
2026-09-04 15:51:09 Binary: /usr/bin/x86_64-linux-gnu-gcov-dump
2026-09-04 15:51:09 Binary: /usr/bin/x86_64-linux-gnu-gcov-dump-12
2026-09-04 15:51:09 Binary: /usr/bin/x86_64-linux-gnu-gcov-tool
2026-09-04 15:51:09 Binary: /usr/bin/x86_64-linux-gnu-gcov-tool-12
2026-09-04 15:51:09 Binary: /usr/bin/x86_64-linux-gnu-gold
2026-09-04 15:51:09 Binary: /usr/bin/x86_64-linux-gnu-gp-archive
2026-09-04 15:51:09 Binary: /usr/bin/x86_64-linux-gnu-gp-collect-app
2026-09-04 15:51:09 Binary: /usr/bin/x86_64-linux-gnu-gp-display-html
2026-09-04 15:51:09 Binary: /usr/bin/x86_64-linux-gnu-gp-display-src
2026-09-04 15:51:10 Binary: /usr/bin/x86_64-linux-gnu-gp-display-text
2026-09-04 15:51:10 Binary: /usr/bin/x86_64-linux-gnu-gprof
2026-09-04 15:51:10 Binary: /usr/bin/x86_64-linux-gnu-gprofng
2026-09-04 15:51:10 Binary: /usr/bin/x86_64-linux-gnu-ld
2026-09-04 15:51:10 Binary: /usr/bin/x86_64-linux-gnu-ld.bfd
2026-09-04 15:51:10 Binary: /usr/bin/x86_64-linux-gnu-ld.gold
2026-09-04 15:51:10 Binary: /usr/bin/x86_64-linux-gnu-lto-dump
2026-09-04 15:51:10 Binary: /usr/bin/x86_64-linux-gnu-lto-dump-12
2026-09-04 15:51:10 Binary: /usr/bin/x86_64-linux-gnu-nm
2026-09-04 15:51:10 Binary: /usr/bin/x86_64-linux-gnu-objcopy
2026-09-04 15:51:10 Binary: /usr/bin/x86_64-linux-gnu-objdump
2026-09-04 15:51:10 Binary: /usr/bin/x86_64-linux-gnu-ranlib
2026-09-04 15:51:10 Binary: /usr/bin/x86_64-linux-gnu-readelf
2026-09-04 15:51:10 Binary: /usr/bin/x86_64-linux-gnu-size
2026-09-04 15:51:10 Binary: /usr/bin/x86_64-linux-gnu-strings
2026-09-04 15:51:10 Binary: /usr/bin/x86_64-linux-gnu-strip
2026-09-04 15:51:11 Binary: /usr/bin/xargs
2026-09-04 15:51:11 Binary: /usr/bin/xauth
2026-09-04 15:51:11 Binary: /usr/bin/xdg-user-dir
2026-09-04 15:51:11 Binary: /usr/bin/xdg-user-dirs-update
2026-09-04 15:51:11 Binary: /usr/bin/xsubpp
2026-09-04 15:51:11 Binary: /usr/bin/xz
2026-09-04 15:51:11 Binary: /usr/bin/xzcat
2026-09-04 15:51:11 Binary: /usr/bin/xzcmp
2026-09-04 15:51:11 Binary: /usr/bin/xzdiff
2026-09-04 15:51:11 Binary: /usr/bin/xzegrep
2026-09-04 15:51:11 Binary: /usr/bin/xzfgrep
2026-09-04 15:51:11 Binary: /usr/bin/xzgrep
2026-09-04 15:51:11 Binary: /usr/bin/xzless
2026-09-04 15:51:11 Binary: /usr/bin/xzmore
2026-09-04 15:51:11 Binary: /usr/bin/yes
2026-09-04 15:51:11 Binary: /usr/bin/ypdomainname
2026-09-04 15:51:12 Binary: /usr/bin/zcat
2026-09-04 15:51:12 Binary: /usr/bin/zcmp
2026-09-04 15:51:12 Binary: /usr/bin/zdiff
2026-09-04 15:51:12 Binary: /usr/bin/zdump
2026-09-04 15:51:12 Binary: /usr/bin/zegrep
2026-09-04 15:51:12 Binary: /usr/bin/zfgrep
2026-09-04 15:51:12 Binary: /usr/bin/zforce
2026-09-04 15:51:12 Binary: /usr/bin/zgrep
2026-09-04 15:51:12 Binary: /usr/bin/zipdetails
2026-09-04 15:51:12 Binary: /usr/bin/zless
2026-09-04 15:51:12 Binary: /usr/bin/zmore
2026-09-04 15:51:12 Binary: /usr/bin/znew
2026-09-04 15:51:12 Binary: /usr/bin/zstd
2026-09-04 15:51:12 Binary: /usr/bin/zstdcat
2026-09-04 15:51:12 Binary: /usr/bin/zstdgrep
2026-09-04 15:51:13 Binary: /usr/bin/zstdless
2026-09-04 15:51:13 Binary: /usr/bin/zstdmt
2026-09-04 15:51:13 ====
2026-09-04 15:51:13 Test: Checking binaries in directory /usr/sbin
2026-09-04 15:51:13 Directory /usr/sbin exists. Starting directory scanning...
2026-09-04 15:51:13 Binary: /usr/sbin/VBoxService
2026-09-04 15:51:13 Binary: /usr/sbin/aa-remove-unknown
2026-09-04 15:51:13 Binary: /usr/sbin/aa-status
2026-09-04 15:51:13 Binary: /usr/sbin/aa-teardown
2026-09-04 15:51:13 Binary: /usr/sbin/accessdb
2026-09-04 15:51:13 Binary: /usr/sbin/add-shell
2026-09-04 15:51:13 Binary: /usr/sbin/addgnupghome
2026-09-04 15:51:13 Binary: /usr/sbin/addgroup
2026-09-04 15:51:13 Binary: /usr/sbin/adduser
2026-09-04 15:51:13 Binary: /usr/sbin/agetty
2026-09-04 15:51:13 Binary: /usr/sbin/anacron
2026-09-04 15:51:13 Binary: /usr/sbin/apparmor_parser
2026-09-04 15:51:14 Binary: /usr/sbin/apparmor_status
2026-09-04 15:51:14 Binary: /usr/sbin/applygnupgdefaults
2026-09-04 15:51:14 Binary: /usr/sbin/arpd
2026-09-04 15:51:14 Binary: /usr/sbin/aspell-autobuildhash
2026-09-04 15:51:14 Binary: /usr/sbin/avahi-autoipd
2026-09-04 15:51:14 Binary: /usr/sbin/badblocks
2026-09-04 15:51:14 Binary: /usr/sbin/biosdecode
2026-09-04 15:51:14 Binary: /usr/sbin/blkdeactivate
2026-09-04 15:51:14 Binary: /usr/sbin/blkdiscard
2026-09-04 15:51:14 Binary: /usr/sbin/blkid
2026-09-04 15:51:14 Binary: /usr/sbin/blkzone
2026-09-04 15:51:14 Binary: /usr/sbin/blockdev
2026-09-04 15:51:14 Binary: /usr/sbin/bluetoothd
2026-09-04 15:51:14 Binary: /usr/sbin/bridge
2026-09-04 15:51:14 Binary: /usr/sbin/capsh
2026-09-04 15:51:15 Binary: /usr/sbin/cfdisk
2026-09-04 15:51:15 Binary: /usr/sbin/chcpu
2026-09-04 15:51:15 Binary: /usr/sbin/chgpasswd
2026-09-04 15:51:15 Binary: /usr/sbin/chmem
2026-09-04 15:51:15 Binary: /usr/sbin/chpasswd
2026-09-04 15:51:15 Binary: /usr/sbin/chroot
2026-09-04 15:51:15 Binary: /usr/sbin/cifs.idmap
2026-09-04 15:51:15 Binary: /usr/sbin/cifs.upcall
2026-09-04 15:51:15 Binary: /usr/sbin/cpgr
2026-09-04 15:51:15 Binary: /usr/sbin/cppw
2026-09-04 15:51:15 Binary: /usr/sbin/cron
2026-09-04 15:51:15 Binary: /usr/sbin/ctrlaltdel
2026-09-04 15:51:15 Binary: /usr/sbin/dcb
2026-09-04 15:51:15 Binary: /usr/sbin/debugfs
2026-09-04 15:51:15 Binary: /usr/sbin/delgroup
2026-09-04 15:51:16 Binary: /usr/sbin/deluser
2026-09-04 15:51:16 Binary: /usr/sbin/depmod
2026-09-04 15:51:16 Binary: /usr/sbin/devlink
2026-09-04 15:51:16 Binary: /usr/sbin/dhclient
2026-09-04 15:51:16 Binary: /usr/sbin/dhclient-script
2026-09-04 15:51:16 Binary: /usr/sbin/discover
2026-09-04 15:51:16 Binary: /usr/sbin/discover-modprobe
2026-09-04 15:51:16 Binary: /usr/sbin/discover-pkginstall
2026-09-04 15:51:16 Binary: /usr/sbin/dmidecode
2026-09-04 15:51:16 Binary: /usr/sbin/dmsetup
2026-09-04 15:51:16 Binary: /usr/sbin/dmstats
2026-09-04 15:51:16 Binary: /usr/sbin/dpkg-fsys-usrunmess
2026-09-04 15:51:16 Binary: /usr/sbin/dpkg-preconfigure
2026-09-04 15:51:16 Binary: /usr/sbin/dpkg-reconfigure
2026-09-04 15:51:16 Binary: /usr/sbin/dumpe2fs
2026-09-04 15:51:17 Binary: /usr/sbin/e2freefrag
2026-09-04 15:51:17 Binary: /usr/sbin/e2fsck
2026-09-04 15:51:17 Binary: /usr/sbin/e2image
2026-09-04 15:51:17 Binary: /usr/sbin/e2label
2026-09-04 15:51:17 Binary: /usr/sbin/e2mmpstatus
2026-09-04 15:51:17 Binary: /usr/sbin/e2scrub
2026-09-04 15:51:17 Binary: /usr/sbin/e2scrub_all
2026-09-04 15:51:17 Binary: /usr/sbin/e2undo
2026-09-04 15:51:17 Binary: /usr/sbin/e4crypt
2026-09-04 15:51:17 Binary: /usr/sbin/e4defrag
2026-09-04 15:51:17 Binary: /usr/sbin/eventlogadm
2026-09-04 15:51:17 Binary: /usr/sbin/faillock
2026-09-04 15:51:17 Binary: /usr/sbin/fdisk
2026-09-04 15:51:17 Binary: /usr/sbin/filefrag
2026-09-04 15:51:17 Binary: /usr/sbin/findfs
2026-09-04 15:51:18 Binary: /usr/sbin/fsck
2026-09-04 15:51:18 Binary: /usr/sbin/fsck.cramfs
2026-09-04 15:51:18 Binary: /usr/sbin/fsck.ext2
2026-09-04 15:51:18 Binary: /usr/sbin/fsck.ext3
2026-09-04 15:51:18 Binary: /usr/sbin/fsck.ext4
2026-09-04 15:51:18 Binary: /usr/sbin/fsck.minix
2026-09-04 15:51:18 Binary: /usr/sbin/fsfreeze
2026-09-04 15:51:18 Binary: /usr/sbin/fstab-decode
2026-09-04 15:51:18 Binary: /usr/sbin/fstrim
2026-09-04 15:51:18 Binary: /usr/sbin/genl
2026-09-04 15:51:18 Binary: /usr/sbin/getcap
2026-09-04 15:51:18 Binary: /usr/sbin/getpcaps
2026-09-04 15:51:18 Binary: /usr/sbin/getty
2026-09-04 15:51:18 Binary: /usr/sbin/groupadd
2026-09-04 15:51:18 Binary: /usr/sbin/groupdel
2026-09-04 15:51:18 Binary: /usr/sbin/groupmems
2026-09-04 15:51:19 Binary: /usr/sbin/groupmod
2026-09-04 15:51:19 Binary: /usr/sbin/grpck
2026-09-04 15:51:19 Binary: /usr/sbin/grpconv
2026-09-04 15:51:19 Binary: /usr/sbin/grpunconv
2026-09-04 15:51:19 Binary: /usr/sbin/grub-bios-setup
2026-09-04 15:51:19 Binary: /usr/sbin/grub-install
2026-09-04 15:51:19 Binary: /usr/sbin/grub-macbless
2026-09-04 15:51:19 Binary: /usr/sbin/grub-mkconfig
2026-09-04 15:51:19 Binary: /usr/sbin/grub-mkdevicemap
2026-09-04 15:51:19 Binary: /usr/sbin/grub-probe
2026-09-04 15:51:19 Binary: /usr/sbin/grub-reboot
2026-09-04 15:51:19 Binary: /usr/sbin/grub-set-default
2026-09-04 15:51:19 Binary: /usr/sbin/halt
2026-09-04 15:51:19 Binary: /usr/sbin/hwclock
2026-09-04 15:51:19 Binary: /usr/sbin/iconvconfig
2026-09-04 15:51:20 Binary: /usr/sbin/ifdown
2026-09-04 15:51:20 Binary: /usr/sbin/ifquery
2026-09-04 15:51:20 Binary: /usr/sbin/ifup
2026-09-04 15:51:20 Binary: /usr/sbin/init
2026-09-04 15:51:20 Binary: /usr/sbin/insmod
2026-09-04 15:51:20 Binary: /usr/sbin/install-menu
2026-09-04 15:51:20 Binary: /usr/sbin/installkernel
2026-09-04 15:51:20 Binary: /usr/sbin/invoke-rc.d
2026-09-04 15:51:20 Binary: /usr/sbin/ip
2026-09-04 15:51:20 Binary: /usr/sbin/isosize
2026-09-04 15:51:20 Binary: /usr/sbin/ispell-autobuildhash
2026-09-04 15:51:20 Binary: /usr/sbin/iucode-tool
2026-09-04 15:51:20 Binary: /usr/sbin/iucode_tool
2026-09-04 15:51:20 Binary: /usr/sbin/iw
2026-09-04 15:51:21 Binary: /usr/sbin/iwconfig
2026-09-04 15:51:21 Binary: /usr/sbin/iwevent
2026-09-04 15:51:21 Binary: /usr/sbin/iwgetid
2026-09-04 15:51:21 Binary: /usr/sbin/iwlist
2026-09-04 15:51:21 Binary: /usr/sbin/iwpriv
2026-09-04 15:51:21 Binary: /usr/sbin/iwspy
2026-09-04 15:51:21 Binary: /usr/sbin/kbdrate
2026-09-04 15:51:21 Binary: /usr/sbin/key.dns_resolver
2026-09-04 15:51:21 Binary: /usr/sbin/killall5
2026-09-04 15:51:21 Binary: /usr/sbin/ldattach
2026-09-04 15:51:21 Binary: /usr/sbin/ldconfig
2026-09-04 15:51:21 Binary: /usr/sbin/locale-gen
2026-09-04 15:51:22 Binary: /usr/sbin/logrotate
2026-09-04 15:51:22 Binary: /usr/sbin/logsave
2026-09-04 15:51:22 Binary: /usr/sbin/losetup
2026-09-04 15:51:22 Binary: /usr/sbin/lsmod
2026-09-04 15:51:22 Binary: /usr/sbin/lynis
2026-09-04 15:51:22 Binary: /usr/sbin/mke2fs
2026-09-04 15:51:22 Binary: /usr/sbin/mkfs
2026-09-04 15:51:22 Binary: /usr/sbin/mkfs.bfs
2026-09-04 15:51:22 Binary: /usr/sbin/mkfs.cramfs
2026-09-04 15:51:22 Binary: /usr/sbin/mkfs.ext2
2026-09-04 15:51:22 Binary: /usr/sbin/mkfs.ext3
2026-09-04 15:51:22 Binary: /usr/sbin/mkfs.ext4
2026-09-04 15:51:22 Binary: /usr/sbin/mkfs.minix
2026-09-04 15:51:22 Binary: /usr/sbin/mkhomedir_helper
2026-09-04 15:51:22 Binary: /usr/sbin/mkinitramfs
2026-09-04 15:51:22 Binary: /usr/sbin/mklost+found
2026-09-04 15:51:23 Binary: /usr/sbin/mkswap
2026-09-04 15:51:23 Binary: /usr/sbin/modinfo
2026-09-04 15:51:23 Binary: /usr/sbin/modprobe
2026-09-04 15:51:23 Binary: /usr/sbin/mount.cifs
2026-09-04 15:51:23 Binary: /usr/sbin/mount.smb3
2026-09-04 15:51:23 Binary: /usr/sbin/mount.vboxsf
2026-09-04 15:51:23 Binary: /usr/sbin/newusers
2026-09-04 15:51:23 Binary: /usr/sbin/nft
2026-09-04 15:51:23 Binary: /usr/sbin/nginx
2026-09-04 15:51:23 Binary: /usr/sbin/nmbd
2026-09-04 15:51:23 Binary: /usr/sbin/nologin
2026-09-04 15:51:23 Binary: /usr/sbin/ownership
2026-09-04 15:51:23 Binary: /usr/sbin/pam-auth-update
2026-09-04 15:51:23 Binary: /usr/sbin/pam_getenv
2026-09-04 15:51:23 Binary: /usr/sbin/pam_namespace_helper
2026-09-04 15:51:24 Binary: /usr/sbin/pam_timestamp_check
2026-09-04 15:51:24 Binary: /usr/sbin/pivot_root
2026-09-04 15:51:24 Binary: /usr/sbin/poweroff
2026-09-04 15:51:24 Binary: /usr/sbin/powertop
2026-09-04 15:51:24 Binary: /usr/sbin/pwck
2026-09-04 15:51:24 Binary: /usr/sbin/pwconv
2026-09-04 15:51:24 Binary: /usr/sbin/pwhistory_helper
2026-09-04 15:51:24 Binary: /usr/sbin/pwunconv
2026-09-04 15:51:24 Binary: /usr/sbin/rcvboxadd
2026-09-04 15:51:24 Binary: /usr/sbin/rcvboxadd-service
2026-09-04 15:51:24 Binary: /usr/sbin/readprofile
2026-09-04 15:51:24 Binary: /usr/sbin/reboot
2026-09-04 15:51:24 Binary: /usr/sbin/remove-default-ispell
2026-09-04 15:51:24 Binary: /usr/sbin/remove-default-wordlist
2026-09-04 15:51:24 Binary: /usr/sbin/remove-shell
2026-09-04 15:51:24 Binary: /usr/sbin/request-key
2026-09-04 15:51:25 Binary: /usr/sbin/resize2fs
2026-09-04 15:51:25 Binary: /usr/sbin/rmmod
2026-09-04 15:51:25 Binary: /usr/sbin/rmt
2026-09-04 15:51:25 Binary: /usr/sbin/rmt-tar
2026-09-04 15:51:25 Binary: /usr/sbin/rtacct
2026-09-04 15:51:25 Binary: /usr/sbin/rtcwake
2026-09-04 15:51:25 Binary: /usr/sbin/rtmon
2026-09-04 15:51:25 Binary: /usr/sbin/runlevel
2026-09-04 15:51:25 Binary: /usr/sbin/runuser
2026-09-04 15:51:25 Binary: /usr/sbin/samba
2026-09-04 15:51:25 Binary: /usr/sbin/samba-gpupdate
2026-09-04 15:51:25 Binary: /usr/sbin/samba_dnsupdate
2026-09-04 15:51:25 Binary: /usr/sbin/samba_downgrade_db
2026-09-04 15:51:25 Binary: /usr/sbin/samba_kcc
2026-09-04 15:51:25 Binary: /usr/sbin/samba_spnupdate
2026-09-04 15:51:25 Binary: /usr/sbin/samba_upgradedns
2026-09-04 15:51:25 Binary: /usr/sbin/select-default-ispell
2026-09-04 15:51:26 Binary: /usr/sbin/select-default-wordlist
2026-09-04 15:51:26 Binary: /usr/sbin/service
2026-09-04 15:51:26 Binary: /usr/sbin/setcap
2026-09-04 15:51:26 Binary: /usr/sbin/setvesablank
2026-09-04 15:51:26 Binary: /usr/sbin/sfdisk
2026-09-04 15:51:26 Binary: /usr/sbin/shadowconfig
2026-09-04 15:51:26 Binary: /usr/sbin/shutdown
2026-09-04 15:51:26 Binary: /usr/sbin/smbd
2026-09-04 15:51:26 Binary: /usr/sbin/sshd
2026-09-04 15:51:26 Binary: /usr/sbin/start-stop-daemon
2026-09-04 15:51:26 Binary: /usr/sbin/su-to-root
2026-09-04 15:51:26 Binary: /usr/sbin/sulogin
2026-09-04 15:51:26 Binary: /usr/sbin/swaplabel
2026-09-04 15:51:26 Binary: /usr/sbin/swapoff
2026-09-04 15:51:26 Binary: /usr/sbin/swapon
2026-09-04 15:51:27 Binary: /usr/sbin/switch_root
2026-09-04 15:51:27 Binary: /usr/sbin/sysctl
2026-09-04 15:51:27 Binary: /usr/sbin/tarcat
2026-09-04 15:51:27 Binary: /usr/sbin/tc
2026-09-04 15:51:27 Binary: /usr/sbin/tcptraceroute
2026-09-04 15:51:27 Binary: /usr/sbin/tcptraceroute.db
2026-09-04 15:51:27 Binary: /usr/sbin/telinit
2026-09-04 15:51:27 Binary: /usr/sbin/tipc
2026-09-04 15:51:27 Binary: /usr/sbin/traceroute
2026-09-04 15:51:27 Binary: /usr/sbin/tune2fs
2026-09-04 15:51:27 Binary: /usr/sbin/unix_chkpwd
2026-09-04 15:51:27 Binary: /usr/sbin/unix_update
2026-09-04 15:51:27 Binary: /usr/sbin/update-ca-certificates
2026-09-04 15:51:27 Binary: /usr/sbin/update-default-aspell
2026-09-04 15:51:27 Binary: /usr/sbin/update-default-ispell
2026-09-04 15:51:28 Binary: /usr/sbin/update-default-wordlist
2026-09-04 15:51:28 Binary: /usr/sbin/update-dictcommon-aspell
2026-09-04 15:51:28 Binary: /usr/sbin/update-dictcommon-hunspell
2026-09-04 15:51:28 Binary: /usr/sbin/update-grub
2026-09-04 15:51:28 Binary: /usr/sbin/update-grub2
2026-09-04 15:51:28 Binary: /usr/sbin/update-initramfs
2026-09-04 15:51:28 Binary: /usr/sbin/update-locale
2026-09-04 15:51:28 Binary: /usr/sbin/update-mime
2026-09-04 15:51:28 Binary: /usr/sbin/update-passwd
2026-09-04 15:51:28 Binary: /usr/sbin/update-pciids
2026-09-04 15:51:28 Binary: /usr/sbin/update-rc.d
2026-09-04 15:51:28 Binary: /usr/sbin/update-shells
2026-09-04 15:51:28 Binary: /usr/sbin/upgrade-from-grub-legacy
2026-09-04 15:51:28 Binary: /usr/sbin/useradd
2026-09-04 15:51:28 Binary: /usr/sbin/userdel
2026-09-04 15:51:28 Binary: /usr/sbin/usermod
2026-09-04 15:51:29 Binary: /usr/sbin/validlocale
2026-09-04 15:51:29 Binary: /usr/sbin/vbox-uninstall-guest-additions
2026-09-04 15:51:29 Binary: /usr/sbin/vcstime
2026-09-04 15:51:29 Binary: /usr/sbin/vdpa
2026-09-04 15:51:29 Binary: /usr/sbin/vigr
2026-09-04 15:51:29 Binary: /usr/sbin/vipw
2026-09-04 15:51:29 Binary: /usr/sbin/vpddecode
2026-09-04 15:51:29 Binary: /usr/sbin/wipefs
2026-09-04 15:51:29 Binary: /usr/sbin/wpa_action
2026-09-04 15:51:29 Binary: /usr/sbin/wpa_cli
2026-09-04 15:51:29 Binary: /usr/sbin/wpa_supplicant
2026-09-04 15:51:29 Binary: /usr/sbin/zic
2026-09-04 15:51:29 Binary: /usr/sbin/zramctl
2026-09-04 15:51:29 ====
2026-09-04 15:51:29 Test: Checking binaries in directory /usr/local/bin
2026-09-04 15:51:29 Directory /usr/local/bin exists. Starting directory scanning...
2026-09-04 15:51:30 ====
2026-09-04 15:51:30 Test: Checking binaries in directory /usr/local/sbin
2026-09-04 15:51:30 Directory /usr/local/sbin exists. Starting directory scanning...
2026-09-04 15:51:30 ====
2026-09-04 15:51:30 Discovered directories: /bin, /sbin, /usr/bin, /usr/sbin, /usr/local/bin, /usr/local/sbin
2026-09-04 15:51:30 DEB-0001 Result: found 2224 binaries
2026-09-04 15:51:30 Status: Starting Authentication checks...
2026-09-04 15:51:30 Status: Checking if libpam-tmpdir is installed and enabled...
2026-09-04 15:51:30 ====
2026-09-04 15:51:30 Performing test ID DEB-0280 (Checking if libpam-tmpdir is installed and enabled.)
2026-09-04 15:51:35  - libpam-tmpdir is not installed.
2026-09-04 15:51:35 Hardening: assigned partial number of hardening points (0 of 2). Currently having 0 points (out of 2)
2026-09-04 15:51:35 Suggestion: Install libpam-tmpdir to set $TMP and $TMPDIR for PAM sessions [test:DEB-0280] [details:-] [solution:-]
2026-09-04 15:51:35 Status: Starting file system checks...
2026-09-04 15:51:35 Status: Starting file system checks for dm-crypt, cryptsetup & cryptmount...
2026-09-04 15:51:35 ====
2026-09-04 15:51:36 Skipped test DEB-0510 (Checking if LVM volume groups or file systems are stored on encrypted partitions)
2026-09-04 15:51:36 Reason to skip: Prerequisites not met (ie missing tool, other type of Linux distribution)
2026-09-04 15:51:36 ====
2026-09-04 15:51:36 Skipped test DEB-0520 (Checking for Ecryptfs)
2026-09-04 15:51:36 Reason to skip: Prerequisites not met (ie missing tool, other type of Linux distribution)
2026-09-04 15:51:36 Status: Starting Software checks...
2026-09-04 15:51:36 ====
2026-09-04 15:51:36 Performing test ID DEB-0810 (Checking for apt-listbugs)
2026-09-04 15:51:36  - apt-listbugs is not installed.
2026-09-04 15:51:36 Hardening: assigned partial number of hardening points (0 of 2). Currently having 0 points (out of 4)
2026-09-04 15:51:36 Suggestion: Install apt-listbugs to display a list of critical bugs prior to each APT installation. [test:DEB-0810] [details:-] [solution:-]
2026-09-04 15:51:36 ====
2026-09-04 15:51:36 Performing test ID DEB-0811 (Checking for apt-listchanges)
2026-09-04 15:51:36  - apt-listchanges is installed.
2026-09-04 15:51:36 Hardening: assigned maximum number of hardening points for this item (1). Currently having 1 points (out of 5)
2026-09-04 15:51:36  - Apt configured to use apt-listchanges
2026-09-04 15:51:36 Hardening: assigned maximum number of hardening points for this item (1). Currently having 2 points (out of 6)
2026-09-04 15:51:37 ====
2026-09-04 15:51:37 Performing test ID DEB-0831 (Verifying that needrestart is installed.)
2026-09-04 15:51:37  - needrestart is not installed.
2026-09-04 15:51:37 Suggestion: Install needrestart, alternatively to debian-goodies, so that you can run needrestart after upgrades to determine which daemons are using old versions of libraries and need restarting. [test:DEB-0831] [details:-] [solution:-]
2026-09-04 15:51:37 Hardening: assigned partial number of hardening points (0 of 1). Currently having 2 points (out of 7)
2026-09-04 15:51:37 ====
2026-09-04 15:51:37 Performing test ID DEB-0880 (Checking for fail2ban)
2026-09-04 15:51:37  - fail2ban is not installed.
2026-09-04 15:51:37 Hardening: assigned partial number of hardening points (0 of 2). Currently having 2 points (out of 9)
2026-09-04 15:51:37 Suggestion: Install fail2ban to automatically ban hosts that commit multiple authentication errors. [test:DEB-0880] [details:-] [solution:-]
2026-09-04 15:51:37 ====
2026-09-04 15:51:37 ====
2026-09-04 15:51:37 Result: debian plugin (phase 1) finished
2026-09-04 15:51:37 --
2026-09-04 15:51:37 Result: Found 1 plugins of which 1 are enabled
2026-09-04 15:51:37 Result: Plugins phase 1 finished
2026-09-04 15:51:37 ====
2026-09-04 15:51:38 Info: found hashing tool, start generation of HostID
2026-09-04 15:51:38 Interface 'enp0s3' is up, fetching MAC address
2026-09-04 15:51:38 Info: using hardware address '08:00:27:0a:3e:c1' to create HostID
2026-09-04 15:51:38 Result: Found HostID: debe28d1195208242d213c5d9ad57b5c937be12e
2026-09-04 15:51:38 Info: start generation of HostID (version 2)
2026-09-04 15:51:38 Result: found file ssh_host_ed25519_key.pub in /etc/ssh, using that as candidate to create hostid2
2026-09-04 15:51:38 Using SSH public key to create hostid2
2026-09-04 15:51:38 Hash (hostname): 46a6973dd646e3e91261f202da92b787ad486320cbf1b8340c51438638d064a3
2026-09-04 15:51:39 Hash (ssh or machineid): b796135752c660707fcc9eddf3dc779470cf03faceb0e8a2e31d2e89725627be
2026-09-04 15:51:39 hostid-generation: method linux-sys-interface-up
2026-09-04 15:51:39 hostid2-generation: method ssh-public-key
2026-09-04 15:51:39 Info: HostID debe28d1195208242d213c5d9ad57b5c937be12e looks to be valid
2026-09-04 15:51:39 Info: no machine ID found
2026-09-04 15:51:39 ====
2026-09-04 15:51:39 Info: perform tests from all categories
2026-09-04 15:51:39 Security check: file is normal
2026-09-04 15:51:39 Checking permissions of /usr/share/lynis/include/tests_boot_services
2026-09-04 15:51:39 File permissions are OK
2026-09-04 15:51:39 ====
2026-09-04 15:51:39 Action: Performing tests from category: Boot and services
2026-09-04 15:51:39 ====
2026-09-04 15:51:39 Skipped test BOOT-5102 (Check for AIX boot device)
2026-09-04 15:51:39 Reason to skip: Incorrect guest OS (AIX only)
2026-09-04 15:51:39 ====
2026-09-04 15:51:40 Performing test ID BOOT-5104 (Determine service manager)
2026-09-04 15:51:40 Result: cmdline found = /sbin/init
2026-09-04 15:51:40 Result: file on disk = /sbin/init
2026-09-04 15:51:40 Action: checking symlink for file /sbin/init
2026-09-04 15:51:40 Note: Using real readlink binary to determine symlink on /sbin/init
2026-09-04 15:51:40 Result: readlink shows /usr/lib/systemd/systemd as output
2026-09-04 15:51:40 Result: symlink found, pointing to file /usr/lib/systemd/systemd
2026-09-04 15:51:40 Found: systemd
2026-09-04 15:51:40 Result: service manager found = systemd
2026-09-04 15:51:40 ====
2026-09-04 15:51:40 Skipped test BOOT-5106 (Check EFI boot file on Mac OS X/macOS)
2026-09-04 15:51:40 Reason to skip: Incorrect guest OS (macOS only)
2026-09-04 15:51:40 ====
2026-09-04 15:51:40 Performing test ID BOOT-5108 (Check Syslinux as bootloader)
2026-09-04 15:51:41 Test: checking if file /boot/syslinux/syslinux.cfg exists
2026-09-04 15:51:41 Result: file /boot/syslinux/syslinux.cfg NOT found
2026-09-04 15:51:41 ====
2026-09-04 15:51:41 Performing test ID BOOT-5109 (Check rEFInd as bootloader)
2026-09-04 15:51:41 Test: checking if file /boot/refind_linux.conf exists
2026-09-04 15:51:41 Result: file /boot/refind_linux.conf NOT found
2026-09-04 15:51:41 ====
2026-09-04 15:51:41 Performing test ID BOOT-5116 (Check if system is booted in UEFI mode)
2026-09-04 15:51:41 Test: checking if UEFI is used
2026-09-04 15:51:41 Result: UEFI not used, can't find /sys/firmware/efi directory
2026-09-04 15:51:41 Test: determine if Secure Boot is used
2026-09-04 15:51:41 Result: system not booted with Secure Boot (no SecureBoot file found)
2026-09-04 15:51:41 ====
2026-09-04 15:51:41 Skipped test BOOT-5117 (Check for systemd-boot bootloader presence)
2026-09-04 15:51:41 Reason to skip: Prerequisites not met (ie missing tool, other type of Linux distribution)
2026-09-04 15:51:41 ====
2026-09-04 15:51:42 Performing test ID BOOT-5121 (Check for GRUB boot loader presence)
2026-09-04 15:51:42 Test: Checking for presence GRUB conf file (/boot/grub/grub.conf or /boot/grub/menu.lst)
2026-09-04 15:51:42 Result: found GRUB2 configuration file (/boot/grub/grub.cfg)
2026-09-04 15:51:42 ====
2026-09-04 15:51:42 Performing test ID BOOT-5122 (Check for GRUB boot password)
2026-09-04 15:51:42 Found file /boot/grub/grub.cfg, proceeding with tests.
2026-09-04 15:51:42 Test: check if we can access /boot/grub/grub.cfg (escaped: /boot/grub/grub.cfg)
2026-09-04 15:51:42 Result: file is owned by our current user ID (0), checking if it is readable
2026-09-04 15:51:42 Result: file /boot/grub/grub.cfg is readable (or directory accessible).
2026-09-04 15:51:43 Result: did not find hashed password line in this file
2026-09-04 15:51:43 Result: File '/boot/grub/custom.cfg' does not exist
2026-09-04 15:51:43 Found file /etc/grub.d/00_header, proceeding with tests.
2026-09-04 15:51:43 Test: check if we can access /etc/grub.d/00_header (escaped: /etc/grub.d/00_header)
2026-09-04 15:51:43 Result: file is owned by our current user ID (0), checking if it is readable
2026-09-04 15:51:43 Result: file /etc/grub.d/00_header is readable (or directory accessible).
2026-09-04 15:51:43 Result: did not find hashed password line in this file
2026-09-04 15:51:43 Found file /etc/grub.d/30_uefi-firmware, proceeding with tests.
2026-09-04 15:51:43 Test: check if we can access /etc/grub.d/30_uefi-firmware (escaped: /etc/grub.d/30_uefi-firmware)
2026-09-04 15:51:44 Result: file is owned by our current user ID (0), checking if it is readable
2026-09-04 15:51:44 Result: file /etc/grub.d/30_uefi-firmware is readable (or directory accessible).
2026-09-04 15:51:44 Result: did not find hashed password line in this file
2026-09-04 15:51:44 Found file /etc/grub.d/10_linux, proceeding with tests.
2026-09-04 15:51:44 Test: check if we can access /etc/grub.d/10_linux (escaped: /etc/grub.d/10_linux)
2026-09-04 15:51:44 Result: file is owned by our current user ID (0), checking if it is readable
2026-09-04 15:51:44 Result: file /etc/grub.d/10_linux is readable (or directory accessible).
2026-09-04 15:51:44 Result: did not find hashed password line in this file
2026-09-04 15:51:44 Found file /etc/grub.d/40_custom, proceeding with tests.
2026-09-04 15:51:45 Test: check if we can access /etc/grub.d/40_custom (escaped: /etc/grub.d/40_custom)
2026-09-04 15:51:45 Result: file is owned by our current user ID (0), checking if it is readable
2026-09-04 15:51:45 Result: file /etc/grub.d/40_custom is readable (or directory accessible).
2026-09-04 15:51:45 Result: did not find hashed password line in this file
2026-09-04 15:51:45 Found file /etc/grub.d/20_linux_xen, proceeding with tests.
2026-09-04 15:51:45 Test: check if we can access /etc/grub.d/20_linux_xen (escaped: /etc/grub.d/20_linux_xen)
2026-09-04 15:51:45 Result: file is owned by our current user ID (0), checking if it is readable
2026-09-04 15:51:45 Result: file /etc/grub.d/20_linux_xen is readable (or directory accessible).
2026-09-04 15:51:46 Result: did not find hashed password line in this file
2026-09-04 15:51:46 Found file /etc/grub.d/05_debian_theme, proceeding with tests.
2026-09-04 15:51:46 Test: check if we can access /etc/grub.d/05_debian_theme (escaped: /etc/grub.d/05_debian_theme)
2026-09-04 15:51:46 Result: file is owned by our current user ID (0), checking if it is readable
2026-09-04 15:51:46 Result: file /etc/grub.d/05_debian_theme is readable (or directory accessible).
2026-09-04 15:51:46 Result: did not find hashed password line in this file
2026-09-04 15:51:46 Found file /etc/grub.d/41_custom, proceeding with tests.
2026-09-04 15:51:46 Test: check if we can access /etc/grub.d/41_custom (escaped: /etc/grub.d/41_custom)
2026-09-04 15:51:46 Result: file is owned by our current user ID (0), checking if it is readable
2026-09-04 15:51:47 Result: file /etc/grub.d/41_custom is readable (or directory accessible).
2026-09-04 15:51:47 Result: did not find hashed password line in this file
2026-09-04 15:51:47 Found file /etc/grub.d/30_os-prober, proceeding with tests.
2026-09-04 15:51:47 Test: check if we can access /etc/grub.d/30_os-prober (escaped: /etc/grub.d/30_os-prober)
2026-09-04 15:51:47 Result: file is owned by our current user ID (0), checking if it is readable
2026-09-04 15:51:47 Result: file /etc/grub.d/30_os-prober is readable (or directory accessible).
2026-09-04 15:51:47 Result: did not find hashed password line in this file
2026-09-04 15:51:47 Result: Didn't find hashed password line in GRUB configuration
2026-09-04 15:51:48 Suggestion: Set a password on GRUB boot loader to prevent altering boot configuration (e.g. boot in single user mode without password) [test:BOOT-5122] [details:-] [solution:-]
2026-09-04 15:51:48 Hardening: assigned partial number of hardening points (0 of 2). Currently having 2 points (out of 11)
2026-09-04 15:51:48 ====
2026-09-04 15:51:48 Skipped test BOOT-5124 (Check for FreeBSD boot loader presence)
2026-09-04 15:51:48 Reason to skip: Incorrect guest OS (FreeBSD only)
2026-09-04 15:51:48 ====
2026-09-04 15:51:48 Skipped test BOOT-5261 (Check for DragonFly boot loader presence)
2026-09-04 15:51:48 Reason to skip: Incorrect guest OS (DragonFly only)
2026-09-04 15:51:48 ====
2026-09-04 15:51:48 Skipped test BOOT-5126 (Check for NetBSD boot loader presence)
2026-09-04 15:51:48 Reason to skip: Incorrect guest OS (NetBSD only)
2026-09-04 15:51:48 ====
2026-09-04 15:51:48 Performing test ID BOOT-5139 (Check for LILO boot loader presence)
2026-09-04 15:51:48 Test: checking for presence LILO configuration file
2026-09-04 15:51:48 Result: LILO configuration file not found
2026-09-04 15:51:49 ====
2026-09-04 15:51:49 Performing test ID BOOT-5140 (Check for ELILO boot loader presence)
2026-09-04 15:51:49 Test: checking if file /etc/elilo.conf exists
2026-09-04 15:51:49 Result: file /etc/elilo.conf NOT found
2026-09-04 15:51:49 Test: checking if file /boot/efi/EFI/Debian/elilo.conf exists
2026-09-04 15:51:49 Result: file /boot/efi/EFI/Debian/elilo.conf NOT found
2026-09-04 15:51:49 ====
2026-09-04 15:51:49 Performing test ID BOOT-5142 (Check SPARC Improved boot loader (SILO))
2026-09-04 15:51:49 Result: no SILO configuration file found.
2026-09-04 15:51:49 ====
2026-09-04 15:51:49 Performing test ID BOOT-5155 (Check for YABOOT boot loader configuration file)
2026-09-04 15:51:49 Test: Check for /etc/yaboot.conf
2026-09-04 15:51:49 Result: no YABOOT configuration file found.
2026-09-04 15:51:49 ====
2026-09-04 15:51:49 Skipped test BOOT-5159 (Check for OpenBSD boot loader presence)
2026-09-04 15:51:49 Reason to skip: Incorrect guest OS (OpenBSD only)
2026-09-04 15:51:50 ====
2026-09-04 15:51:50 Skipped test BOOT-5165 (Check for FreeBSD boot services)
2026-09-04 15:51:50 Reason to skip: Incorrect guest OS (FreeBSD only)
2026-09-04 15:51:50 ====
2026-09-04 15:51:50 Skipped test BOOT-5170 (Check for Solaris boot daemons)
2026-09-04 15:51:50 Reason to skip: Incorrect guest OS (Solaris only)
2026-09-04 15:51:50 ====
2026-09-04 15:51:50 Performing test ID BOOT-5177 (Check for Linux boot and running services)
2026-09-04 15:51:50 Test: checking presence systemctl binary
2026-09-04 15:51:50 Result: systemctl binary found, trying that to discover information
2026-09-04 15:51:50 Searching for running services (systemctl services only)
2026-09-04 15:51:50 Found running service: cron
2026-09-04 15:51:50 Found running service: dbus
2026-09-04 15:51:50 Found running service: getty@tty1
2026-09-04 15:51:50 Found running service: nginx
2026-09-04 15:51:50 Found running service: nmbd
2026-09-04 15:51:50 Found running service: smbd
2026-09-04 15:51:51 Found running service: ssh
2026-09-04 15:51:51 Found running service: systemd-journald
2026-09-04 15:51:51 Found running service: systemd-logind
2026-09-04 15:51:51 Found running service: systemd-udevd
2026-09-04 15:51:51 Found running service: user@0
2026-09-04 15:51:51 Found running service: wpa_supplicant
2026-09-04 15:51:51 Hint: Run systemctl --full --type=service to see all services
2026-09-04 15:51:51 Result: Found 12 running services
2026-09-04 15:51:51 Searching for enabled services (systemctl services only)
2026-09-04 15:51:56 Found enabled service at boot: anacron
2026-09-04 15:51:56 Found enabled service at boot: apparmor
2026-09-04 15:51:56 Found enabled service at boot: bluetooth
2026-09-04 15:51:56 Found enabled service at boot: console-setup
2026-09-04 15:51:56 Found enabled service at boot: cron
2026-09-04 15:51:57 Found enabled service at boot: e2scrub_reap
2026-09-04 15:51:57 Found enabled service at boot: getty@
2026-09-04 15:51:57 Found enabled service at boot: keyboard-setup
2026-09-04 15:51:57 Found enabled service at boot: networking
2026-09-04 15:51:57 Found enabled service at boot: nginx
2026-09-04 15:51:57 Found enabled service at boot: nmbd
2026-09-04 15:51:57 Found enabled service at boot: samba-ad-dc
2026-09-04 15:51:57 Found enabled service at boot: smbd
2026-09-04 15:51:57 Found enabled service at boot: ssh
2026-09-04 15:51:57 Found enabled service at boot: systemd-pstore
2026-09-04 15:51:57 Found enabled service at boot: systemd-timesyncd
2026-09-04 15:51:57 Found enabled service at boot: vboxadd
2026-09-04 15:51:57 Found enabled service at boot: vboxadd
2026-09-04 15:51:57 Found enabled service at boot: wpa_supplicant
2026-09-04 15:51:57 Hint: Run systemctl list-unit-files --type=service to see all services
2026-09-04 15:51:57 Result: Found 19 enabled services
2026-09-04 15:51:57 ====
2026-09-04 15:51:57 Performing test ID BOOT-5180 (Check for Linux boot services (Debian style))
2026-09-04 15:51:57 Result: found runlevel 3
2026-09-04 15:51:57 Result: skipping further actions
2026-09-04 15:51:57 ====
2026-09-04 15:51:58 Performing test ID BOOT-5184 (Check permissions for boot files/scripts)
2026-09-04 15:51:58 Result: checking /etc/init.d scripts for writable bit
2026-09-04 15:51:58 Test: checking if directory /etc/init.d exists
2026-09-04 15:51:58 Result: directory /etc/init.d found
2026-09-04 15:51:58 Test: checking for available files in directory
2026-09-04 15:51:58 Result: found files in directory, checking permissions now
2026-09-04 15:51:58 Test: checking permissions of file /etc/init.d/anacron
2026-09-04 15:51:58 Result: good, file /etc/init.d/anacron not world writable
2026-09-04 15:51:58 Test: checking permissions of file /etc/init.d/apparmor
2026-09-04 15:51:58 Result: good, file /etc/init.d/apparmor not world writable
2026-09-04 15:51:58 Test: checking permissions of file /etc/init.d/bluetooth
2026-09-04 15:51:58 Result: good, file /etc/init.d/bluetooth not world writable
2026-09-04 15:51:58 Test: checking permissions of file /etc/init.d/console-setup.sh
2026-09-04 15:51:58 Result: good, file /etc/init.d/console-setup.sh not world writable
2026-09-04 15:51:58 Test: checking permissions of file /etc/init.d/cron
2026-09-04 15:51:58 Result: good, file /etc/init.d/cron not world writable
2026-09-04 15:51:59 Test: checking permissions of file /etc/init.d/dbus
2026-09-04 15:51:59 Result: good, file /etc/init.d/dbus not world writable
2026-09-04 15:51:59 Test: checking permissions of file /etc/init.d/hwclock.sh
2026-09-04 15:51:59 Result: good, file /etc/init.d/hwclock.sh not world writable
2026-09-04 15:51:59 Test: checking permissions of file /etc/init.d/keyboard-setup.sh
2026-09-04 15:51:59 Result: good, file /etc/init.d/keyboard-setup.sh not world writable
2026-09-04 15:51:59 Test: checking permissions of file /etc/init.d/kmod
2026-09-04 15:51:59 Result: good, file /etc/init.d/kmod not world writable
2026-09-04 15:51:59 Test: checking permissions of file /etc/init.d/networking
2026-09-04 15:51:59 Result: good, file /etc/init.d/networking not world writable
2026-09-04 15:51:59 Test: checking permissions of file /etc/init.d/nginx
2026-09-04 15:51:59 Result: good, file /etc/init.d/nginx not world writable
2026-09-04 15:51:59 Test: checking permissions of file /etc/init.d/nmbd
2026-09-04 15:51:59 Result: good, file /etc/init.d/nmbd not world writable
2026-09-04 15:51:59 Test: checking permissions of file /etc/init.d/procps
2026-09-04 15:51:59 Result: good, file /etc/init.d/procps not world writable
2026-09-04 15:51:59 Test: checking permissions of file /etc/init.d/samba-ad-dc
2026-09-04 15:52:00 Result: good, file /etc/init.d/samba-ad-dc not world writable
2026-09-04 15:52:00 Test: checking permissions of file /etc/init.d/smbd
2026-09-04 15:52:00 Result: good, file /etc/init.d/smbd not world writable
2026-09-04 15:52:00 Test: checking permissions of file /etc/init.d/ssh
2026-09-04 15:52:00 Result: good, file /etc/init.d/ssh not world writable
2026-09-04 15:52:00 Test: checking permissions of file /etc/init.d/udev
2026-09-04 15:52:00 Result: good, file /etc/init.d/udev not world writable
2026-09-04 15:52:00 Test: checking if directory /etc/rc.d exists
2026-09-04 15:52:00 Result: directory /etc/rc.d not found. Skipping..
2026-09-04 15:52:00 Test: checking if directory /etc/rcS.d exists
2026-09-04 15:52:00 Result: directory /etc/rcS.d found
2026-09-04 15:52:00 Test: checking for available files in directory
2026-09-04 15:52:00 Result: found files in directory, checking permissions now
2026-09-04 15:52:00 Test: checking permissions of file /etc/rcS.d/S01apparmor
2026-09-04 15:52:00 Action: checking symlink for file /etc/rcS.d/S01apparmor
2026-09-04 15:52:00 Note: Using real readlink binary to determine symlink on /etc/rcS.d/S01apparmor
2026-09-04 15:52:00 Result: readlink shows /etc/init.d/apparmor as output
2026-09-04 15:52:00 Result: symlink found, pointing to file /etc/init.d/apparmor
2026-09-04 15:52:00 Result: good, file /etc/rcS.d/S01apparmor not world writable
2026-09-04 15:52:00 Test: checking permissions of file /etc/rcS.d/S01hwclock.sh
2026-09-04 15:52:01 Action: checking symlink for file /etc/rcS.d/S01hwclock.sh
2026-09-04 15:52:01 Note: Using real readlink binary to determine symlink on /etc/rcS.d/S01hwclock.sh
2026-09-04 15:52:01 Result: readlink shows /etc/init.d/hwclock.sh as output
2026-09-04 15:52:01 Result: symlink found, pointing to file /etc/init.d/hwclock.sh
2026-09-04 15:52:01 Result: good, file /etc/rcS.d/S01hwclock.sh not world writable
2026-09-04 15:52:01 Test: checking permissions of file /etc/rcS.d/S01keyboard-setup.sh
2026-09-04 15:52:01 Action: checking symlink for file /etc/rcS.d/S01keyboard-setup.sh
2026-09-04 15:52:01 Note: Using real readlink binary to determine symlink on /etc/rcS.d/S01keyboard-setup.sh
2026-09-04 15:52:01 Result: readlink shows /etc/init.d/keyboard-setup.sh as output
2026-09-04 15:52:01 Result: symlink found, pointing to file /etc/init.d/keyboard-setup.sh
2026-09-04 15:52:01 Result: good, file /etc/rcS.d/S01keyboard-setup.sh not world writable
2026-09-04 15:52:01 Test: checking permissions of file /etc/rcS.d/S01kmod
2026-09-04 15:52:01 Action: checking symlink for file /etc/rcS.d/S01kmod
2026-09-04 15:52:01 Note: Using real readlink binary to determine symlink on /etc/rcS.d/S01kmod
2026-09-04 15:52:01 Result: readlink shows /etc/init.d/kmod as output
2026-09-04 15:52:01 Result: symlink found, pointing to file /etc/init.d/kmod
2026-09-04 15:52:01 Result: good, file /etc/rcS.d/S01kmod not world writable
2026-09-04 15:52:01 Test: checking permissions of file /etc/rcS.d/S01networking
2026-09-04 15:52:01 Action: checking symlink for file /etc/rcS.d/S01networking
2026-09-04 15:52:01 Note: Using real readlink binary to determine symlink on /etc/rcS.d/S01networking
2026-09-04 15:52:01 Result: readlink shows /etc/init.d/networking as output
2026-09-04 15:52:01 Result: symlink found, pointing to file /etc/init.d/networking
2026-09-04 15:52:01 Result: good, file /etc/rcS.d/S01networking not world writable
2026-09-04 15:52:02 Test: checking permissions of file /etc/rcS.d/S01procps
2026-09-04 15:52:02 Action: checking symlink for file /etc/rcS.d/S01procps
2026-09-04 15:52:02 Note: Using real readlink binary to determine symlink on /etc/rcS.d/S01procps
2026-09-04 15:52:02 Result: readlink shows /etc/init.d/procps as output
2026-09-04 15:52:02 Result: symlink found, pointing to file /etc/init.d/procps
2026-09-04 15:52:02 Result: good, file /etc/rcS.d/S01procps not world writable
2026-09-04 15:52:02 Test: checking permissions of file /etc/rcS.d/S01udev
2026-09-04 15:52:02 Action: checking symlink for file /etc/rcS.d/S01udev
2026-09-04 15:52:02 Note: Using real readlink binary to determine symlink on /etc/rcS.d/S01udev
2026-09-04 15:52:02 Result: readlink shows /etc/init.d/udev as output
2026-09-04 15:52:02 Result: symlink found, pointing to file /etc/init.d/udev
2026-09-04 15:52:02 Result: good, file /etc/rcS.d/S01udev not world writable
2026-09-04 15:52:02 Test: Checking /etc/rc0.d scripts for writable bit
2026-09-04 15:52:02 Action: checking symlink for file /etc/rc0.d/K01bluetooth
2026-09-04 15:52:02 Note: Using real readlink binary to determine symlink on /etc/rc0.d/K01bluetooth
2026-09-04 15:52:02 Result: readlink shows /etc/init.d/bluetooth as output
2026-09-04 15:52:02 Result: symlink found, pointing to file /etc/init.d/bluetooth
2026-09-04 15:52:02 Result: good, file /etc/rc0.d/K01bluetooth not world writable
2026-09-04 15:52:02 Action: checking symlink for file /etc/rc0.d/K01hwclock.sh
2026-09-04 15:52:02 Note: Using real readlink binary to determine symlink on /etc/rc0.d/K01hwclock.sh
2026-09-04 15:52:02 Result: readlink shows /etc/init.d/hwclock.sh as output
2026-09-04 15:52:02 Result: symlink found, pointing to file /etc/init.d/hwclock.sh
2026-09-04 15:52:03 Result: good, file /etc/rc0.d/K01hwclock.sh not world writable
2026-09-04 15:52:03 Action: checking symlink for file /etc/rc0.d/K01networking
2026-09-04 15:52:03 Note: Using real readlink binary to determine symlink on /etc/rc0.d/K01networking
2026-09-04 15:52:03 Result: readlink shows /etc/init.d/networking as output
2026-09-04 15:52:03 Result: symlink found, pointing to file /etc/init.d/networking
2026-09-04 15:52:03 Result: good, file /etc/rc0.d/K01networking not world writable
2026-09-04 15:52:03 Action: checking symlink for file /etc/rc0.d/K01nginx
2026-09-04 15:52:03 Note: Using real readlink binary to determine symlink on /etc/rc0.d/K01nginx
2026-09-04 15:52:03 Result: readlink shows /etc/init.d/nginx as output
2026-09-04 15:52:03 Result: symlink found, pointing to file /etc/init.d/nginx
2026-09-04 15:52:03 Result: good, file /etc/rc0.d/K01nginx not world writable
2026-09-04 15:52:03 Action: checking symlink for file /etc/rc0.d/K01nmbd
2026-09-04 15:52:03 Note: Using real readlink binary to determine symlink on /etc/rc0.d/K01nmbd
2026-09-04 15:52:03 Result: readlink shows /etc/init.d/nmbd as output
2026-09-04 15:52:03 Result: symlink found, pointing to file /etc/init.d/nmbd
2026-09-04 15:52:03 Result: good, file /etc/rc0.d/K01nmbd not world writable
2026-09-04 15:52:03 Action: checking symlink for file /etc/rc0.d/K01samba-ad-dc
2026-09-04 15:52:03 Note: Using real readlink binary to determine symlink on /etc/rc0.d/K01samba-ad-dc
2026-09-04 15:52:03 Result: readlink shows /etc/init.d/samba-ad-dc as output
2026-09-04 15:52:03 Result: symlink found, pointing to file /etc/init.d/samba-ad-dc
2026-09-04 15:52:03 Result: good, file /etc/rc0.d/K01samba-ad-dc not world writable
2026-09-04 15:52:03 Action: checking symlink for file /etc/rc0.d/K01smbd
2026-09-04 15:52:03 Note: Using real readlink binary to determine symlink on /etc/rc0.d/K01smbd
2026-09-04 15:52:04 Result: readlink shows /etc/init.d/smbd as output
2026-09-04 15:52:04 Result: symlink found, pointing to file /etc/init.d/smbd
2026-09-04 15:52:04 Result: good, file /etc/rc0.d/K01smbd not world writable
2026-09-04 15:52:04 Action: checking symlink for file /etc/rc0.d/K01udev
2026-09-04 15:52:04 Note: Using real readlink binary to determine symlink on /etc/rc0.d/K01udev
2026-09-04 15:52:04 Result: readlink shows /etc/init.d/udev as output
2026-09-04 15:52:04 Result: symlink found, pointing to file /etc/init.d/udev
2026-09-04 15:52:04 Result: good, file /etc/rc0.d/K01udev not world writable
2026-09-04 15:52:04 Test: Checking /etc/rc1.d scripts for writable bit
2026-09-04 15:52:04 Action: checking symlink for file /etc/rc1.d/K01bluetooth
2026-09-04 15:52:04 Note: Using real readlink binary to determine symlink on /etc/rc1.d/K01bluetooth
2026-09-04 15:52:04 Result: readlink shows /etc/init.d/bluetooth as output
2026-09-04 15:52:04 Result: symlink found, pointing to file /etc/init.d/bluetooth
2026-09-04 15:52:04 Result: good, file /etc/rc1.d/K01bluetooth not world writable
2026-09-04 15:52:04 Action: checking symlink for file /etc/rc1.d/K01nginx
2026-09-04 15:52:04 Note: Using real readlink binary to determine symlink on /etc/rc1.d/K01nginx
2026-09-04 15:52:04 Result: readlink shows /etc/init.d/nginx as output
2026-09-04 15:52:04 Result: symlink found, pointing to file /etc/init.d/nginx
2026-09-04 15:52:04 Result: good, file /etc/rc1.d/K01nginx not world writable
2026-09-04 15:52:04 Action: checking symlink for file /etc/rc1.d/K01nmbd
2026-09-04 15:52:04 Note: Using real readlink binary to determine symlink on /etc/rc1.d/K01nmbd
2026-09-04 15:52:04 Result: readlink shows /etc/init.d/nmbd as output
2026-09-04 15:52:05 Result: symlink found, pointing to file /etc/init.d/nmbd
2026-09-04 15:52:05 Result: good, file /etc/rc1.d/K01nmbd not world writable
2026-09-04 15:52:05 Action: checking symlink for file /etc/rc1.d/K01samba-ad-dc
2026-09-04 15:52:05 Note: Using real readlink binary to determine symlink on /etc/rc1.d/K01samba-ad-dc
2026-09-04 15:52:05 Result: readlink shows /etc/init.d/samba-ad-dc as output
2026-09-04 15:52:05 Result: symlink found, pointing to file /etc/init.d/samba-ad-dc
2026-09-04 15:52:05 Result: good, file /etc/rc1.d/K01samba-ad-dc not world writable
2026-09-04 15:52:05 Action: checking symlink for file /etc/rc1.d/K01smbd
2026-09-04 15:52:05 Note: Using real readlink binary to determine symlink on /etc/rc1.d/K01smbd
2026-09-04 15:52:05 Result: readlink shows /etc/init.d/smbd as output
2026-09-04 15:52:05 Result: symlink found, pointing to file /etc/init.d/smbd
2026-09-04 15:52:05 Result: good, file /etc/rc1.d/K01smbd not world writable
2026-09-04 15:52:05 Test: Checking /etc/rc2.d scripts for writable bit
2026-09-04 15:52:05 Action: checking symlink for file /etc/rc2.d/S01anacron
2026-09-04 15:52:06 Note: Using real readlink binary to determine symlink on /etc/rc2.d/S01anacron
2026-09-04 15:52:06 Result: readlink shows /etc/init.d/anacron as output
2026-09-04 15:52:06 Result: symlink found, pointing to file /etc/init.d/anacron
2026-09-04 15:52:06 Result: good, file /etc/rc2.d/S01anacron not world writable
2026-09-04 15:52:06 Action: checking symlink for file /etc/rc2.d/S01bluetooth
2026-09-04 15:52:06 Note: Using real readlink binary to determine symlink on /etc/rc2.d/S01bluetooth
2026-09-04 15:52:06 Result: readlink shows /etc/init.d/bluetooth as output
2026-09-04 15:52:06 Result: symlink found, pointing to file /etc/init.d/bluetooth
2026-09-04 15:52:06 Result: good, file /etc/rc2.d/S01bluetooth not world writable
2026-09-04 15:52:06 Action: checking symlink for file /etc/rc2.d/S01console-setup.sh
2026-09-04 15:52:06 Note: Using real readlink binary to determine symlink on /etc/rc2.d/S01console-setup.sh
2026-09-04 15:52:06 Result: readlink shows /etc/init.d/console-setup.sh as output
2026-09-04 15:52:06 Result: symlink found, pointing to file /etc/init.d/console-setup.sh
2026-09-04 15:52:06 Result: good, file /etc/rc2.d/S01console-setup.sh not world writable
2026-09-04 15:52:06 Action: checking symlink for file /etc/rc2.d/S01cron
2026-09-04 15:52:06 Note: Using real readlink binary to determine symlink on /etc/rc2.d/S01cron
2026-09-04 15:52:06 Result: readlink shows /etc/init.d/cron as output
2026-09-04 15:52:06 Result: symlink found, pointing to file /etc/init.d/cron
2026-09-04 15:52:06 Result: good, file /etc/rc2.d/S01cron not world writable
2026-09-04 15:52:06 Action: checking symlink for file /etc/rc2.d/S01dbus
2026-09-04 15:52:07 Note: Using real readlink binary to determine symlink on /etc/rc2.d/S01dbus
2026-09-04 15:52:07 Result: readlink shows /etc/init.d/dbus as output
2026-09-04 15:52:07 Result: symlink found, pointing to file /etc/init.d/dbus
2026-09-04 15:52:07 Result: good, file /etc/rc2.d/S01dbus not world writable
2026-09-04 15:52:07 Action: checking symlink for file /etc/rc2.d/S01nginx
2026-09-04 15:52:07 Note: Using real readlink binary to determine symlink on /etc/rc2.d/S01nginx
2026-09-04 15:52:07 Result: readlink shows /etc/init.d/nginx as output
2026-09-04 15:52:07 Result: symlink found, pointing to file /etc/init.d/nginx
2026-09-04 15:52:07 Result: good, file /etc/rc2.d/S01nginx not world writable
2026-09-04 15:52:07 Action: checking symlink for file /etc/rc2.d/S01nmbd
2026-09-04 15:52:07 Note: Using real readlink binary to determine symlink on /etc/rc2.d/S01nmbd
2026-09-04 15:52:07 Result: readlink shows /etc/init.d/nmbd as output
2026-09-04 15:52:07 Result: symlink found, pointing to file /etc/init.d/nmbd
2026-09-04 15:52:07 Result: good, file /etc/rc2.d/S01nmbd not world writable
2026-09-04 15:52:07 Action: checking symlink for file /etc/rc2.d/S01samba-ad-dc
2026-09-04 15:52:07 Note: Using real readlink binary to determine symlink on /etc/rc2.d/S01samba-ad-dc
2026-09-04 15:52:07 Result: readlink shows /etc/init.d/samba-ad-dc as output
2026-09-04 15:52:07 Result: symlink found, pointing to file /etc/init.d/samba-ad-dc
2026-09-04 15:52:07 Result: good, file /etc/rc2.d/S01samba-ad-dc not world writable
2026-09-04 15:52:07 Action: checking symlink for file /etc/rc2.d/S01smbd
2026-09-04 15:52:07 Note: Using real readlink binary to determine symlink on /etc/rc2.d/S01smbd
2026-09-04 15:52:08 Result: readlink shows /etc/init.d/smbd as output
2026-09-04 15:52:08 Result: symlink found, pointing to file /etc/init.d/smbd
2026-09-04 15:52:08 Result: good, file /etc/rc2.d/S01smbd not world writable
2026-09-04 15:52:08 Action: checking symlink for file /etc/rc2.d/S01ssh
2026-09-04 15:52:08 Note: Using real readlink binary to determine symlink on /etc/rc2.d/S01ssh
2026-09-04 15:52:08 Result: readlink shows /etc/init.d/ssh as output
2026-09-04 15:52:08 Result: symlink found, pointing to file /etc/init.d/ssh
2026-09-04 15:52:08 Result: good, file /etc/rc2.d/S01ssh not world writable
2026-09-04 15:52:08 Test: Checking /etc/rc3.d scripts for writable bit
2026-09-04 15:52:08 Action: checking symlink for file /etc/rc3.d/S01anacron
2026-09-04 15:52:08 Note: Using real readlink binary to determine symlink on /etc/rc3.d/S01anacron
2026-09-04 15:52:08 Result: readlink shows /etc/init.d/anacron as output
2026-09-04 15:52:08 Result: symlink found, pointing to file /etc/init.d/anacron
2026-09-04 15:52:08 Result: good, file /etc/rc3.d/S01anacron not world writable
2026-09-04 15:52:08 Action: checking symlink for file /etc/rc3.d/S01bluetooth
2026-09-04 15:52:08 Note: Using real readlink binary to determine symlink on /etc/rc3.d/S01bluetooth
2026-09-04 15:52:08 Result: readlink shows /etc/init.d/bluetooth as output
2026-09-04 15:52:08 Result: symlink found, pointing to file /etc/init.d/bluetooth
2026-09-04 15:52:09 Result: good, file /etc/rc3.d/S01bluetooth not world writable
2026-09-04 15:52:09 Action: checking symlink for file /etc/rc3.d/S01console-setup.sh
2026-09-04 15:52:09 Note: Using real readlink binary to determine symlink on /etc/rc3.d/S01console-setup.sh
2026-09-04 15:52:09 Result: readlink shows /etc/init.d/console-setup.sh as output
2026-09-04 15:52:09 Result: symlink found, pointing to file /etc/init.d/console-setup.sh
2026-09-04 15:52:09 Result: good, file /etc/rc3.d/S01console-setup.sh not world writable
2026-09-04 15:52:09 Action: checking symlink for file /etc/rc3.d/S01cron
2026-09-04 15:52:09 Note: Using real readlink binary to determine symlink on /etc/rc3.d/S01cron
2026-09-04 15:52:09 Result: readlink shows /etc/init.d/cron as output
2026-09-04 15:52:09 Result: symlink found, pointing to file /etc/init.d/cron
2026-09-04 15:52:09 Result: good, file /etc/rc3.d/S01cron not world writable
2026-09-04 15:52:09 Action: checking symlink for file /etc/rc3.d/S01dbus
2026-09-04 15:52:09 Note: Using real readlink binary to determine symlink on /etc/rc3.d/S01dbus
2026-09-04 15:52:09 Result: readlink shows /etc/init.d/dbus as output
2026-09-04 15:52:09 Result: symlink found, pointing to file /etc/init.d/dbus
2026-09-04 15:52:09 Result: good, file /etc/rc3.d/S01dbus not world writable
2026-09-04 15:52:09 Action: checking symlink for file /etc/rc3.d/S01nginx
2026-09-04 15:52:09 Note: Using real readlink binary to determine symlink on /etc/rc3.d/S01nginx
2026-09-04 15:52:09 Result: readlink shows /etc/init.d/nginx as output
2026-09-04 15:52:09 Result: symlink found, pointing to file /etc/init.d/nginx
2026-09-04 15:52:10 Result: good, file /etc/rc3.d/S01nginx not world writable
2026-09-04 15:52:10 Action: checking symlink for file /etc/rc3.d/S01nmbd
2026-09-04 15:52:10 Note: Using real readlink binary to determine symlink on /etc/rc3.d/S01nmbd
2026-09-04 15:52:10 Result: readlink shows /etc/init.d/nmbd as output
2026-09-04 15:52:10 Result: symlink found, pointing to file /etc/init.d/nmbd
2026-09-04 15:52:10 Result: good, file /etc/rc3.d/S01nmbd not world writable
2026-09-04 15:52:10 Action: checking symlink for file /etc/rc3.d/S01samba-ad-dc
2026-09-04 15:52:10 Note: Using real readlink binary to determine symlink on /etc/rc3.d/S01samba-ad-dc
2026-09-04 15:52:10 Result: readlink shows /etc/init.d/samba-ad-dc as output
2026-09-04 15:52:10 Result: symlink found, pointing to file /etc/init.d/samba-ad-dc
2026-09-04 15:52:10 Result: good, file /etc/rc3.d/S01samba-ad-dc not world writable
2026-09-04 15:52:10 Action: checking symlink for file /etc/rc3.d/S01smbd
2026-09-04 15:52:10 Note: Using real readlink binary to determine symlink on /etc/rc3.d/S01smbd
2026-09-04 15:52:10 Result: readlink shows /etc/init.d/smbd as output
2026-09-04 15:52:10 Result: symlink found, pointing to file /etc/init.d/smbd
2026-09-04 15:52:10 Result: good, file /etc/rc3.d/S01smbd not world writable
2026-09-04 15:52:10 Action: checking symlink for file /etc/rc3.d/S01ssh
2026-09-04 15:52:10 Note: Using real readlink binary to determine symlink on /etc/rc3.d/S01ssh
2026-09-04 15:52:10 Result: readlink shows /etc/init.d/ssh as output
2026-09-04 15:52:10 Result: symlink found, pointing to file /etc/init.d/ssh
2026-09-04 15:52:11 Result: good, file /etc/rc3.d/S01ssh not world writable
2026-09-04 15:52:11 Test: Checking /etc/rc4.d scripts for writable bit
2026-09-04 15:52:11 Action: checking symlink for file /etc/rc4.d/S01anacron
2026-09-04 15:52:11 Note: Using real readlink binary to determine symlink on /etc/rc4.d/S01anacron
2026-09-04 15:52:11 Result: readlink shows /etc/init.d/anacron as output
2026-09-04 15:52:11 Result: symlink found, pointing to file /etc/init.d/anacron
2026-09-04 15:52:11 Result: good, file /etc/rc4.d/S01anacron not world writable
2026-09-04 15:52:11 Action: checking symlink for file /etc/rc4.d/S01bluetooth
2026-09-04 15:52:11 Note: Using real readlink binary to determine symlink on /etc/rc4.d/S01bluetooth
2026-09-04 15:52:11 Result: readlink shows /etc/init.d/bluetooth as output
2026-09-04 15:52:11 Result: symlink found, pointing to file /etc/init.d/bluetooth
2026-09-04 15:52:11 Result: good, file /etc/rc4.d/S01bluetooth not world writable
2026-09-04 15:52:11 Action: checking symlink for file /etc/rc4.d/S01console-setup.sh
2026-09-04 15:52:11 Note: Using real readlink binary to determine symlink on /etc/rc4.d/S01console-setup.sh
2026-09-04 15:52:11 Result: readlink shows /etc/init.d/console-setup.sh as output
2026-09-04 15:52:11 Result: symlink found, pointing to file /etc/init.d/console-setup.sh
2026-09-04 15:52:11 Result: good, file /etc/rc4.d/S01console-setup.sh not world writable
2026-09-04 15:52:11 Action: checking symlink for file /etc/rc4.d/S01cron
2026-09-04 15:52:11 Note: Using real readlink binary to determine symlink on /etc/rc4.d/S01cron
2026-09-04 15:52:11 Result: readlink shows /etc/init.d/cron as output
2026-09-04 15:52:11 Result: symlink found, pointing to file /etc/init.d/cron
2026-09-04 15:52:12 Result: good, file /etc/rc4.d/S01cron not world writable
2026-09-04 15:52:12 Action: checking symlink for file /etc/rc4.d/S01dbus
2026-09-04 15:52:12 Note: Using real readlink binary to determine symlink on /etc/rc4.d/S01dbus
2026-09-04 15:52:12 Result: readlink shows /etc/init.d/dbus as output
2026-09-04 15:52:12 Result: symlink found, pointing to file /etc/init.d/dbus
2026-09-04 15:52:12 Result: good, file /etc/rc4.d/S01dbus not world writable
2026-09-04 15:52:12 Action: checking symlink for file /etc/rc4.d/S01nginx
2026-09-04 15:52:12 Note: Using real readlink binary to determine symlink on /etc/rc4.d/S01nginx
2026-09-04 15:52:12 Result: readlink shows /etc/init.d/nginx as output
2026-09-04 15:52:12 Result: symlink found, pointing to file /etc/init.d/nginx
2026-09-04 15:52:12 Result: good, file /etc/rc4.d/S01nginx not world writable
2026-09-04 15:52:12 Action: checking symlink for file /etc/rc4.d/S01nmbd
2026-09-04 15:52:12 Note: Using real readlink binary to determine symlink on /etc/rc4.d/S01nmbd
2026-09-04 15:52:12 Result: readlink shows /etc/init.d/nmbd as output
2026-09-04 15:52:12 Result: symlink found, pointing to file /etc/init.d/nmbd
2026-09-04 15:52:12 Result: good, file /etc/rc4.d/S01nmbd not world writable
2026-09-04 15:52:12 Action: checking symlink for file /etc/rc4.d/S01samba-ad-dc
2026-09-04 15:52:12 Note: Using real readlink binary to determine symlink on /etc/rc4.d/S01samba-ad-dc
2026-09-04 15:52:12 Result: readlink shows /etc/init.d/samba-ad-dc as output
2026-09-04 15:52:12 Result: symlink found, pointing to file /etc/init.d/samba-ad-dc
2026-09-04 15:52:12 Result: good, file /etc/rc4.d/S01samba-ad-dc not world writable
2026-09-04 15:52:12 Action: checking symlink for file /etc/rc4.d/S01smbd
2026-09-04 15:52:13 Note: Using real readlink binary to determine symlink on /etc/rc4.d/S01smbd
2026-09-04 15:52:13 Result: readlink shows /etc/init.d/smbd as output
2026-09-04 15:52:13 Result: symlink found, pointing to file /etc/init.d/smbd
2026-09-04 15:52:13 Result: good, file /etc/rc4.d/S01smbd not world writable
2026-09-04 15:52:13 Action: checking symlink for file /etc/rc4.d/S01ssh
2026-09-04 15:52:13 Note: Using real readlink binary to determine symlink on /etc/rc4.d/S01ssh
2026-09-04 15:52:13 Result: readlink shows /etc/init.d/ssh as output
2026-09-04 15:52:13 Result: symlink found, pointing to file /etc/init.d/ssh
2026-09-04 15:52:13 Result: good, file /etc/rc4.d/S01ssh not world writable
2026-09-04 15:52:13 Test: Checking /etc/rc5.d scripts for writable bit
2026-09-04 15:52:13 Action: checking symlink for file /etc/rc5.d/S01anacron
2026-09-04 15:52:13 Note: Using real readlink binary to determine symlink on /etc/rc5.d/S01anacron
2026-09-04 15:52:13 Result: readlink shows /etc/init.d/anacron as output
2026-09-04 15:52:13 Result: symlink found, pointing to file /etc/init.d/anacron
2026-09-04 15:52:13 Result: good, file /etc/rc5.d/S01anacron not world writable
2026-09-04 15:52:13 Action: checking symlink for file /etc/rc5.d/S01bluetooth
2026-09-04 15:52:13 Note: Using real readlink binary to determine symlink on /etc/rc5.d/S01bluetooth
2026-09-04 15:52:13 Result: readlink shows /etc/init.d/bluetooth as output
2026-09-04 15:52:13 Result: symlink found, pointing to file /etc/init.d/bluetooth
2026-09-04 15:52:13 Result: good, file /etc/rc5.d/S01bluetooth not world writable
2026-09-04 15:52:14 Action: checking symlink for file /etc/rc5.d/S01console-setup.sh
2026-09-04 15:52:14 Note: Using real readlink binary to determine symlink on /etc/rc5.d/S01console-setup.sh
2026-09-04 15:52:14 Result: readlink shows /etc/init.d/console-setup.sh as output
2026-09-04 15:52:14 Result: symlink found, pointing to file /etc/init.d/console-setup.sh
2026-09-04 15:52:14 Result: good, file /etc/rc5.d/S01console-setup.sh not world writable
2026-09-04 15:52:14 Action: checking symlink for file /etc/rc5.d/S01cron
2026-09-04 15:52:14 Note: Using real readlink binary to determine symlink on /etc/rc5.d/S01cron
2026-09-04 15:52:14 Result: readlink shows /etc/init.d/cron as output
2026-09-04 15:52:14 Result: symlink found, pointing to file /etc/init.d/cron
2026-09-04 15:52:14 Result: good, file /etc/rc5.d/S01cron not world writable
2026-09-04 15:52:14 Action: checking symlink for file /etc/rc5.d/S01dbus
2026-09-04 15:52:14 Note: Using real readlink binary to determine symlink on /etc/rc5.d/S01dbus
2026-09-04 15:52:14 Result: readlink shows /etc/init.d/dbus as output
2026-09-04 15:52:14 Result: symlink found, pointing to file /etc/init.d/dbus
2026-09-04 15:52:14 Result: good, file /etc/rc5.d/S01dbus not world writable
2026-09-04 15:52:14 Action: checking symlink for file /etc/rc5.d/S01nginx
2026-09-04 15:52:14 Note: Using real readlink binary to determine symlink on /etc/rc5.d/S01nginx
2026-09-04 15:52:14 Result: readlink shows /etc/init.d/nginx as output
2026-09-04 15:52:14 Result: symlink found, pointing to file /etc/init.d/nginx
2026-09-04 15:52:14 Result: good, file /etc/rc5.d/S01nginx not world writable
2026-09-04 15:52:14 Action: checking symlink for file /etc/rc5.d/S01nmbd
2026-09-04 15:52:15 Note: Using real readlink binary to determine symlink on /etc/rc5.d/S01nmbd
2026-09-04 15:52:15 Result: readlink shows /etc/init.d/nmbd as output
2026-09-04 15:52:15 Result: symlink found, pointing to file /etc/init.d/nmbd
2026-09-04 15:52:15 Result: good, file /etc/rc5.d/S01nmbd not world writable
2026-09-04 15:52:15 Action: checking symlink for file /etc/rc5.d/S01samba-ad-dc
2026-09-04 15:52:15 Note: Using real readlink binary to determine symlink on /etc/rc5.d/S01samba-ad-dc
2026-09-04 15:52:15 Result: readlink shows /etc/init.d/samba-ad-dc as output
2026-09-04 15:52:15 Result: symlink found, pointing to file /etc/init.d/samba-ad-dc
2026-09-04 15:52:15 Result: good, file /etc/rc5.d/S01samba-ad-dc not world writable
2026-09-04 15:52:15 Action: checking symlink for file /etc/rc5.d/S01smbd
2026-09-04 15:52:15 Note: Using real readlink binary to determine symlink on /etc/rc5.d/S01smbd
2026-09-04 15:52:15 Result: readlink shows /etc/init.d/smbd as output
2026-09-04 15:52:15 Result: symlink found, pointing to file /etc/init.d/smbd
2026-09-04 15:52:15 Result: good, file /etc/rc5.d/S01smbd not world writable
2026-09-04 15:52:15 Action: checking symlink for file /etc/rc5.d/S01ssh
2026-09-04 15:52:15 Note: Using real readlink binary to determine symlink on /etc/rc5.d/S01ssh
2026-09-04 15:52:15 Result: readlink shows /etc/init.d/ssh as output
2026-09-04 15:52:15 Result: symlink found, pointing to file /etc/init.d/ssh
2026-09-04 15:52:15 Result: good, file /etc/rc5.d/S01ssh not world writable
2026-09-04 15:52:15 Test: Checking /etc/rc6.d scripts for writable bit
2026-09-04 15:52:15 Action: checking symlink for file /etc/rc6.d/K01bluetooth
2026-09-04 15:52:15 Note: Using real readlink binary to determine symlink on /etc/rc6.d/K01bluetooth
2026-09-04 15:52:16 Result: readlink shows /etc/init.d/bluetooth as output
2026-09-04 15:52:16 Result: symlink found, pointing to file /etc/init.d/bluetooth
2026-09-04 15:52:16 Result: good, file /etc/rc6.d/K01bluetooth not world writable
2026-09-04 15:52:16 Action: checking symlink for file /etc/rc6.d/K01hwclock.sh
2026-09-04 15:52:16 Note: Using real readlink binary to determine symlink on /etc/rc6.d/K01hwclock.sh
2026-09-04 15:52:16 Result: readlink shows /etc/init.d/hwclock.sh as output
2026-09-04 15:52:16 Result: symlink found, pointing to file /etc/init.d/hwclock.sh
2026-09-04 15:52:16 Result: good, file /etc/rc6.d/K01hwclock.sh not world writable
2026-09-04 15:52:16 Action: checking symlink for file /etc/rc6.d/K01networking
2026-09-04 15:52:16 Note: Using real readlink binary to determine symlink on /etc/rc6.d/K01networking
2026-09-04 15:52:16 Result: readlink shows /etc/init.d/networking as output
2026-09-04 15:52:16 Result: symlink found, pointing to file /etc/init.d/networking
2026-09-04 15:52:16 Result: good, file /etc/rc6.d/K01networking not world writable
2026-09-04 15:52:16 Action: checking symlink for file /etc/rc6.d/K01nginx
2026-09-04 15:52:16 Note: Using real readlink binary to determine symlink on /etc/rc6.d/K01nginx
2026-09-04 15:52:16 Result: readlink shows /etc/init.d/nginx as output
2026-09-04 15:52:16 Result: symlink found, pointing to file /etc/init.d/nginx
2026-09-04 15:52:16 Result: good, file /etc/rc6.d/K01nginx not world writable
2026-09-04 15:52:16 Action: checking symlink for file /etc/rc6.d/K01nmbd
2026-09-04 15:52:16 Note: Using real readlink binary to determine symlink on /etc/rc6.d/K01nmbd
2026-09-04 15:52:16 Result: readlink shows /etc/init.d/nmbd as output
2026-09-04 15:52:16 Result: symlink found, pointing to file /etc/init.d/nmbd
2026-09-04 15:52:17 Result: good, file /etc/rc6.d/K01nmbd not world writable
2026-09-04 15:52:17 Action: checking symlink for file /etc/rc6.d/K01samba-ad-dc
2026-09-04 15:52:17 Note: Using real readlink binary to determine symlink on /etc/rc6.d/K01samba-ad-dc
2026-09-04 15:52:17 Result: readlink shows /etc/init.d/samba-ad-dc as output
2026-09-04 15:52:17 Result: symlink found, pointing to file /etc/init.d/samba-ad-dc
2026-09-04 15:52:17 Result: good, file /etc/rc6.d/K01samba-ad-dc not world writable
2026-09-04 15:52:17 Action: checking symlink for file /etc/rc6.d/K01smbd
2026-09-04 15:52:17 Note: Using real readlink binary to determine symlink on /etc/rc6.d/K01smbd
2026-09-04 15:52:17 Result: readlink shows /etc/init.d/smbd as output
2026-09-04 15:52:17 Result: symlink found, pointing to file /etc/init.d/smbd
2026-09-04 15:52:17 Result: good, file /etc/rc6.d/K01smbd not world writable
2026-09-04 15:52:17 Action: checking symlink for file /etc/rc6.d/K01udev
2026-09-04 15:52:17 Note: Using real readlink binary to determine symlink on /etc/rc6.d/K01udev
2026-09-04 15:52:17 Result: readlink shows /etc/init.d/udev as output
2026-09-04 15:52:17 Result: symlink found, pointing to file /etc/init.d/udev
2026-09-04 15:52:17 Result: good, file /etc/rc6.d/K01udev not world writable
2026-09-04 15:52:17 Hardening: assigned maximum number of hardening points for this item (3). Currently having 5 points (out of 14)
2026-09-04 15:52:17 ====
2026-09-04 15:52:18 Performing test ID BOOT-5202 (Check uptime of system)
2026-09-04 15:52:18 Uptime (in seconds): 19921
2026-09-04 15:52:18 Uptime (in days): 0
2026-09-04 15:52:18 ====
2026-09-04 15:52:18 Performing test ID BOOT-5260 (Check single user mode for systemd)
2026-09-04 15:52:18 Test: Searching /usr/lib/systemd/system/rescue.service
2026-09-04 15:52:18 Result: file /usr/lib/systemd/system/rescue.service
2026-09-04 15:52:18 Test: checking presence sulogin for single user mode
2026-09-04 15:52:18 Result: found sulogin, so single user is protected
2026-09-04 15:52:18 Hardening: assigned maximum number of hardening points for this item (3). Currently having 8 points (out of 17)
2026-09-04 15:52:18 ====
2026-09-04 15:52:18 Skipped test BOOT-5262 (Check for OpenBSD boot daemons)
2026-09-04 15:52:18 Reason to skip: Incorrect guest OS (OpenBSD only)
2026-09-04 15:52:19 ====
2026-09-04 15:52:19 Skipped test BOOT-5263 (Check permissions for boot files/scripts)
2026-09-04 15:52:19 Reason to skip: Incorrect guest OS (OpenBSD only)
2026-09-04 15:52:19 ====
2026-09-04 15:52:19 Performing test ID BOOT-5264 (Run systemd-analyze security)
2026-09-04 15:52:19 Test: Run systemd-analyze security
2026-09-04 15:52:21 Result: anacron.service: 9.6 UNSAFE
2026-09-04 15:52:21 Result: cron.service: 9.6 UNSAFE
2026-09-04 15:52:21 Result: dbus.service: 9.6 UNSAFE
2026-09-04 15:52:21 Result: emergency.service: 9.5 UNSAFE
2026-09-04 15:52:21 Result: getty@tty1.service: 9.6 UNSAFE
2026-09-04 15:52:21 Result: ifup@enp0s3.service: 9.5 UNSAFE
2026-09-04 15:52:21 Result: lynis.service: 9.6 UNSAFE
2026-09-04 15:52:21 Result: nginx.service: 9.6 UNSAFE
2026-09-04 15:52:21 Result: nmbd.service: 9.6 UNSAFE
2026-09-04 15:52:21 Result: rc-local.service: 9.6 UNSAFE
2026-09-04 15:52:21 Result: rescue.service: 9.5 UNSAFE
2026-09-04 15:52:21 Result: samba-ad-dc.service: 9.6 UNSAFE
2026-09-04 15:52:21 Result: smbd.service: 9.6 UNSAFE
2026-09-04 15:52:21 Result: ssh.service: 9.6 UNSAFE
2026-09-04 15:52:21 Result: systemd-ask-password-console.service: 9.4 UNSAFE
2026-09-04 15:52:21 Result: systemd-ask-password-wall.service: 9.4 UNSAFE
2026-09-04 15:52:21 Result: systemd-fsckd.service: 9.5 UNSAFE
2026-09-04 15:52:21 Result: systemd-initctl.service: 9.4 UNSAFE
2026-09-04 15:52:21 Result: systemd-journald.service: 4.3 PROTECTED
2026-09-04 15:52:21 Result: systemd-logind.service: 2.8 PROTECTED
2026-09-04 15:52:21 Result: systemd-networkd.service: 2.6 PROTECTED
2026-09-04 15:52:21 Result: systemd-timesyncd.service: 2.1 PROTECTED
2026-09-04 15:52:21 Result: systemd-udevd.service: 7.1 MEDIUM
2026-09-04 15:52:21 Result: user@0.service: 9.8 UNSAFE
2026-09-04 15:52:21 Result: vboxadd-service.service: 9.6 UNSAFE
2026-09-04 15:52:21 Result: wpa_supplicant.service: 9.6 UNSAFE
2026-09-04 15:52:21 Suggestion: Consider hardening system services [test:BOOT-5264] [details:Run '/usr/bin/systemd-analyze security SERVICE' for each service] [solution:-]
2026-09-04 15:52:21 Security check: file is normal
2026-09-04 15:52:21 Checking permissions of /usr/share/lynis/include/tests_kernel
2026-09-04 15:52:22 File permissions are OK
2026-09-04 15:52:22 ====
2026-09-04 15:52:22 Action: Performing tests from category: Kernel
2026-09-04 15:52:22 ====
2026-09-04 15:52:22 Performing test ID KRNL-5622 (Determine Linux default run level)
2026-09-04 15:52:22 Test: Checking for systemd default.target
2026-09-04 15:52:22 Result: symlink found
2026-09-04 15:52:22 Result: No match found on runlevel, defaulting to runlevel 3
2026-09-04 15:52:22 ====
2026-09-04 15:52:22 Performing test ID KRNL-5677 (Check CPU options and support)
2026-09-04 15:52:23 Test: Checking /proc/cpuinfo
2026-09-04 15:52:23 Result: found /proc/cpuinfo
2026-09-04 15:52:23 Test: Checking CPU options (XD/NX/PAE)
2026-09-04 15:52:23 PAE: Yes
2026-09-04 15:52:23 NX: Yes
2026-09-04 15:52:23 Result: PAE or No eXecute option(s) both found
2026-09-04 15:52:23 ====
2026-09-04 15:52:23 Performing test ID KRNL-5695 (Determine Linux kernel version and release number)
2026-09-04 15:52:23 Result: found kernel release 6.1.0-27-amd64
2026-09-04 15:52:23 Result: found kernel version #1 SMP PREEMPT_DYNAMIC Debian 6.1.115-1 (2024-11-01)
2026-09-04 15:52:23 ====
2026-09-04 15:52:23 Performing test ID KRNL-5723 (Determining if Linux kernel is monolithic)
2026-09-04 15:52:23 Test: checking if kernel is monolithic or modular
2026-09-04 15:52:24 Result: Found modular kernel
2026-09-04 15:52:24 ====
2026-09-04 15:52:24 Performing test ID KRNL-5726 (Checking Linux loaded kernel modules)
2026-09-04 15:52:24 Loaded modules according lsmod:
2026-09-04 15:52:24 Loaded module: ac
2026-09-04 15:52:24 Loaded module: ac97_bus
2026-09-04 15:52:24 Loaded module: aesni_intel
2026-09-04 15:52:24 Loaded module: ahci
2026-09-04 15:52:24 Loaded module: ata_generic
2026-09-04 15:52:24 Loaded module: ata_piix
2026-09-04 15:52:24 Loaded module: autofs4
2026-09-04 15:52:24 Loaded module: battery
2026-09-04 15:52:24 Loaded module: binfmt_misc
2026-09-04 15:52:24 Loaded module: button
2026-09-04 15:52:24 Loaded module: cdrom
2026-09-04 15:52:24 Loaded module: configfs
2026-09-04 15:52:24 Loaded module: crc16
2026-09-04 15:52:24 Loaded module: crc32_pclmul
2026-09-04 15:52:24 Loaded module: crc32c_generic
2026-09-04 15:52:24 Loaded module: crc32c_intel
2026-09-04 15:52:24 Loaded module: crc64
2026-09-04 15:52:24 Loaded module: crc64_rocksoft
2026-09-04 15:52:24 Loaded module: crc_t10dif
2026-09-04 15:52:25 Loaded module: crct10dif_common
2026-09-04 15:52:25 Loaded module: crct10dif_generic
2026-09-04 15:52:25 Loaded module: crct10dif_pclmul
2026-09-04 15:52:25 Loaded module: cryptd
2026-09-04 15:52:25 Loaded module: crypto_simd
2026-09-04 15:52:25 Loaded module: dm_mod
2026-09-04 15:52:25 Loaded module: drm
2026-09-04 15:52:25 Loaded module: drm_kms_helper
2026-09-04 15:52:25 Loaded module: drm_ttm_helper
2026-09-04 15:52:25 Loaded module: e1000
2026-09-04 15:52:25 Loaded module: efi_pstore
2026-09-04 15:52:25 Loaded module: evdev
2026-09-04 15:52:25 Loaded module: ext4
2026-09-04 15:52:25 Loaded module: fuse
2026-09-04 15:52:25 Loaded module: ghash_clmulni_intel
2026-09-04 15:52:25 Loaded module: i2c_piix4
2026-09-04 15:52:25 Loaded module: intel_pmc_core
2026-09-04 15:52:25 Loaded module: intel_rapl_common
2026-09-04 15:52:25 Loaded module: intel_rapl_msr
2026-09-04 15:52:25 Loaded module: ip_tables
2026-09-04 15:52:25 Loaded module: jbd2
2026-09-04 15:52:25 Loaded module: joydev
2026-09-04 15:52:25 Loaded module: libahci
2026-09-04 15:52:25 Loaded module: libata
2026-09-04 15:52:25 Loaded module: loop
2026-09-04 15:52:25 Loaded module: mbcache
2026-09-04 15:52:25 Loaded module: pcspkr
2026-09-04 15:52:25 Loaded module: psmouse
2026-09-04 15:52:25 Loaded module: rapl
2026-09-04 15:52:25 Loaded module: scsi_common
2026-09-04 15:52:25 Loaded module: scsi_mod
2026-09-04 15:52:25 Loaded module: sd_mod
2026-09-04 15:52:25 Loaded module: serio_raw
2026-09-04 15:52:26 Loaded module: sg
2026-09-04 15:52:26 Loaded module: sha1_ssse3
2026-09-04 15:52:26 Loaded module: sha256_ssse3
2026-09-04 15:52:26 Loaded module: sha512_generic
2026-09-04 15:52:26 Loaded module: sha512_ssse3
2026-09-04 15:52:26 Loaded module: snd
2026-09-04 15:52:26 Loaded module: snd_ac97_codec
2026-09-04 15:52:26 Loaded module: snd_intel8x0
2026-09-04 15:52:26 Loaded module: snd_pcm
2026-09-04 15:52:26 Loaded module: snd_timer
2026-09-04 15:52:26 Loaded module: soundcore
2026-09-04 15:52:26 Loaded module: sr_mod
2026-09-04 15:52:26 Loaded module: t10_pi
2026-09-04 15:52:26 Loaded module: ttm
2026-09-04 15:52:26 Loaded module: vboxguest
2026-09-04 15:52:26 Loaded module: vboxvideo
2026-09-04 15:52:26 Loaded module: video
2026-09-04 15:52:26 Loaded module: wmi
2026-09-04 15:52:26 Loaded module: x_tables
2026-09-04 15:52:26 ====
2026-09-04 15:52:26 Performing test ID KRNL-5728 (Checking Linux kernel config)
2026-09-04 15:52:26 Result: found config (/boot/config-6.1.0-27-amd64)
2026-09-04 15:52:26 ====
2026-09-04 15:52:26 Performing test ID KRNL-5730 (Checking disk I/O kernel scheduler)
2026-09-04 15:52:27 Test: Checking the default I/O kernel scheduler
2026-09-04 15:52:27 Result: no default I/O kernel scheduler found
2026-09-04 15:52:27 ====
2026-09-04 15:52:27 Skipped test KRNL-5745 (Checking FreeBSD loaded kernel modules)
2026-09-04 15:52:27 Reason to skip: Incorrect guest OS (FreeBSD only)
2026-09-04 15:52:27 ====
2026-09-04 15:52:27 Skipped test KRNL-5831 (Checking DragonFly loaded kernel modules)
2026-09-04 15:52:27 Reason to skip: Incorrect guest OS (DragonFly only)
2026-09-04 15:52:27 ====
2026-09-04 15:52:27 Skipped test KRNL-5770 (Checking active kernel modules)
2026-09-04 15:52:27 Reason to skip: Incorrect guest OS (Solaris only)
2026-09-04 15:52:27 ====
2026-09-04 15:52:27 Performing test ID KRNL-5788 (Checking availability new Linux kernel)
2026-09-04 15:52:28 Test: Searching apt-cache, to determine if a newer kernel is available
2026-09-04 15:52:28 Result: found /usr/bin/apt-cache
2026-09-04 15:52:28 Test: checking presence of /vmlinuz or /boot/vmlinuz
2026-09-04 15:52:28 Result: found /vmlinuz
2026-09-04 15:52:28 Test: checking readlink location of /vmlinuz
2026-09-04 15:52:28 Output: readlink reported file /boot/vmlinuz-6.1.0-27-amd64
2026-09-04 15:52:28 Test: checking relevant package using output from dpkg -S
2026-09-04 15:52:28 Output: dpkg -S reported package linux-image-6.1.0-27-amd64
2026-09-04 15:52:28 Result: found kernel 'linux-image-6.1.0-27-amd64' which will be used for further testing
2026-09-04 15:52:28 Test: Using apt-cache policy to determine if there is an update available
2026-09-04 15:52:29 Kernel installed: 6.1.115-1
2026-09-04 15:52:29 Kernel candidate: 6.1.115-1
2026-09-04 15:52:29 Result: no kernel update available
2026-09-04 15:52:29 ====
2026-09-04 15:52:29 Performing test ID KRNL-5820 (Checking core dumps configuration)
2026-09-04 15:52:29 Test: Checking presence of systemd
2026-09-04 15:52:30 Result: systemd is present on this system
2026-09-04 15:52:30 Test: Checking if core dumps are disabled in /etc/systemd/coredump.conf and /etc/systemd/coredump.conf.d/*.conf
2026-09-04 15:52:31 Result: core dumps are not disabled in systemd configuration. Didn't find settings 'ProcessSizeMax=0' and 'Storage=none'
2026-09-04 15:52:31 Hardening: assigned partial number of hardening points (0 of 1). Currently having 8 points (out of 18)
2026-09-04 15:52:31 Test: Checking presence /etc/profile
2026-09-04 15:52:31 Test: Checking if 'ulimit -c 0' exists in /etc/profile or /etc/profile.d/*.sh
2026-09-04 15:52:31 Result: core dumps are not disabled in /etc/profile or /etc/profile.d/*.sh config files. Didn't find setting 'ulimit -c 0'
2026-09-04 15:52:31 Hardening: assigned partial number of hardening points (0 of 1). Currently having 8 points (out of 19)
2026-09-04 15:52:31 Test: Checking presence /etc/security/limits.conf
2026-09-04 15:52:31 Result: file /etc/security/limits.conf exists
2026-09-04 15:52:31 Test: Checking if core dumps are disabled in /etc/security/limits.conf and /etc/security/limits.d/*
2026-09-04 15:52:31 Result: core dumps are not explicitly disabled
2026-09-04 15:52:31 Suggestion: If not required, consider explicit disabling of core dump in /etc/security/limits.conf file [test:KRNL-5820] [details:-] [solution:-]
2026-09-04 15:52:32 Hardening: assigned partial number of hardening points (1 of 3). Currently having 9 points (out of 22)
2026-09-04 15:52:32 Test: Checking presence /usr/etc/security/limits.conf
2026-09-04 15:52:32 Result: file /usr/etc/security/limits.conf does not exist, skipping test for this file
2026-09-04 15:52:32 Test: Checking sysctl value of fs.suid_dumpable
2026-09-04 15:52:32 Result: value 0 found
2026-09-04 15:52:32 Result: found default option (0), no execute only program or program with changed privilege levels can dump
2026-09-04 15:52:32 Hardening: assigned maximum number of hardening points for this item (1). Currently having 10 points (out of 23)
2026-09-04 15:52:32 ====
2026-09-04 15:52:32 Performing test ID KRNL-5830 (Checking if system is running on the latest installed kernel)
2026-09-04 15:52:32 Test: Checking presence /var/run/reboot-required.pkgs
2026-09-04 15:52:32 Result: file /var/run/reboot-required.pkgs not found
2026-09-04 15:52:32 Test: Checking presence /var/run/needs_restarting
2026-09-04 15:52:32 Result: file /var/run/needs_restarting not found
2026-09-04 15:52:32 Result: /boot exists, performing more tests from here
2026-09-04 15:52:32 Result: found /boot/vmlinuz-6.1.0-27-amd64
2026-09-04 15:52:32 Result: version derived from file name is '6.1.0-27-amd64'
2026-09-04 15:52:33 Result: found version 6.1.0-27-amd64
2026-09-04 15:52:33 Result: active kernel version 6.1.0-27-amd64
2026-09-04 15:52:33 Result: no reboot needed, active kernel is the same version as the one on disk
2026-09-04 15:52:33 Result: /var/cache/apt/archives/ does not exist
2026-09-04 15:52:33 Hardening: assigned maximum number of hardening points for this item (5). Currently having 15 points (out of 28)
2026-09-04 15:52:33 Security check: file is normal
2026-09-04 15:52:33 Checking permissions of /usr/share/lynis/include/tests_memory_processes
2026-09-04 15:52:33 File permissions are OK
2026-09-04 15:52:33 ====
2026-09-04 15:52:33 Action: Performing tests from category: Memory and Processes
2026-09-04 15:52:33 ====
2026-09-04 15:52:34 Performing test ID PROC-3602 (Checking /proc/meminfo for memory details)
2026-09-04 15:52:34 Result: found /proc/meminfo
2026-09-04 15:52:34 Result: Found 1498400 kB memory
2026-09-04 15:52:34 ====
2026-09-04 15:52:34 Skipped test PROC-3604 (Query prtconf for memory details)
2026-09-04 15:52:34 Reason to skip: Incorrect guest OS (Solaris only)
2026-09-04 15:52:34 ====
2026-09-04 15:52:34 Performing test ID PROC-3612 (Check dead or zombie processes)
2026-09-04 15:52:34 Result: found one or more dead or zombie processes
2026-09-04 15:52:35 Output: PIDs 969
2026-09-04 15:52:35 Suggestion: Check the output of ps for dead or zombie processes [test:PROC-3612] [details:-] [solution:-]
2026-09-04 15:52:35 ====
2026-09-04 15:52:35 Performing test ID PROC-3614 (Check heavy IO waiting based processes)
2026-09-04 15:52:35 Result: No processes were waiting for IO requests to be handled first
2026-09-04 15:52:35 ====
2026-09-04 15:52:35 Performing test ID PROC-3802 (Check presence of prelink tooling)
2026-09-04 15:52:35 Result: prelink package is NOT installed
2026-09-04 15:52:35 Hardening: assigned maximum number of hardening points for this item (3). Currently having 18 points (out of 31)
2026-09-04 15:52:35 Security check: file is normal
2026-09-04 15:52:35 Checking permissions of /usr/share/lynis/include/tests_authentication
2026-09-04 15:52:36 File permissions are OK
2026-09-04 15:52:36 ====
2026-09-04 15:52:36 Action: Performing tests from category: Users, Groups and Authentication
2026-09-04 15:52:36 ====
2026-09-04 15:52:36 Performing test ID AUTH-9204 (Check users with an UID of zero)
2026-09-04 15:52:36 Test: Searching accounts with UID 0
2026-09-04 15:52:37 Result: No accounts found with UID 0 other than root.
2026-09-04 15:52:37 ====
2026-09-04 15:52:37 Performing test ID AUTH-9208 (Check non-unique accounts in passwd file)
2026-09-04 15:52:37 Test: Checking for non-unique accounts
2026-09-04 15:52:37 Result: all accounts found in /etc/passwd are unique
2026-09-04 15:52:37 Remarks: Non unique UIDs can be a risk for the system or part of a configuration mistake
2026-09-04 15:52:37 Prerequisite test: /usr/sbin/chkgrp
2026-09-04 15:52:37 ====
2026-09-04 15:52:37 Skipped test AUTH-9212 (Test group file)
2026-09-04 15:52:37 Reason to skip: Prerequisites not met (ie missing tool, other type of Linux distribution)
2026-09-04 15:52:37 ====
2026-09-04 15:52:38 Performing test ID AUTH-9216 (Check group and shadow group files)
2026-09-04 15:52:38 Test: Checking for grpck binary output
2026-09-04 15:52:38 Result: grpck binary didn't find any errors in the group files
2026-09-04 15:52:38 ====
2026-09-04 15:52:38 Skipped test AUTH-9218 (Check login shells for passwordless accounts)
2026-09-04 15:52:38 Reason to skip: Incorrect guest OS (DragonFly FreeBSD NetBSD OpenBSD only)
2026-09-04 15:52:38 ====
2026-09-04 15:52:38 Performing test ID AUTH-9222 (Check unique groups (IDs))
2026-09-04 15:52:38 Test: Checking for non unique group ID's in /etc/group
2026-09-04 15:52:38 Result: All group ID's are unique
2026-09-04 15:52:38 ====
2026-09-04 15:52:38 Performing test ID AUTH-9226 (Check unique group names)
2026-09-04 15:52:38 Test: Checking for non unique group names in /etc/group
2026-09-04 15:52:39 Result: All group names are unique
2026-09-04 15:52:39 ====
2026-09-04 15:52:39 Performing test ID AUTH-9228 (Check password file consistency with pwck)
2026-09-04 15:52:39 Test: Checking password file consistency (pwck)
2026-09-04 15:52:39 Result: pwck check didn't find any problems
2026-09-04 15:52:39 Hardening: assigned maximum number of hardening points for this item (2). Currently having 20 points (out of 33)
2026-09-04 15:52:39 ====
2026-09-04 15:52:39 Performing test ID AUTH-9229 (Check password hashing methods)
2026-09-04 15:52:39 Test: Checking password hashing methods
2026-09-04 15:52:39 Result: no poor password hashing methods found
2026-09-04 15:52:39 Hardening: assigned maximum number of hardening points for this item (2). Currently having 22 points (out of 35)
2026-09-04 15:52:39 ====
2026-09-04 15:52:40 Performing test ID AUTH-9230 (Check password hashing rounds)
2026-09-04 15:52:40 Test: Checking SHA_CRYPT_{MIN,MAX}_ROUNDS option in /etc/login.defs
2026-09-04 15:52:40 Result: number of password hashing rounds is not configured
2026-09-04 15:52:40 Suggestion: Configure password hashing rounds in /etc/login.defs [test:AUTH-9230] [details:-] [solution:-]
2026-09-04 15:52:40 Hardening: assigned partial number of hardening points (0 of 2). Currently having 22 points (out of 37)
2026-09-04 15:52:40 ====
2026-09-04 15:52:40 Performing test ID AUTH-9234 (Query user accounts)
2026-09-04 15:52:40 Test: Read system users (including root user) from password database (e.g. /etc/passwd)
2026-09-04 15:52:40 Result: found minimal user id specified: 1000
2026-09-04 15:52:40 Linux real users output (ID = 0, or 1000+, but not 65534):
2026-09-04 15:52:40 Real user: root,0
2026-09-04 15:52:40 Real user: admintp,1000
2026-09-04 15:52:40 ====
2026-09-04 15:52:40 Performing test ID AUTH-9240 (Query NIS+ authentication support)
2026-09-04 15:52:40 Result: NIS+ authentication not enabled
2026-09-04 15:52:41 ====
2026-09-04 15:52:41 Performing test ID AUTH-9242 (Query NIS authentication support)
2026-09-04 15:52:41 Result: NIS authentication not enabled
2026-09-04 15:52:41 ====
2026-09-04 15:52:41 Performing test ID AUTH-9250 (Checking sudoers file)
2026-09-04 15:52:41 Test: checking presence /etc/sudoers
2026-09-04 15:52:41 Result: file /etc/sudoers not found
2026-09-04 15:52:41 Test: checking presence /usr/local/etc/sudoers
2026-09-04 15:52:41 Result: file /usr/local/etc/sudoers not found
2026-09-04 15:52:41 Test: checking presence /usr/pkg/etc/sudoers
2026-09-04 15:52:41 Result: file /usr/pkg/etc/sudoers not found
2026-09-04 15:52:41 Result: sudoers file NOT found
2026-09-04 15:52:41 ====
2026-09-04 15:52:42 Skipped test AUTH-9252 (Check ownership and permissions for sudo configuration files)
2026-09-04 15:52:42 Reason to skip: Prerequisites not met (ie missing tool, other type of Linux distribution)
2026-09-04 15:52:42 ====
2026-09-04 15:52:42 Skipped test AUTH-9254 (Solaris passwordless accounts)
2026-09-04 15:52:42 Reason to skip: Incorrect guest OS (Solaris only)
2026-09-04 15:52:42 ====
2026-09-04 15:52:42 Performing test ID AUTH-9262 (Checking presence password strength testing tools (PAM))
2026-09-04 15:52:42 Searching PAM password testing modules (cracklib, passwdqc, pwquality)
2026-09-04 15:52:42 Result: pam_cracklib.so NOT found (crack library PAM)
2026-09-04 15:52:42 Result: pam_passwdqc.so NOT found (passwd quality control PAM)
2026-09-04 15:52:42 Result: pam_pwquality.so NOT found (pwquality control PAM)
2026-09-04 15:52:42 Result: no PAM modules for password strength testing found
2026-09-04 15:52:42 Suggestion: Install a PAM module for password strength testing like pam_cracklib or pam_passwdqc [test:AUTH-9262] [details:-] [solution:-]
2026-09-04 15:52:42 Hardening: assigned partial number of hardening points (0 of 3). Currently having 22 points (out of 40)
2026-09-04 15:52:42 ====
2026-09-04 15:52:42 Performing test ID AUTH-9264 (Checking presence pam.conf)
2026-09-04 15:52:43 Test: Checking file /etc/pam.conf
2026-09-04 15:52:43 Result: file /etc/pam.conf exists
2026-09-04 15:52:43 Test: searching PAM configuration files
2026-09-04 15:52:43 Result: File has no configuration options defined (empty, or only filled with comments and empty lines)
2026-09-04 15:52:43 ====
2026-09-04 15:52:43 Performing test ID AUTH-9266 (Checking presence pam.d files)
2026-09-04 15:52:43 Test: Checking directory /etc/pam.d
2026-09-04 15:52:43 Result: directory /etc/pam.d exists
2026-09-04 15:52:43 Test: searching PAM configuration files
2026-09-04 15:52:43 Found file: /etc/pam.d/chfn
2026-09-04 15:52:43 Found file: /etc/pam.d/chpasswd
2026-09-04 15:52:43 Found file: /etc/pam.d/chsh
2026-09-04 15:52:43 Found file: /etc/pam.d/common-account
2026-09-04 15:52:43 Found file: /etc/pam.d/common-auth
2026-09-04 15:52:43 Found file: /etc/pam.d/common-password
2026-09-04 15:52:43 Found file: /etc/pam.d/common-session
2026-09-04 15:52:43 Found file: /etc/pam.d/common-session-noninteractive
2026-09-04 15:52:43 Found file: /etc/pam.d/cron
2026-09-04 15:52:43 Found file: /etc/pam.d/login
2026-09-04 15:52:44 Found file: /etc/pam.d/newusers
2026-09-04 15:52:44 Found file: /etc/pam.d/other
2026-09-04 15:52:44 Found file: /etc/pam.d/passwd
2026-09-04 15:52:44 Found file: /etc/pam.d/runuser
2026-09-04 15:52:44 Found file: /etc/pam.d/runuser-l
2026-09-04 15:52:44 Found file: /etc/pam.d/samba
2026-09-04 15:52:44 Found file: /etc/pam.d/sshd
2026-09-04 15:52:44 Found file: /etc/pam.d/su
2026-09-04 15:52:44 Found file: /etc/pam.d/su-l
2026-09-04 15:52:44 ====
2026-09-04 15:52:44 Performing test ID AUTH-9268 (Checking presence pam.d files)
2026-09-04 15:52:44 Test: Searching pam modules
2026-09-04 15:52:44 Test: Checking /usr/lib/aarch64-linux-gnu/security
2026-09-04 15:52:44 Result: directory /usr/lib/aarch64-linux-gnu/security could not be found or is a symlink to another directory
2026-09-04 15:52:44 Test: Checking /lib/arm-linux-gnueabihf/security
2026-09-04 15:52:44 Result: directory /lib/arm-linux-gnueabihf/security could not be found or is a symlink to another directory
2026-09-04 15:52:44 Test: Checking /lib/i386-linux-gnu/security
2026-09-04 15:52:44 Result: directory /lib/i386-linux-gnu/security could not be found or is a symlink to another directory
2026-09-04 15:52:44 Test: Checking /lib/security
2026-09-04 15:52:44 Result: directory /lib/security could not be found or is a symlink to another directory
2026-09-04 15:52:44 Test: Checking /lib/x86_64-linux-gnu/security
2026-09-04 15:52:44 Result: directory /lib/x86_64-linux-gnu/security exists
2026-09-04 15:52:45 Found file: /lib/x86_64-linux-gnu/security/pam_access.so
2026-09-04 15:52:45 Found file: /lib/x86_64-linux-gnu/security/pam_cifscreds.so
2026-09-04 15:52:45 Found file: /lib/x86_64-linux-gnu/security/pam_debug.so
2026-09-04 15:52:45 Found file: /lib/x86_64-linux-gnu/security/pam_deny.so
2026-09-04 15:52:45 Found file: /lib/x86_64-linux-gnu/security/pam_echo.so
2026-09-04 15:52:45 Found file: /lib/x86_64-linux-gnu/security/pam_env.so
2026-09-04 15:52:45 Found file: /lib/x86_64-linux-gnu/security/pam_exec.so
2026-09-04 15:52:45 Found file: /lib/x86_64-linux-gnu/security/pam_faildelay.so
2026-09-04 15:52:45 Found file: /lib/x86_64-linux-gnu/security/pam_faillock.so
2026-09-04 15:52:45 Found file: /lib/x86_64-linux-gnu/security/pam_filter.so
2026-09-04 15:52:45 Found file: /lib/x86_64-linux-gnu/security/pam_ftp.so
2026-09-04 15:52:45 Found file: /lib/x86_64-linux-gnu/security/pam_group.so
2026-09-04 15:52:45 Found file: /lib/x86_64-linux-gnu/security/pam_issue.so
2026-09-04 15:52:45 Found file: /lib/x86_64-linux-gnu/security/pam_keyinit.so
2026-09-04 15:52:45 Found file: /lib/x86_64-linux-gnu/security/pam_lastlog.so
2026-09-04 15:52:45 Found file: /lib/x86_64-linux-gnu/security/pam_limits.so
2026-09-04 15:52:45 Found file: /lib/x86_64-linux-gnu/security/pam_listfile.so
2026-09-04 15:52:45 Found file: /lib/x86_64-linux-gnu/security/pam_localuser.so
2026-09-04 15:52:45 Found file: /lib/x86_64-linux-gnu/security/pam_loginuid.so
2026-09-04 15:52:45 Found file: /lib/x86_64-linux-gnu/security/pam_mail.so
2026-09-04 15:52:45 Found file: /lib/x86_64-linux-gnu/security/pam_mkhomedir.so
2026-09-04 15:52:45 Found file: /lib/x86_64-linux-gnu/security/pam_motd.so
2026-09-04 15:52:45 Found file: /lib/x86_64-linux-gnu/security/pam_namespace.so
2026-09-04 15:52:45 Found file: /lib/x86_64-linux-gnu/security/pam_nologin.so
2026-09-04 15:52:45 Found file: /lib/x86_64-linux-gnu/security/pam_permit.so
2026-09-04 15:52:45 Found file: /lib/x86_64-linux-gnu/security/pam_pwhistory.so
2026-09-04 15:52:45 Found file: /lib/x86_64-linux-gnu/security/pam_rhosts.so
2026-09-04 15:52:45 Found file: /lib/x86_64-linux-gnu/security/pam_rootok.so
2026-09-04 15:52:46 Found file: /lib/x86_64-linux-gnu/security/pam_securetty.so
2026-09-04 15:52:46 Found file: /lib/x86_64-linux-gnu/security/pam_selinux.so
2026-09-04 15:52:46 Found file: /lib/x86_64-linux-gnu/security/pam_sepermit.so
2026-09-04 15:52:46 Found file: /lib/x86_64-linux-gnu/security/pam_setquota.so
2026-09-04 15:52:46 Found file: /lib/x86_64-linux-gnu/security/pam_shells.so
2026-09-04 15:52:46 Found file: /lib/x86_64-linux-gnu/security/pam_stress.so
2026-09-04 15:52:46 Found file: /lib/x86_64-linux-gnu/security/pam_succeed_if.so
2026-09-04 15:52:46 Found file: /lib/x86_64-linux-gnu/security/pam_systemd.so
2026-09-04 15:52:46 Found file: /lib/x86_64-linux-gnu/security/pam_time.so
2026-09-04 15:52:46 Found file: /lib/x86_64-linux-gnu/security/pam_timestamp.so
2026-09-04 15:52:46 Found file: /lib/x86_64-linux-gnu/security/pam_tty_audit.so
2026-09-04 15:52:46 Found file: /lib/x86_64-linux-gnu/security/pam_umask.so
2026-09-04 15:52:46 Found file: /lib/x86_64-linux-gnu/security/pam_unix.so
2026-09-04 15:52:46 Found file: /lib/x86_64-linux-gnu/security/pam_userdb.so
2026-09-04 15:52:46 Found file: /lib/x86_64-linux-gnu/security/pam_usertype.so
2026-09-04 15:52:46 Found file: /lib/x86_64-linux-gnu/security/pam_warn.so
2026-09-04 15:52:46 Found file: /lib/x86_64-linux-gnu/security/pam_wheel.so
2026-09-04 15:52:46 Found file: /lib/x86_64-linux-gnu/security/pam_xauth.so
2026-09-04 15:52:46 Test: Checking /lib64/security
2026-09-04 15:52:46 Result: directory /lib64/security could not be found or is a symlink to another directory
2026-09-04 15:52:46 Test: Checking /usr/lib
2026-09-04 15:52:46 Result: directory /usr/lib exists
2026-09-04 15:52:46 Test: Checking /usr/lib/security
2026-09-04 15:52:47 Result: directory /usr/lib/security could not be found or is a symlink to another directory
2026-09-04 15:52:47 ====
2026-09-04 15:52:47 Performing test ID AUTH-9278 (Determine LDAP support in PAM files)
2026-09-04 15:52:47 Test: checking presence /etc/pam.d/common-auth
2026-09-04 15:52:47 Result: file /etc/pam.d/common-auth exists
2026-09-04 15:52:47 Test: checking presence LDAP module
2026-09-04 15:52:47 Result: LDAP module not found
2026-09-04 15:52:47 Test: checking presence /etc/pam.d/system-auth
2026-09-04 15:52:47 Result: file /etc/pam.d/system-auth not found, skipping test
2026-09-04 15:52:47 ====
2026-09-04 15:52:48 Performing test ID AUTH-9282 (Checking password protected account without expire date)
2026-09-04 15:52:48 Test: Checking Linux version and password expire date status
2026-09-04 15:52:48 Result: found one or more accounts without expire date set
2026-09-04 15:52:48 Account without expire date: root
2026-09-04 15:52:48 Account without expire date: admintp
2026-09-04 15:52:48 Suggestion: When possible set expire dates for all password protected accounts [test:AUTH-9282] [details:-] [solution:-]
2026-09-04 15:52:48 ====
2026-09-04 15:52:48 Performing test ID AUTH-9283 (Checking accounts without password)
2026-09-04 15:52:48 Test: Checking passwordless accounts
2026-09-04 15:52:48 Result: all accounts seem to have a password
2026-09-04 15:52:48 ====
2026-09-04 15:52:48 Performing test ID AUTH-9284 (Check locked user accounts in /etc/passwd)
2026-09-04 15:52:48 Test: Checking locked accounts
2026-09-04 15:52:49 Result: all accounts seem to be unlocked
2026-09-04 15:52:49 ====
2026-09-04 15:52:50 Performing test ID AUTH-9286 (Checking user password aging)
2026-09-04 15:52:50 Test: Checking PASS_MIN_DAYS option in /etc/login.defs
2026-09-04 15:52:50 Result: password minimum age is not configured
2026-09-04 15:52:50 Suggestion: Configure minimum password age in /etc/login.defs [test:AUTH-9286] [details:-] [solution:-]
2026-09-04 15:52:50 Hardening: assigned partial number of hardening points (0 of 1). Currently having 22 points (out of 41)
2026-09-04 15:52:50 Test: Checking PASS_MAX_DAYS option in /etc/login.defs 
2026-09-04 15:52:50 Result: password aging limits are not configured
2026-09-04 15:52:50 Suggestion: Configure maximum password age in /etc/login.defs [test:AUTH-9286] [details:-] [solution:-]
2026-09-04 15:52:50 Hardening: assigned partial number of hardening points (0 of 1). Currently having 22 points (out of 42)
2026-09-04 15:52:50 ====
2026-09-04 15:52:50 Performing test ID AUTH-9288 (Checking for expired passwords)
2026-09-04 15:52:50 Test: check if we can access /etc/shadow (escaped: /etc/shadow)
2026-09-04 15:52:50 Result: file is owned by our current user ID (0), checking if it is readable
2026-09-04 15:52:51 Result: file /etc/shadow is readable (or directory accessible).
2026-09-04 15:52:51 Data: Days since epoch is 20700
2026-09-04 15:52:51 Test: collecting accounts which have an expired password (last day changed + maximum change time)
2026-09-04 15:52:51 Result: good, no passwords have been expired
2026-09-04 15:52:51 Hardening: assigned maximum number of hardening points for this item (10). Currently having 32 points (out of 52)
2026-09-04 15:52:51 ====
2026-09-04 15:52:51 Skipped test AUTH-9304 (Check single user login configuration)
2026-09-04 15:52:51 Reason to skip: Incorrect guest OS (Solaris only)
2026-09-04 15:52:51 ====
2026-09-04 15:52:51 Skipped test AUTH-9306 (Check single boot authentication)
2026-09-04 15:52:51 Reason to skip: Incorrect guest OS (HP-UX only)
2026-09-04 15:52:51 ====
2026-09-04 15:52:52 Performing test ID AUTH-9308 (Check single user login configuration)
2026-09-04 15:52:52 Test: going to check several systemd targets now
2026-09-04 15:52:52 Test: checking if target console-shell.service is available (/lib/systemd/system/console-shell.service)
2026-09-04 15:52:52 Result: target console-shell.service not found
2026-09-04 15:52:52 Test: checking if target emergency.service is available (/lib/systemd/system/emergency.service)
2026-09-04 15:52:52 Result: found target emergency.service
2026-09-04 15:52:52 Result: sulogin was found, which is a good measure to protect single user mode
2026-09-04 15:52:52 Test: checking if target rescue.service is available (/lib/systemd/system/rescue.service)
2026-09-04 15:52:52 Result: found target rescue.service
2026-09-04 15:52:52 Result: sulogin was found, which is a good measure to protect single user mode
2026-09-04 15:52:52 Result: option set, password is needed at single user mode boot
2026-09-04 15:52:52 Hardening: assigned maximum number of hardening points for this item (2). Currently having 34 points (out of 54)
2026-09-04 15:52:52 ====
2026-09-04 15:52:52 Performing test ID AUTH-9328 (Default umask values)
2026-09-04 15:52:52 Test: Checking /etc/profile.d directory
2026-09-04 15:52:52 Result: found /etc/profile.d, with one or more files in it
2026-09-04 15:52:53 Test: Checking /etc/profile
2026-09-04 15:52:53 Result: file /etc/profile exists
2026-09-04 15:52:53 Test: Checking umask value in /etc/profile
2026-09-04 15:52:53 Result: did not find umask in /etc/profile
2026-09-04 15:52:53 Result: found no umask. Please check if this is correct
2026-09-04 15:52:53 Test: Checking umask entries in /etc/passwd (pam_umask)
2026-09-04 15:52:53 Result: file /etc/passwd exists
2026-09-04 15:52:53 Test: Checking umask value in /etc/passwd
2026-09-04 15:52:53 Manual: one or more manual actions are required for further testing of this control/plugin
2026-09-04 15:52:53 Test: Checking /etc/login.defs
2026-09-04 15:52:53 Result: file /etc/login.defs exists
2026-09-04 15:52:53 Test: Checking umask value in /etc/login.defs
2026-09-04 15:52:53 Result: found umask 022, which could be improved
2026-09-04 15:52:53 Suggestion: Default umask in /etc/login.defs could be more strict like 027 [test:AUTH-9328] [details:-] [solution:-]
2026-09-04 15:52:53 Hardening: assigned partial number of hardening points (0 of 2). Currently having 34 points (out of 56)
2026-09-04 15:52:53 Test: Checking /etc/init.d/functions
2026-09-04 15:52:53 Result: file /etc/init.d/functions does not exist
2026-09-04 15:52:53 Test: Checking /etc/init.d/rc
2026-09-04 15:52:53 Result: file /etc/init.d/rc does not exist
2026-09-04 15:52:53 Test: Checking /etc/init.d/rcS
2026-09-04 15:52:53 Result: file /etc/init.d/rcS does not exist
2026-09-04 15:52:53 ====
2026-09-04 15:52:54 Skipped test AUTH-9340 (Solaris account locking)
2026-09-04 15:52:54 Reason to skip: Incorrect guest OS (Solaris only)
2026-09-04 15:52:54 ====
2026-09-04 15:52:54 Performing test ID AUTH-9402 (Query LDAP authentication support)
2026-09-04 15:52:54 Result: LDAP authentication not enabled
2026-09-04 15:52:54 ====
2026-09-04 15:52:54 Skipped test AUTH-9406 (Query LDAP servers in client configuration)
2026-09-04 15:52:54 Reason to skip: Prerequisites not met (ie missing tool, other type of Linux distribution)
2026-09-04 15:52:54 ====
2026-09-04 15:52:54 Performing test ID AUTH-9408 (Logging of failed login attempts)
2026-09-04 15:52:54 Result: did not find /var/run/faillock directory or /var/log/tallylog file on disk or its file size is zero bytes
2026-09-04 15:52:55 Result: found pam_faillock module on disk
2026-09-04 15:52:56 Outcome: it looks like pam_faillock or pam_tally2 is not configured to log failed login attempts
2026-09-04 15:52:56 Test: Checking FAILLOG_ENAB option in /etc/login.defs 
2026-09-04 15:52:56 Result: FAILLOG_ENAB is set to 'yes'
2026-09-04 15:52:56 Outcome: failed login attempts are logged in /var/log/faillog
2026-09-04 15:52:56 Hardening: assigned maximum number of hardening points for this item (3). Currently having 37 points (out of 59)
2026-09-04 15:52:57 ====
2026-09-04 15:52:57 Skipped test AUTH-9409 (Checking /etc/doas.conf file)
2026-09-04 15:52:57 Reason to skip: Incorrect guest OS (OpenBSD only)
2026-09-04 15:52:57 ====
2026-09-04 15:52:57 Skipped test AUTH-9410 (Check /etc/doas.conf file permissions)
2026-09-04 15:52:57 Reason to skip: Incorrect guest OS (OpenBSD only)
2026-09-04 15:52:57 Security check: file is normal
2026-09-04 15:52:57 Checking permissions of /usr/share/lynis/include/tests_shells
2026-09-04 15:52:57 File permissions are OK
2026-09-04 15:52:57 ====
2026-09-04 15:52:57 Action: Performing tests from category: Shells
2026-09-04 15:52:58 ====
2026-09-04 15:52:58 Skipped test SHLL-6202 (Check console TTYs)
2026-09-04 15:52:58 Reason to skip: Incorrect guest OS (FreeBSD only)
2026-09-04 15:52:58 ====
2026-09-04 15:52:58 Performing test ID SHLL-6211 (Available and valid shells)
2026-09-04 15:52:58 Test: Searching for /etc/shells
2026-09-04 15:52:58 Result: Found /etc/shells file
2026-09-04 15:52:58 Test: Reading available shells from /etc/shells
2026-09-04 15:52:58 Found installed shell: /bin/sh
2026-09-04 15:52:58 Found installed shell: /usr/bin/sh
2026-09-04 15:52:58 Found installed shell: /bin/bash
2026-09-04 15:52:58 Found installed shell: /usr/bin/bash
2026-09-04 15:52:58 Found installed shell: /bin/rbash
2026-09-04 15:52:58 Found installed shell: /usr/bin/rbash
2026-09-04 15:52:58 Found installed shell: /bin/dash
2026-09-04 15:52:58 Found installed shell: /usr/bin/dash
2026-09-04 15:52:58 ====
2026-09-04 15:52:59 Performing test ID SHLL-6220 (Idle session killing tools or settings)
2026-09-04 15:52:59 Test: Search for session timeout tools or settings in shell
2026-09-04 15:52:59 Performing pgrep scan without uid
2026-09-04 15:52:59 IsRunning: process 'timeoutd' not found
2026-09-04 15:52:59 Performing pgrep scan without uid
2026-09-04 15:52:59 IsRunning: process 'autolog' not found
2026-09-04 15:52:59 Result: could not find TMOUT setting in /etc/profile
2026-09-04 15:52:59 Result: could not find export, readonly or typeset -r in /etc/profile
2026-09-04 15:53:00 Result: could not find TMOUT setting in /etc/profile.d/*.sh
2026-09-04 15:53:00 Result: could not find export, readonly or typeset -r in /etc/profile
2026-09-04 15:53:00 Hardening: assigned partial number of hardening points (1 of 3). Currently having 38 points (out of 62)
2026-09-04 15:53:00 ====
2026-09-04 15:53:00 Performing test ID SHLL-6230 (Perform umask check for shell configurations)
2026-09-04 15:53:00 Result: file /etc/bashrc not found
2026-09-04 15:53:00 Result: file /etc/bash.bashrc exists
2026-09-04 15:53:00 Result: did not find umask configured in /etc/bash.bashrc
2026-09-04 15:53:00 Result: file /etc/bash.bashrc.local not found
2026-09-04 15:53:00 Result: file /etc/csh.cshrc not found
2026-09-04 15:53:00 Result: file /etc/profile exists
2026-09-04 15:53:00 Result: did not find umask configured in /etc/profile
2026-09-04 15:53:00 Security check: file is normal
2026-09-04 15:53:00 Checking permissions of /usr/share/lynis/include/tests_filesystems
2026-09-04 15:53:01 File permissions are OK
2026-09-04 15:53:01 ====
2026-09-04 15:53:01 Action: Performing tests from category: File systems
2026-09-04 15:53:01 ====
2026-09-04 15:53:01 Performing test ID FILE-6310 (Checking /tmp, /home and /var directory)
2026-09-04 15:53:01 Test: Checking if /home is mounted separately or mounted on / file system
2026-09-04 15:53:01 Result: directory /home exists
2026-09-04 15:53:01 Result: /home not found in mount list. Directory most likely stored on / file system
2026-09-04 15:53:01 Suggestion: To decrease the impact of a full /home file system, place /home on a separate partition [test:FILE-6310] [details:-] [solution:-]
2026-09-04 15:53:01 Hardening: assigned partial number of hardening points (9 of 10). Currently having 47 points (out of 72)
2026-09-04 15:53:01 Test: Checking if /tmp is mounted separately or mounted on / file system
2026-09-04 15:53:01 Result: directory /tmp exists
2026-09-04 15:53:01 Result: /tmp not found in mount list. Directory most likely stored on / file system
2026-09-04 15:53:01 Suggestion: To decrease the impact of a full /tmp file system, place /tmp on a separate partition [test:FILE-6310] [details:-] [solution:-]
2026-09-04 15:53:01 Hardening: assigned partial number of hardening points (9 of 10). Currently having 56 points (out of 82)
2026-09-04 15:53:01 Test: Checking if /var is mounted separately or mounted on / file system
2026-09-04 15:53:02 Result: directory /var exists
2026-09-04 15:53:02 Result: /var not found in mount list. Directory most likely stored on / file system
2026-09-04 15:53:02 Suggestion: To decrease the impact of a full /var file system, place /var on a separate partition [test:FILE-6310] [details:-] [solution:-]
2026-09-04 15:53:02 Hardening: assigned partial number of hardening points (9 of 10). Currently having 65 points (out of 92)
2026-09-04 15:53:02 ====
2026-09-04 15:53:02 Skipped test FILE-6311 (Checking LVM volume groups)
2026-09-04 15:53:02 Reason to skip: Prerequisites not met (ie missing tool, other type of Linux distribution)
2026-09-04 15:53:02 ====
2026-09-04 15:53:02 Skipped test FILE-6312 (Checking LVM volumes)
2026-09-04 15:53:02 Reason to skip: Prerequisites not met (ie missing tool, other type of Linux distribution)
2026-09-04 15:53:02 ====
2026-09-04 15:53:02 Performing test ID FILE-6323 (Checking EXT file systems)
2026-09-04 15:53:02 Test: Checking for Linux EXT file systems
2026-09-04 15:53:02 Result: found one or more EXT file systems
2026-09-04 15:53:03 File system: / (type: ext4)
2026-09-04 15:53:03 ====
2026-09-04 15:53:03 Performing test ID FILE-6324 (Checking XFS file systems)
2026-09-04 15:53:03 Test: Checking for Linux XFS file systems
2026-09-04 15:53:03 Result: no XFS file systems found
2026-09-04 15:53:03 ====
2026-09-04 15:53:03 Performing test ID FILE-6329 (Checking FFS/UFS file systems)
2026-09-04 15:53:03 Test: Query /etc/fstab for available FFS/UFS mount points
2026-09-04 15:53:03 Result: unable to find any single mount point (FFS/UFS)
2026-09-04 15:53:03 ====
2026-09-04 15:53:03 Skipped test FILE-6330 (Checking ZFS file systems)
2026-09-04 15:53:03 Reason to skip: Incorrect guest OS (FreeBSD only)
2026-09-04 15:53:03 ====
2026-09-04 15:53:04 Skipped test FILE-6439 (Checking HAMMER PFS mounts)
2026-09-04 15:53:04 Reason to skip: Incorrect guest OS (DragonFly only)
2026-09-04 15:53:04 ====
2026-09-04 15:53:04 Performing test ID FILE-6332 (Checking swap partitions)
2026-09-04 15:53:04 Test: query swap partitions from /etc/fstab file
2026-09-04 15:53:04 Swap partition found: UUID=b4d6a8b0-9135-4e9b-8500-b1019f53ce4a
2026-09-04 15:53:04 Result: Using b4d6a8b0-9135-4e9b-8500-b1019f53ce4a as UUID
2026-09-04 15:53:05 ====
2026-09-04 15:53:05 Performing test ID FILE-6336 (Checking swap mount options)
2026-09-04 15:53:05 Test: check swap partitions with incorrect mount options
2026-09-04 15:53:05 Result: all swap partitions have correct options (sw or swap)
2026-09-04 15:53:05 ====
2026-09-04 15:53:05 Skipped test FILE-6344 (Checking proc mount options)
2026-09-04 15:53:05 Reason to skip: Prerequisites not met (ie missing tool, other type of Linux distribution)
2026-09-04 15:53:05 ====
2026-09-04 15:53:05 Performing test ID FILE-6354 (Searching for old files in /tmp)
2026-09-04 15:53:05 Test: Searching for old files in /tmp
2026-09-04 15:53:05 Result: no files found in /tmp which are older than 3 months
2026-09-04 15:53:05 ====
2026-09-04 15:53:06 Performing test ID FILE-6362 (Checking /tmp sticky bit)
2026-09-04 15:53:06 Result: sticky bit found on /tmp directory
2026-09-04 15:53:06 Hardening: assigned maximum number of hardening points for this item (3). Currently having 68 points (out of 95)
2026-09-04 15:53:06 ====
2026-09-04 15:53:06 Performing test ID FILE-6363 (Checking /var/tmp sticky bit)
2026-09-04 15:53:06 Result: sticky bit found on /var/tmp directory
2026-09-04 15:53:06 Hardening: assigned maximum number of hardening points for this item (3). Currently having 71 points (out of 98)
2026-09-04 15:53:06 ====
2026-09-04 15:53:06 Performing test ID FILE-6368 (Checking ACL support on root file system)
2026-09-04 15:53:06 Test: Checking acl option on ext[2-4] root file system
2026-09-04 15:53:06 Result: mount point probably mounted with defaults
2026-09-04 15:53:06 Test: Checking device which holds root file system
2026-09-04 15:53:07 Result: found /dev/sda1
2026-09-04 15:53:07 Test: Checking default options on /dev/sda1
2026-09-04 15:53:07 Result: found ACL option in default mount options
2026-09-04 15:53:07 Test: Checking acl option on xfs root file system
2026-09-04 15:53:07 Result: ACL option enabled on root file system
2026-09-04 15:53:07 Hardening: assigned maximum number of hardening points for this item (3). Currently having 74 points (out of 101)
2026-09-04 15:53:07 ====
2026-09-04 15:53:07 Performing test ID FILE-6372 (Checking / mount options)
2026-09-04 15:53:07 Result: mount system / is configured with options: errors=remount-ro
2026-09-04 15:53:07 ====
2026-09-04 15:53:08 Performing test ID FILE-6374 (Linux mount options)
2026-09-04 15:53:08 Result: file system /boot not found in /etc/fstab
2026-09-04 15:53:08 File system:    /dev
2026-09-04 15:53:08 Expected flags: noexec nosuid
2026-09-04 15:53:08 Found flags:    (rw nosuid relatime size=722872k nr_inodes=180718 mode=755 inode64) 
2026-09-04 15:53:08 Result: Could not find mount option noexec on file system /dev
2026-09-04 15:53:08 Result: GOOD, found mount option nosuid on file system /dev
2026-09-04 15:53:08 Result: marked /dev as partially hardened
2026-09-04 15:53:08 Hardening: assigned partial number of hardening points (4 of 5). Currently having 78 points (out of 106)
2026-09-04 15:53:09 File system:    /dev/shm
2026-09-04 15:53:09 Expected flags: nosuid nodev noexec
2026-09-04 15:53:09 Found flags:    (rw nosuid nodev inode64) 
2026-09-04 15:53:09 Result: GOOD, found mount option nosuid on file system /dev/shm
2026-09-04 15:53:09 Result: GOOD, found mount option nodev on file system /dev/shm
2026-09-04 15:53:09 Result: Could not find mount option noexec on file system /dev/shm
2026-09-04 15:53:09 Result: marked /dev/shm as partially hardened
2026-09-04 15:53:09 Hardening: assigned partial number of hardening points (4 of 5). Currently having 82 points (out of 111)
2026-09-04 15:53:09 Result: file system /home not found in /etc/fstab
2026-09-04 15:53:10 File system:    /run
2026-09-04 15:53:10 Expected flags: nodev nosuid
2026-09-04 15:53:10 Found flags:    (rw nosuid nodev noexec relatime size=149840k mode=755 inode64) 
2026-09-04 15:53:10 Result: GOOD, found mount option nodev on file system /run
2026-09-04 15:53:10 Result: GOOD, found mount option nosuid on file system /run
2026-09-04 15:53:10 Result: marked /run as fully hardened
2026-09-04 15:53:10 Hardening: assigned maximum number of hardening points for this item (5). Currently having 87 points (out of 116)
2026-09-04 15:53:10 Result: file system /tmp not found in /etc/fstab
2026-09-04 15:53:11 Result: file system /var not found in /etc/fstab
2026-09-04 15:53:11 Result: file system /var/log not found in /etc/fstab
2026-09-04 15:53:11 Result: file system /var/log/audit not found in /etc/fstab
2026-09-04 15:53:11 Result: file system /var/tmp not found in /etc/fstab
2026-09-04 15:53:12 Result: Total without nodev:5 noexec:6 nosuid:3 ro or noexec (W^X): 6, of total 25
2026-09-04 15:53:12 ====
2026-09-04 15:53:12 Performing test ID FILE-6376 (Determine if /var/tmp is bound to /tmp)
2026-09-04 15:53:12 Result: no mount point /var/tmp or expected options found
2026-09-04 15:53:12 ====
2026-09-04 15:53:12 Performing test ID FILE-6394 (Determine level of swappiness.)
2026-09-04 15:53:12 Test: checking level of vm.swappiness: 60
2026-09-04 15:53:13 Result: vm.swappiness=60 which is the standard level of swappiness and works well for desktop systems.
2026-09-04 15:53:13 ====
2026-09-04 15:53:13 Skipped test FILE-6410 (Checking Locate database)
2026-09-04 15:53:13 Reason to skip: Prerequisites not met (ie missing tool, other type of Linux distribution)
2026-09-04 15:53:13 ====
2026-09-04 15:53:13 Performing test ID FILE-6430 (Disable mounting of some filesystems)
2026-09-04 15:53:13 Hardening: assigned maximum number of hardening points for this item (3). Currently having 90 points (out of 119)
2026-09-04 15:53:13 Result: found freevxfs support in the kernel (output = insmod /lib/modules/6.1.0-27-amd64/kernel/fs/freevxfs/freevxfs.ko )
2026-09-04 15:53:13 Test: Checking if freevxfs is active
2026-09-04 15:53:13 Result: module freevxfs is currently not loaded in the kernel.
2026-09-04 15:53:14 Hardening: assigned partial number of hardening points (2 of 3). Currently having 92 points (out of 122)
2026-09-04 15:53:14 Result: found hfs support in the kernel (output = insmod /lib/modules/6.1.0-27-amd64/kernel/fs/hfs/hfs.ko )
2026-09-04 15:53:14 Test: Checking if hfs is active
2026-09-04 15:53:14 Result: module hfs is currently not loaded in the kernel.
2026-09-04 15:53:14 Hardening: assigned partial number of hardening points (2 of 3). Currently having 94 points (out of 125)
2026-09-04 15:53:14 Result: found hfsplus support in the kernel (output = insmod /lib/modules/6.1.0-27-amd64/kernel/fs/hfsplus/hfsplus.ko )
2026-09-04 15:53:14 Test: Checking if hfsplus is active
2026-09-04 15:53:15 Result: module hfsplus is currently not loaded in the kernel.
2026-09-04 15:53:15 Hardening: assigned partial number of hardening points (2 of 3). Currently having 96 points (out of 128)
2026-09-04 15:53:15 Result: found jffs2 support in the kernel (output = insmod /lib/modules/6.1.0-27-amd64/kernel/fs/jffs2/jffs2.ko )
2026-09-04 15:53:15 Test: Checking if jffs2 is active
2026-09-04 15:53:15 Result: module jffs2 is currently not loaded in the kernel.
2026-09-04 15:53:15 Hardening: assigned partial number of hardening points (2 of 3). Currently having 98 points (out of 131)
2026-09-04 15:53:15 Result: found squashfs support in the kernel (output = insmod /lib/modules/6.1.0-27-amd64/kernel/fs/squashfs/squashfs.ko )
2026-09-04 15:53:15 Test: Checking if squashfs is active
2026-09-04 15:53:16 Result: module squashfs is currently not loaded in the kernel.
2026-09-04 15:53:16 Hardening: assigned partial number of hardening points (2 of 3). Currently having 100 points (out of 134)
2026-09-04 15:53:16 Result: found udf support in the kernel (output = insmod /lib/modules/6.1.0-27-amd64/kernel/fs/udf/udf.ko )
2026-09-04 15:53:16 Test: Checking if udf is active
2026-09-04 15:53:16 Result: module udf is currently not loaded in the kernel.
2026-09-04 15:53:16 Hardening: assigned partial number of hardening points (2 of 3). Currently having 102 points (out of 137)
2026-09-04 15:53:16 Security check: file is normal
2026-09-04 15:53:16 Checking permissions of /usr/share/lynis/include/tests_usb
2026-09-04 15:53:17 File permissions are OK
2026-09-04 15:53:17 ====
2026-09-04 15:53:17 Action: Performing tests from category: USB Devices
2026-09-04 15:53:17 ====
2026-09-04 15:53:17 Performing test ID USB-1000 (Check if USB storage is disabled)
2026-09-04 15:53:17 Test: Checking USB storage driver in directory /etc/modprobe.d and configuration file /etc/modprobe.conf
2026-09-04 15:53:17 Result: usb-storage driver is not explicitly disabled
2026-09-04 15:53:17 Suggestion: Disable drivers like USB storage when not used, to prevent unauthorized storage or data theft [test:USB-1000] [details:-] [solution:-]
2026-09-04 15:53:17 Hardening: assigned partial number of hardening points (2 of 3). Currently having 104 points (out of 140)
2026-09-04 15:53:17 ====
2026-09-04 15:53:18 Performing test ID USB-2000 (Check USB authorizations)
2026-09-04 15:53:18 Test: checking presence of USB devices path (/sys/bus/usb/devices)
2026-09-04 15:53:18 Result: devices path does not exist
2026-09-04 15:53:18 ====
2026-09-04 15:53:18 Performing test ID USB-3000 (Check for presence of USBGuard)
2026-09-04 15:53:18 Result: USBGuard not found
2026-09-04 15:53:18 Hardening: assigned partial number of hardening points (0 of 8). Currently having 104 points (out of 148)
2026-09-04 15:53:18 Security check: file is normal
2026-09-04 15:53:18 Checking permissions of /usr/share/lynis/include/tests_storage
2026-09-04 15:53:18 File permissions are OK
2026-09-04 15:53:18 ====
2026-09-04 15:53:18 Action: Performing tests from category: Storage
2026-09-04 15:53:18 ====
2026-09-04 15:53:19 Performing test ID STRG-1846 (Check if firewire storage is disabled)
2026-09-04 15:53:19 Test: Checking firewire storage driver in directory /etc/modprobe.d and configuration file /etc/modprobe.conf
2026-09-04 15:53:19 Result: firewire ohci driver is not explicitly disabled
2026-09-04 15:53:19 Suggestion: Disable drivers like firewire storage when not used, to prevent unauthorized storage or data theft [test:STRG-1846] [details:-] [solution:-]
2026-09-04 15:53:19 Hardening: assigned partial number of hardening points (2 of 3). Currently having 106 points (out of 151)
2026-09-04 15:53:19 Security check: file is normal
2026-09-04 15:53:19 Checking permissions of /usr/share/lynis/include/tests_storage_nfs
2026-09-04 15:53:19 File permissions are OK
2026-09-04 15:53:19 ====
2026-09-04 15:53:20 Action: Performing tests from category: NFS
2026-09-04 15:53:20 ====
2026-09-04 15:53:20 Skipped test STRG-1902 (Check rpcinfo registered programs)
2026-09-04 15:53:20 Reason to skip: Prerequisites not met (ie missing tool, other type of Linux distribution)
2026-09-04 15:53:20 ====
2026-09-04 15:53:20 Skipped test STRG-1904 (Check nfs rpc)
2026-09-04 15:53:20 Reason to skip: Prerequisites not met (ie missing tool, other type of Linux distribution)
2026-09-04 15:53:20 ====
2026-09-04 15:53:20 Skipped test STRG-1906 (Check nfs rpc)
2026-09-04 15:53:20 Reason to skip: Prerequisites not met (ie missing tool, other type of Linux distribution)
2026-09-04 15:53:20 ====
2026-09-04 15:53:20 Performing test ID STRG-1920 (Checking NFS daemon)
2026-09-04 15:53:20 Test: Checking running NFS daemon
2026-09-04 15:53:21 Output: NFS daemon is not running
2026-09-04 15:53:21 ====
2026-09-04 15:53:21 Skipped test STRG-1926 (Checking NFS exports)
2026-09-04 15:53:21 Reason to skip: Prerequisites not met (ie missing tool, other type of Linux distribution)
2026-09-04 15:53:21 ====
2026-09-04 15:53:21 Skipped test STRG-1928 (Checking empty /etc/exports)
2026-09-04 15:53:21 Reason to skip: Prerequisites not met (ie missing tool, other type of Linux distribution)
2026-09-04 15:53:21 ====
2026-09-04 15:53:21 Skipped test STRG-1930 (Check client access to nfs share)
2026-09-04 15:53:21 Reason to skip: Prerequisites not met (ie missing tool, other type of Linux distribution)
2026-09-04 15:53:21 Security check: file is normal
2026-09-04 15:53:21 Checking permissions of /usr/share/lynis/include/tests_nameservices
2026-09-04 15:53:22 File permissions are OK
2026-09-04 15:53:22 ====
2026-09-04 15:53:22 Action: Performing tests from category: Name services
2026-09-04 15:53:22 ====
2026-09-04 15:53:22 Performing test ID NAME-4016 (Check /etc/resolv.conf default domain)
2026-09-04 15:53:22 Test: check /etc/resolv.conf for default domain
2026-09-04 15:53:22 Result: /etc/resolv.conf found
2026-09-04 15:53:22 Result: found default domain
2026-09-04 15:53:22 Output: home
2026-09-04 15:53:22 ====
2026-09-04 15:53:22 Performing test ID NAME-4018 (Check /etc/resolv.conf search domains)
2026-09-04 15:53:22 Test: check /etc/resolv.conf for search domains
2026-09-04 15:53:22 Result: /etc/resolv.conf found
2026-09-04 15:53:22 Found search domain: home
2026-09-04 15:53:22 Result: Found 1 search domains
2026-09-04 15:53:22 Result: found 1 line(s) with a search statement (expecting less than 2 lines)
2026-09-04 15:53:22 ====
2026-09-04 15:53:23 Performing test ID NAME-4020 (Check non default options)
2026-09-04 15:53:23 Test: check /etc/resolv.conf for non default options
2026-09-04 15:53:23 Result: /etc/resolv.conf found
2026-09-04 15:53:23 Result: no specific other options configured in /etc/resolv.conf
2026-09-04 15:53:23 ====
2026-09-04 15:53:23 Skipped test NAME-4024 (Solaris uname -n output)
2026-09-04 15:53:23 Reason to skip: Incorrect guest OS (Solaris only)
2026-09-04 15:53:23 ====
2026-09-04 15:53:23 Skipped test NAME-4026 (Check /etc/nodename)
2026-09-04 15:53:23 Reason to skip: Incorrect guest OS (Solaris only)
2026-09-04 15:53:23 ====
2026-09-04 15:53:23 Performing test ID NAME-4028 (Check domain name)
2026-09-04 15:53:23 Test: Checking if dnsdomainname command is available
2026-09-04 15:53:23 Result: dnsdomainname command returned no value
2026-09-04 15:53:24 Result: using domain name from /etc/resolv.conf
2026-09-04 15:53:24 Result: found domain name
2026-09-04 15:53:24 ====
2026-09-04 15:53:24 Performing test ID NAME-4032 (Check nscd status)
2026-09-04 15:53:24 Test: checking nscd status
2026-09-04 15:53:24 Performing pgrep scan without uid
2026-09-04 15:53:24 IsRunning: process 'nscd' not found
2026-09-04 15:53:24 Result: nscd is not running
2026-09-04 15:53:24 ====
2026-09-04 15:53:24 Performing test ID NAME-4034 (Check Unbound status)
2026-09-04 15:53:24 Test: checking Unbound (unbound) status
2026-09-04 15:53:24 Performing pgrep scan without uid
2026-09-04 15:53:24 IsRunning: process 'unbound' not found
2026-09-04 15:53:24 Result: Unbound daemon is not running
2026-09-04 15:53:24 ====
2026-09-04 15:53:25 Skipped test NAME-4036 (Check Unbound configuration file)
2026-09-04 15:53:25 Reason to skip: Prerequisites not met (ie missing tool, other type of Linux distribution)
2026-09-04 15:53:25 ====
2026-09-04 15:53:25 Performing test ID NAME-4202 (Check BIND status)
2026-09-04 15:53:25 Test: Checking for running BIND instance
2026-09-04 15:53:25 Performing pgrep scan without uid
2026-09-04 15:53:25 IsRunning: process 'named' not found
2026-09-04 15:53:25 Result: BIND not running
2026-09-04 15:53:25 ====
2026-09-04 15:53:25 Skipped test NAME-4204 (Search BIND configuration file)
2026-09-04 15:53:25 Reason to skip: Prerequisites not met (ie missing tool, other type of Linux distribution)
2026-09-04 15:53:25 ====
2026-09-04 15:53:26 Skipped test NAME-4206 (Check BIND configuration consistency)
2026-09-04 15:53:26 Reason to skip: Prerequisites not met (ie missing tool, other type of Linux distribution)
2026-09-04 15:53:26 ====
2026-09-04 15:53:26 Skipped test NAME-4210 (Check DNS banner)
2026-09-04 15:53:26 Reason to skip: Prerequisites not met (ie missing tool, other type of Linux distribution)
2026-09-04 15:53:26 ====
2026-09-04 15:53:26 Performing test ID NAME-4230 (Check PowerDNS status)
2026-09-04 15:53:26 Test: Checking for running PowerDNS instance
2026-09-04 15:53:26 Performing pgrep scan without uid
2026-09-04 15:53:26 IsRunning: process 'pdns_server' not found
2026-09-04 15:53:26 Result: PowerDNS not running
2026-09-04 15:53:26 ====
2026-09-04 15:53:26 Skipped test NAME-4232 (Search PowerDNS configuration file)
2026-09-04 15:53:26 Reason to skip: Prerequisites not met (ie missing tool, other type of Linux distribution)
2026-09-04 15:53:26 ====
2026-09-04 15:53:27 Skipped test NAME-4236 (Check PowerDNS backends)
2026-09-04 15:53:27 Reason to skip: Prerequisites not met (ie missing tool, other type of Linux distribution)
2026-09-04 15:53:27 ====
2026-09-04 15:53:27 Skipped test NAME-4238 (Check PowerDNS authoritative status)
2026-09-04 15:53:27 Reason to skip: Prerequisites not met (ie missing tool, other type of Linux distribution)
2026-09-04 15:53:27 ====
2026-09-04 15:53:27 Performing test ID NAME-4304 (Check NIS ypbind status)
2026-09-04 15:53:27 Test: Checking status of ypbind daemon
2026-09-04 15:53:27 Performing pgrep scan without uid
2026-09-04 15:53:27 IsRunning: process 'ypbind' not found
2026-09-04 15:53:27 Result: ypbind is not active
2026-09-04 15:53:27 ====
2026-09-04 15:53:27 Skipped test NAME-4306 (Check NIS domain)
2026-09-04 15:53:28 Reason to skip: Prerequisites not met (ie missing tool, other type of Linux distribution)
2026-09-04 15:53:28 ====
2026-09-04 15:53:28 Performing test ID NAME-4402 (Check duplicate line in /etc/hosts)
2026-09-04 15:53:28 Test: check duplicate line in /etc/hosts
2026-09-04 15:53:28 Result: OK, no duplicate lines found
2026-09-04 15:53:28 ====
2026-09-04 15:53:28 Performing test ID NAME-4404 (Check /etc/hosts contains an entry for this server name)
2026-09-04 15:53:28 Test: Check /etc/hosts contains an entry for this server name
2026-09-04 15:53:28 Result: Found entry for helio-frontal in /etc/hosts
2026-09-04 15:53:28 ====
2026-09-04 15:53:28 Performing test ID NAME-4406 (Check server hostname mapping)
2026-09-04 15:53:28 Test: Check server hostname not locally mapped in /etc/hosts
2026-09-04 15:53:29 Result: this server hostname is not mapped to a local address
2026-09-04 15:53:29 ====
2026-09-04 15:53:29 Performing test ID NAME-4408 (Check localhost entry)
2026-09-04 15:53:29 Test: Check server hostname not locally mapped in /etc/hosts
2026-09-04 15:53:29 Result: localhost mapped to ::1
2026-09-04 15:53:29 Security check: file is normal
2026-09-04 15:53:29 Checking permissions of /usr/share/lynis/include/tests_dns
2026-09-04 15:53:29 File permissions are OK
2026-09-04 15:53:29 Security check: file is normal
2026-09-04 15:53:29 Checking permissions of /usr/share/lynis/include/tests_ports_packages
2026-09-04 15:53:30 File permissions are OK
2026-09-04 15:53:30 ====
2026-09-04 15:53:30 Action: Performing tests from category: Ports and packages
2026-09-04 15:53:30 ====
2026-09-04 15:53:30 Skipped test PKGS-7200 (Querying apk)
2026-09-04 15:53:30 Reason to skip: Prerequisites not met (ie missing tool, other type of Linux distribution)
2026-09-04 15:53:30 Result: apk NOT
2026-09-04 15:53:30 ====
2026-09-04 15:53:30 Skipped test PKGS-7301 (Query FreeBSD pkg)
2026-09-04 15:53:30 Reason to skip: Prerequisites not met (ie missing tool, other type of Linux distribution)
2026-09-04 15:53:30 ====
2026-09-04 15:53:30 Skipped test PKGS-7302 (Query FreeBSD/NetBSD pkg_info)
2026-09-04 15:53:30 Reason to skip: Prerequisites not met (ie missing tool, other type of Linux distribution)
2026-09-04 15:53:31 ====
2026-09-04 15:53:31 Skipped test PKGS-7303 (Query brew package manager)
2026-09-04 15:53:31 Reason to skip: Prerequisites not met (ie missing tool, other type of Linux distribution)
2026-09-04 15:53:31 Result: brew can NOT be found on this system
2026-09-04 15:53:31 ====
2026-09-04 15:53:31 Skipped test PKGS-7304 (Querying Gentoo packages)
2026-09-04 15:53:31 Reason to skip: Prerequisites not met (ie missing tool, other type of Linux distribution)
2026-09-04 15:53:31 Result: emerge can NOT be found on this system
2026-09-04 15:53:31 ====
2026-09-04 15:53:31 Skipped test PKGS-7306 (Querying Solaris packages)
2026-09-04 15:53:31 Reason to skip: Incorrect guest OS (Solaris only)
2026-09-04 15:53:31 Result: pkginfo can NOT be found on this system
2026-09-04 15:53:31 ====
2026-09-04 15:53:31 Skipped test PKGS-7308 (Checking package list with RPM)
2026-09-04 15:53:31 Reason to skip: Prerequisites not met (ie missing tool, other type of Linux distribution)
2026-09-04 15:53:31 Result: RPM binary NOT found on this system, test skipped
2026-09-04 15:53:32 ====
2026-09-04 15:53:32 Skipped test PKGS-7310 (Checking package list with pacman)
2026-09-04 15:53:32 Reason to skip: Prerequisites not met (ie missing tool, other type of Linux distribution)
2026-09-04 15:53:32 ====
2026-09-04 15:53:32 Skipped test PKGS-7312 (Checking available updates for pacman based system)
2026-09-04 15:53:32 Reason to skip: Prerequisites not met (ie missing tool, other type of Linux distribution)
2026-09-04 15:53:32 Result: pacman binary NOT found on this system, test skipped
2026-09-04 15:53:32 ====
2026-09-04 15:53:32 Skipped test PKGS-7314 (Checking pacman configuration options)
2026-09-04 15:53:32 Reason to skip: Prerequisites not met (ie missing tool, other type of Linux distribution)
2026-09-04 15:53:32 ====
2026-09-04 15:53:32 Skipped test PKGS-7320 (Checking for arch-audit tooling)
2026-09-04 15:53:32 Reason to skip: Test only applies to Arch Linux and Garuda Linux
2026-09-04 15:53:32 ====
2026-09-04 15:53:33 Skipped test PKGS-7322 (Discover vulnerable packages with arch-audit)
2026-09-04 15:53:33 Reason to skip: arch-audit not found
2026-09-04 15:53:33 ====
2026-09-04 15:53:33 Skipped test PKGS-7328 (Querying Zypper for installed packages)
2026-09-04 15:53:33 Reason to skip: Prerequisites not met (ie missing tool, other type of Linux distribution)
2026-09-04 15:53:33 ====
2026-09-04 15:53:33 Skipped test PKGS-7330 (Querying Zypper for vulnerable packages)
2026-09-04 15:53:33 Reason to skip: Prerequisites not met (ie missing tool, other type of Linux distribution)
2026-09-04 15:53:33 ====
2026-09-04 15:53:33 Skipped test PKGS-7332 (Query macOS ports)
2026-09-04 15:53:33 Reason to skip: Incorrect guest OS (macOS only)
2026-09-04 15:53:33 ====
2026-09-04 15:53:34 Skipped test PKGS-7334 (Query port for port upgrades)
2026-09-04 15:53:34 Reason to skip: Incorrect guest OS (macOS only)
2026-09-04 15:53:34 ====
2026-09-04 15:53:34 Performing test ID PKGS-7345 (Querying dpkg)
2026-09-04 15:53:34 Result: Found dpkg binary
2026-09-04 15:53:34 Test: Querying dpkg -l to get package list
2026-09-04 15:53:34 Output:
2026-09-04 15:53:34 Found package: acl (version: 2.3.1-3)
2026-09-04 15:53:34 Found package: adduser (version: 3.134)
2026-09-04 15:53:35 Found package: alsa-topology-conf (version: 1.2.5.1-2)
2026-09-04 15:53:35 Found package: alsa-ucm-conf (version: 1.2.8-1)
2026-09-04 15:53:35 Found package: anacron (version: 2.3-36)
2026-09-04 15:53:35 Found package: apparmor (version: 3.0.8-3)
2026-09-04 15:53:35 Found package: apt (version: 2.6.1)
2026-09-04 15:53:35 Found package: apt-listchanges (version: 3.24)
2026-09-04 15:53:35 Found package: apt-utils (version: 2.6.1)
2026-09-04 15:53:35 Found package: attr (version: 1:2.5.1-4)
2026-09-04 15:53:35 Found package: avahi-autoipd (version: 0.8-10+deb12u1)
2026-09-04 15:53:36 Found package: base-files (version: 12.4+deb12u8)
2026-09-04 15:53:36 Found package: base-passwd (version: 3.6.1)
2026-09-04 15:53:36 Found package: bash (version: 5.2.15-2+b7)
2026-09-04 15:53:36 Found package: bash-completion (version: 1:2.11-6)
2026-09-04 15:53:36 Found package: bind9-dnsutils (version: 1:9.18.49-1~deb12u1)
2026-09-04 15:53:36 Found package: bind9-host (version: 1:9.18.49-1~deb12u1)
2026-09-04 15:53:36 Found package: bind9-libs:amd64 (version: 1:9.18.49-1~deb12u1)
2026-09-04 15:53:36 Found package: binutils (version: 2.40-2)
2026-09-04 15:53:36 Found package: binutils-common:amd64 (version: 2.40-2)
2026-09-04 15:53:36 Found package: binutils-x86-64-linux-gnu (version: 2.40-2)
2026-09-04 15:53:37 Found package: bluetooth (version: 5.66-1+deb12u2)
2026-09-04 15:53:37 Found package: bluez (version: 5.66-1+deb12u2)
2026-09-04 15:53:37 Found package: bsdextrautils (version: 2.38.1-5+deb12u3)
2026-09-04 15:53:37 Found package: bsdutils (version: 1:2.38.1-5+deb12u3)
2026-09-04 15:53:37 Found package: build-essential (version: 12.9)
2026-09-04 15:53:37 Found package: busybox (version: 1:1.35.0-4+b3)
2026-09-04 15:53:37 Found package: bzip2 (version: 1.0.8-5+b1)
2026-09-04 15:53:37 Found package: ca-certificates (version: 20230311+deb12u1)
2026-09-04 15:53:37 Found package: cifs-utils (version: 2:7.0-2)
2026-09-04 15:53:37 Found package: console-setup (version: 1.221)
2026-09-04 15:53:38 Found package: console-setup-linux (version: 1.221)
2026-09-04 15:53:38 Found package: coreutils (version: 9.1-1)
2026-09-04 15:53:38 Found package: cpio (version: 2.13+dfsg-7.1)
2026-09-04 15:53:38 Found package: cpp (version: 4:12.2.0-3)
2026-09-04 15:53:38 Found package: cpp-12 (version: 12.2.0-14+deb12u1)
2026-09-04 15:53:38 Found package: cron (version: 3.0pl1-162)
2026-09-04 15:53:38 Found package: cron-daemon-common (version: 3.0pl1-162)
2026-09-04 15:53:38 Found package: curl (version: 7.88.1-10+deb12u15)
2026-09-04 15:53:38 Found package: dash (version: 0.5.12-2)
2026-09-04 15:53:39 Found package: dbus (version: 1.14.10-1~deb12u1)
2026-09-04 15:53:39 Found package: dbus-bin (version: 1.14.10-1~deb12u1)
2026-09-04 15:53:39 Found package: dbus-daemon (version: 1.14.10-1~deb12u1)
2026-09-04 15:53:39 Found package: dbus-session-bus-common (version: 1.14.10-1~deb12u1)
2026-09-04 15:53:39 Found package: dbus-system-bus-common (version: 1.14.10-1~deb12u1)
2026-09-04 15:53:39 Found package: dbus-user-session (version: 1.14.10-1~deb12u1)
2026-09-04 15:53:39 Found package: debconf (version: 1.5.82)
2026-09-04 15:53:39 Found package: debconf-i18n (version: 1.5.82)
2026-09-04 15:53:39 Found package: debian-archive-keyring (version: 2023.3+deb12u1)
2026-09-04 15:53:40 Found package: debian-faq (version: 11.1)
2026-09-04 15:53:40 Found package: debianutils (version: 5.7-0.5~deb12u1)
2026-09-04 15:53:40 Found package: dictionaries-common (version: 1.29.5)
2026-09-04 15:53:40 Found package: diffutils (version: 1:3.8-4)
2026-09-04 15:53:40 Found package: dirmngr (version: 2.2.40-1.1+deb12u2)
2026-09-04 15:53:40 Found package: discover (version: 2.1.2-10)
2026-09-04 15:53:40 Found package: discover-data (version: 2.2013.01.13)
2026-09-04 15:53:40 Found package: distro-info-data (version: 0.58+deb12u7)
2026-09-04 15:53:41 Found package: dmidecode (version: 3.4-1)
2026-09-04 15:53:41 Found package: dmsetup (version: 2:1.02.185-2)
2026-09-04 15:53:41 Found package: doc-debian (version: 11.3+nmu1)
2026-09-04 15:53:41 Found package: dpkg (version: 1.21.23)
2026-09-04 15:53:41 Found package: dpkg-dev (version: 1.21.23)
2026-09-04 15:53:41 Found package: e2fsprogs (version: 1.47.0-2)
2026-09-04 15:53:41 Found package: eject (version: 2.38.1-5+deb12u3)
2026-09-04 15:53:41 Found package: emacsen-common (version: 3.0.5)
2026-09-04 15:53:41 Found package: fakeroot (version: 1.31-1.2)
2026-09-04 15:53:41 Found package: fdisk (version: 2.38.1-5+deb12u3)
2026-09-04 15:53:42 Found package: file (version: 1:5.44-3)
2026-09-04 15:53:42 Found package: findutils (version: 4.9.0-4)
2026-09-04 15:53:42 Found package: firmware-linux-free (version: 20200122-1)
2026-09-04 15:53:42 Found package: fontconfig-config (version: 2.14.1-4)
2026-09-04 15:53:42 Found package: fonts-dejavu-core (version: 2.37-6)
2026-09-04 15:53:42 Found package: g++ (version: 4:12.2.0-3)
2026-09-04 15:53:42 Found package: g++-12 (version: 12.2.0-14+deb12u1)
2026-09-04 15:53:42 Found package: gcc (version: 4:12.2.0-3)
2026-09-04 15:53:43 Found package: gcc-12 (version: 12.2.0-14+deb12u1)
2026-09-04 15:53:43 Found package: gcc-12-base:amd64 (version: 12.2.0-14+deb12u1)
2026-09-04 15:53:43 Found package: gettext-base (version: 0.21-12)
2026-09-04 15:53:43 Found package: gnupg (version: 2.2.40-1.1+deb12u2)
2026-09-04 15:53:43 Found package: gnupg-l10n (version: 2.2.40-1.1+deb12u2)
2026-09-04 15:53:43 Found package: gnupg-utils (version: 2.2.40-1.1+deb12u2)
2026-09-04 15:53:43 Found package: gpg (version: 2.2.40-1.1+deb12u2)
2026-09-04 15:53:43 Found package: gpg-agent (version: 2.2.40-1.1+deb12u2)
2026-09-04 15:53:43 Found package: gpg-wks-client (version: 2.2.40-1.1+deb12u2)
2026-09-04 15:53:43 Found package: gpg-wks-server (version: 2.2.40-1.1+deb12u2)
2026-09-04 15:53:44 Found package: gpgconf (version: 2.2.40-1.1+deb12u2)
2026-09-04 15:53:44 Found package: gpgsm (version: 2.2.40-1.1+deb12u2)
2026-09-04 15:53:44 Found package: gpgv (version: 2.2.40-1.1+deb12u2)
2026-09-04 15:53:44 Found package: grep (version: 3.8-5)
2026-09-04 15:53:44 Found package: groff-base (version: 1.22.4-10)
2026-09-04 15:53:44 Found package: grub-common (version: 2.06-13+deb12u2)
2026-09-04 15:53:44 Found package: grub-pc (version: 2.06-13+deb12u2)
2026-09-04 15:53:44 Found package: grub-pc-bin (version: 2.06-13+deb12u2)
2026-09-04 15:53:44 Found package: grub2-common (version: 2.06-13+deb12u2)
2026-09-04 15:53:44 Found package: gzip (version: 1.12-1)
2026-09-04 15:53:45 Found package: hostname (version: 3.23+nmu1)
2026-09-04 15:53:45 Found package: iamerican (version: 3.4.05-1)
2026-09-04 15:53:45 Found package: ibritish (version: 3.4.05-1)
2026-09-04 15:53:45 Found package: ibverbs-providers:amd64 (version: 44.0-2)
2026-09-04 15:53:45 Found package: ienglish-common (version: 3.4.05-1)
2026-09-04 15:53:45 Found package: ifupdown (version: 0.8.41)
2026-09-04 15:53:45 Found package: inetutils-telnet (version: 2:2.4-2+deb12u3)
2026-09-04 15:53:45 Found package: init (version: 1.65.2)
2026-09-04 15:53:45 Found package: init-system-helpers (version: 1.65.2)
2026-09-04 15:53:46 Found package: initramfs-tools (version: 0.142+deb12u1)
2026-09-04 15:53:46 Found package: initramfs-tools-core (version: 0.142+deb12u1)
2026-09-04 15:53:46 Found package: installation-report (version: 2.89)
2026-09-04 15:53:46 Found package: intel-microcode (version: 3.20251111.1~deb12u1)
2026-09-04 15:53:46 Found package: iproute2 (version: 6.1.0-3)
2026-09-04 15:53:46 Found package: iputils-ping (version: 3:20221126-1+deb12u1)
2026-09-04 15:53:46 Found package: isc-dhcp-client (version: 4.4.3-P1-2)
2026-09-04 15:53:46 Found package: isc-dhcp-common (version: 4.4.3-P1-2)
2026-09-04 15:53:46 Found package: iso-codes (version: 4.15.0-1)
2026-09-04 15:53:47 Found package: ispell (version: 3.4.05-1)
2026-09-04 15:53:47 Found package: iucode-tool (version: 2.3.1-3)
2026-09-04 15:53:47 Found package: iw (version: 5.19-1)
2026-09-04 15:53:47 Found package: kbd (version: 2.5.1-1+b1)
2026-09-04 15:53:47 Found package: keyboard-configuration (version: 1.221)
2026-09-04 15:53:47 Found package: keyutils (version: 1.6.3-2)
2026-09-04 15:53:47 Found package: klibc-utils (version: 2.0.12-1)
2026-09-04 15:53:48 Found package: kmod (version: 30+20221128-1)
2026-09-04 15:53:48 Found package: krb5-locales (version: 1.20.1-2+deb12u5)
2026-09-04 15:53:48 Found package: laptop-detect (version: 0.16)
2026-09-04 15:53:48 Found package: less (version: 590-2.1~deb12u2)
2026-09-04 15:53:48 Found package: libabsl20220623:amd64 (version: 20220623.1-1+deb12u2)
2026-09-04 15:53:48 Found package: libacl1:amd64 (version: 2.3.1-3)
2026-09-04 15:53:48 Found package: libalgorithm-diff-perl (version: 1.201-1)
2026-09-04 15:53:48 Found package: libalgorithm-diff-xs-perl:amd64 (version: 0.04-8+b1)
2026-09-04 15:53:48 Found package: libalgorithm-merge-perl (version: 0.08-5)
2026-09-04 15:53:48 Found package: libaom3:amd64 (version: 3.6.0-1+deb12u2)
2026-09-04 15:53:48 Found package: libapparmor1:amd64 (version: 3.0.8-3)
2026-09-04 15:53:49 Found package: libapt-pkg6.0:amd64 (version: 2.6.1)
2026-09-04 15:53:49 Found package: libarchive13:amd64 (version: 3.6.2-1+deb12u4)
2026-09-04 15:53:49 Found package: libargon2-1:amd64 (version: 0~20171227-0.3+deb12u1)
2026-09-04 15:53:49 Found package: libasan8:amd64 (version: 12.2.0-14+deb12u1)
2026-09-04 15:53:49 Found package: libasound2-data (version: 1.2.8-1)
2026-09-04 15:53:49 Found package: libasound2:amd64 (version: 1.2.8-1+b1)
2026-09-04 15:53:49 Found package: libassuan0:amd64 (version: 2.5.5-5)
2026-09-04 15:53:49 Found package: libatomic1:amd64 (version: 12.2.0-14+deb12u1)
2026-09-04 15:53:49 Found package: libattr1:amd64 (version: 1:2.5.1-4)
2026-09-04 15:53:49 Found package: libaudit-common (version: 1:3.0.9-1)
2026-09-04 15:53:49 Found package: libaudit1:amd64 (version: 1:3.0.9-1)
2026-09-04 15:53:50 Found package: libavahi-client3:amd64 (version: 0.8-10+deb12u1)
2026-09-04 15:53:50 Found package: libavahi-common-data:amd64 (version: 0.8-10+deb12u1)
2026-09-04 15:53:50 Found package: libavahi-common3:amd64 (version: 0.8-10+deb12u1)
2026-09-04 15:53:50 Found package: libavif15:amd64 (version: 0.11.1-1+deb12u1)
2026-09-04 15:53:50 Found package: libbinutils:amd64 (version: 2.40-2)
2026-09-04 15:53:50 Found package: libblas3:amd64 (version: 3.11.0-2)
2026-09-04 15:53:50 Found package: libblkid1:amd64 (version: 2.38.1-5+deb12u3)
2026-09-04 15:53:50 Found package: libboost-iostreams1.74.0:amd64 (version: 1.74.0+ds1-21)
2026-09-04 15:53:50 Found package: libboost-thread1.74.0:amd64 (version: 1.74.0+ds1-21)
2026-09-04 15:53:51 Found package: libbpf1:amd64 (version: 1:1.1.0-1)
2026-09-04 15:53:51 Found package: libbrotli1:amd64 (version: 1.0.9-2+b6)
2026-09-04 15:53:51 Found package: libbsd0:amd64 (version: 0.11.7-2)
2026-09-04 15:53:51 Found package: libbz2-1.0:amd64 (version: 1.0.8-5+b1)
2026-09-04 15:53:51 Found package: libc-bin (version: 2.36-9+deb12u14)
2026-09-04 15:53:51 Found package: libc-dev-bin (version: 2.36-9+deb12u14)
2026-09-04 15:53:51 Found package: libc-devtools (version: 2.36-9+deb12u14)
2026-09-04 15:53:51 Found package: libc-l10n (version: 2.36-9+deb12u14)
2026-09-04 15:53:51 Found package: libc6-dev:amd64 (version: 2.36-9+deb12u14)
2026-09-04 15:53:51 Found package: libc6:amd64 (version: 2.36-9+deb12u14)
2026-09-04 15:53:52 Found package: libcap-ng0:amd64 (version: 0.8.3-1+b3)
2026-09-04 15:53:52 Found package: libcap2-bin (version: 1:2.66-4)
2026-09-04 15:53:52 Found package: libcap2:amd64 (version: 1:2.66-4)
2026-09-04 15:53:52 Found package: libcbor0.8:amd64 (version: 0.8.0-2+b1)
2026-09-04 15:53:52 Found package: libcc1-0:amd64 (version: 12.2.0-14+deb12u1)
2026-09-04 15:53:52 Found package: libcephfs2 (version: 16.2.15+ds-0+deb12u2)
2026-09-04 15:53:52 Found package: libcom-err2:amd64 (version: 1.47.0-2)
2026-09-04 15:53:52 Found package: libcrypt-dev:amd64 (version: 1:4.4.33-2)
2026-09-04 15:53:52 Found package: libcrypt1:amd64 (version: 1:4.4.33-2)
2026-09-04 15:53:52 Found package: libcryptsetup12:amd64 (version: 2:2.6.1-4~deb12u2)
2026-09-04 15:53:53 Found package: libctf-nobfd0:amd64 (version: 2.40-2)
2026-09-04 15:53:53 Found package: libctf0:amd64 (version: 2.40-2)
2026-09-04 15:53:53 Found package: libcups2:amd64 (version: 2.4.2-3+deb12u9)
2026-09-04 15:53:53 Found package: libcurl3-gnutls:amd64 (version: 7.88.1-10+deb12u15)
2026-09-04 15:53:53 Found package: libcurl4:amd64 (version: 7.88.1-10+deb12u15)
2026-09-04 15:53:53 Found package: libdaemon0:amd64 (version: 0.14-7.1)
2026-09-04 15:53:53 Found package: libdav1d6:amd64 (version: 1.0.0-2+deb12u1)
2026-09-04 15:53:53 Found package: libdb5.3:amd64 (version: 5.3.28+dfsg2-1)
2026-09-04 15:53:53 Found package: libdbus-1-3:amd64 (version: 1.14.10-1~deb12u1)
2026-09-04 15:53:53 Found package: libde265-0:amd64 (version: 1.0.11-1+deb12u2)
2026-09-04 15:53:54 Found package: libdebconfclient0:amd64 (version: 0.270)
2026-09-04 15:53:54 Found package: libdeflate0:amd64 (version: 1.14-1)
2026-09-04 15:53:54 Found package: libdevmapper1.02.1:amd64 (version: 2:1.02.185-2)
2026-09-04 15:53:54 Found package: libdiscover2 (version: 2.1.2-10)
2026-09-04 15:53:54 Found package: libdpkg-perl (version: 1.21.23)
2026-09-04 15:53:54 Found package: libdw1:amd64 (version: 0.188-2.1)
2026-09-04 15:53:54 Found package: libedit2:amd64 (version: 3.1-20221030-2)
2026-09-04 15:53:54 Found package: libefiboot1:amd64 (version: 37-6)
2026-09-04 15:53:54 Found package: libefivar1:amd64 (version: 37-6)
2026-09-04 15:53:54 Found package: libelf1:amd64 (version: 0.188-2.1)
2026-09-04 15:53:55 Found package: libexpat1:amd64 (version: 2.5.0-1+deb12u2)
2026-09-04 15:53:55 Found package: libext2fs2:amd64 (version: 1.47.0-2)
2026-09-04 15:53:55 Found package: libfakeroot:amd64 (version: 1.31-1.2)
2026-09-04 15:53:55 Found package: libfdisk1:amd64 (version: 2.38.1-5+deb12u3)
2026-09-04 15:53:55 Found package: libffi8:amd64 (version: 3.4.4-1)
2026-09-04 15:53:55 Found package: libfido2-1:amd64 (version: 1.12.0-2+b1)
2026-09-04 15:53:55 Found package: libfile-fcntllock-perl (version: 0.22-4+b1)
2026-09-04 15:53:55 Found package: libfmt9:amd64 (version: 9.1.0+ds1-2)
2026-09-04 15:53:55 Found package: libfontconfig1:amd64 (version: 2.14.1-4)
2026-09-04 15:53:56 Found package: libfreetype6:amd64 (version: 2.12.1+dfsg-5+deb12u4)
2026-09-04 15:53:56 Found package: libfstrm0:amd64 (version: 0.6.1-1)
2026-09-04 15:53:56 Found package: libfuse2:amd64 (version: 2.9.9-6+b1)
2026-09-04 15:53:56 Found package: libgav1-1:amd64 (version: 0.18.0-1+b1)
2026-09-04 15:53:56 Found package: libgcc-12-dev:amd64 (version: 12.2.0-14+deb12u1)
2026-09-04 15:53:56 Found package: libgcc-s1:amd64 (version: 12.2.0-14+deb12u1)
2026-09-04 15:53:56 Found package: libgcrypt20:amd64 (version: 1.10.1-3)
2026-09-04 15:53:56 Found package: libgd3:amd64 (version: 2.3.3-9)
2026-09-04 15:53:56 Found package: libgdbm-compat4:amd64 (version: 1.23-3)
2026-09-04 15:53:56 Found package: libgdbm6:amd64 (version: 1.23-3)
2026-09-04 15:53:57 Found package: libgfapi0:amd64 (version: 10.3-5)
2026-09-04 15:53:57 Found package: libgfrpc0:amd64 (version: 10.3-5)
2026-09-04 15:53:57 Found package: libgfxdr0:amd64 (version: 10.3-5)
2026-09-04 15:53:57 Found package: libglib2.0-0:amd64 (version: 2.74.6-2+deb12u9)
2026-09-04 15:53:57 Found package: libglib2.0-data (version: 2.74.6-2+deb12u9)
2026-09-04 15:53:57 Found package: libglusterfs0:amd64 (version: 10.3-5)
2026-09-04 15:53:57 Found package: libgmp10:amd64 (version: 2:6.2.1+dfsg1-1.1)
2026-09-04 15:53:57 Found package: libgnutls30:amd64 (version: 3.7.9-2+deb12u3)
2026-09-04 15:53:57 Found package: libgomp1:amd64 (version: 12.2.0-14+deb12u1)
2026-09-04 15:53:58 Found package: libgpg-error0:amd64 (version: 1.46-1)
2026-09-04 15:53:58 Found package: libgpgme11:amd64 (version: 1.18.0-3+b1)
2026-09-04 15:53:58 Found package: libgpm2:amd64 (version: 1.20.7-10+b1)
2026-09-04 15:53:58 Found package: libgprofng0:amd64 (version: 2.40-2)
2026-09-04 15:53:58 Found package: libgssapi-krb5-2:amd64 (version: 1.20.1-2+deb12u5)
2026-09-04 15:53:58 Found package: libheif1:amd64 (version: 1.15.1-1+deb12u1)
2026-09-04 15:53:58 Found package: libhogweed6:amd64 (version: 3.8.1-2)
2026-09-04 15:53:58 Found package: libibverbs1:amd64 (version: 44.0-2)
2026-09-04 15:53:59 Found package: libicu72:amd64 (version: 72.1-3+deb12u1)
2026-09-04 15:53:59 Found package: libidn2-0:amd64 (version: 2.3.3-1+b1)
2026-09-04 15:53:59 Found package: libip4tc2:amd64 (version: 1.8.9-2)
2026-09-04 15:53:59 Found package: libisl23:amd64 (version: 0.25-1.1)
2026-09-04 15:53:59 Found package: libitm1:amd64 (version: 12.2.0-14+deb12u1)
2026-09-04 15:53:59 Found package: libiw30:amd64 (version: 30~pre9-14)
2026-09-04 15:53:59 Found package: libjansson4:amd64 (version: 2.14-2)
2026-09-04 15:53:59 Found package: libjbig0:amd64 (version: 2.1-6.1)
2026-09-04 15:53:59 Found package: libjemalloc2:amd64 (version: 5.3.0-1)
2026-09-04 15:54:00 Found package: libjpeg62-turbo:amd64 (version: 1:2.1.5-2)
2026-09-04 15:54:00 Found package: libjson-c5:amd64 (version: 0.16-2)
2026-09-04 15:54:00 Found package: libk5crypto3:amd64 (version: 1.20.1-2+deb12u5)
2026-09-04 15:54:00 Found package: libkeyutils1:amd64 (version: 1.6.3-2)
2026-09-04 15:54:00 Found package: libklibc:amd64 (version: 2.0.12-1)
2026-09-04 15:54:00 Found package: libkmod2:amd64 (version: 30+20221128-1)
2026-09-04 15:54:00 Found package: libkrb5-3:amd64 (version: 1.20.1-2+deb12u5)
2026-09-04 15:54:00 Found package: libkrb5support0:amd64 (version: 1.20.1-2+deb12u5)
2026-09-04 15:54:00 Found package: libksba8:amd64 (version: 1.6.3-2)
2026-09-04 15:54:00 Found package: libldap-2.5-0:amd64 (version: 2.5.13+dfsg-5)
2026-09-04 15:54:01 Found package: libldap-common (version: 2.5.13+dfsg-5)
2026-09-04 15:54:01 Found package: libldb2:amd64 (version: 2:2.6.2+samba4.17.12+dfsg-0+deb12u4)
2026-09-04 15:54:01 Found package: liblerc4:amd64 (version: 4.0.0+ds-2)
2026-09-04 15:54:01 Found package: liblinear4:amd64 (version: 2.3.0+dfsg-5)
2026-09-04 15:54:01 Found package: liblmdb0:amd64 (version: 0.9.24-1)
2026-09-04 15:54:01 Found package: liblocale-gettext-perl (version: 1.07-5)
2026-09-04 15:54:01 Found package: liblockfile-bin (version: 1.17-1+b1)
2026-09-04 15:54:01 Found package: liblsan0:amd64 (version: 12.2.0-14+deb12u1)
2026-09-04 15:54:02 Found package: liblua5.3-0:amd64 (version: 5.3.6-2)
2026-09-04 15:54:02 Found package: liblz4-1:amd64 (version: 1.9.4-1)
2026-09-04 15:54:02 Found package: liblzma5:amd64 (version: 5.4.1-1+deb12u1)
2026-09-04 15:54:02 Found package: libmagic-mgc (version: 1:5.44-3)
2026-09-04 15:54:02 Found package: libmagic1:amd64 (version: 1:5.44-3)
2026-09-04 15:54:02 Found package: libmaxminddb0:amd64 (version: 1.7.1-1)
2026-09-04 15:54:02 Found package: libmd0:amd64 (version: 1.0.4-2)
2026-09-04 15:54:02 Found package: libmnl0:amd64 (version: 1.0.4-3)
2026-09-04 15:54:02 Found package: libmount1:amd64 (version: 2.38.1-5+deb12u3)
2026-09-04 15:54:02 Found package: libmpc3:amd64 (version: 1.3.1-1)
2026-09-04 15:54:03 Found package: libmpfr6:amd64 (version: 4.2.0-1)
2026-09-04 15:54:03 Found package: libncurses6:amd64 (version: 6.4-4)
2026-09-04 15:54:03 Found package: libncursesw6:amd64 (version: 6.4-4)
2026-09-04 15:54:03 Found package: libnettle8:amd64 (version: 3.8.1-2)
2026-09-04 15:54:03 Found package: libnewt0.52:amd64 (version: 0.52.23-1+b1)
2026-09-04 15:54:03 Found package: libnftables1:amd64 (version: 1.0.6-2+deb12u2)
2026-09-04 15:54:03 Found package: libnftnl11:amd64 (version: 1.2.4-2)
2026-09-04 15:54:03 Found package: libnghttp2-14:amd64 (version: 1.52.0-1+deb12u3)
2026-09-04 15:54:03 Found package: libnl-3-200:amd64 (version: 3.7.0-0.2+b1)
2026-09-04 15:54:03 Found package: libnl-genl-3-200:amd64 (version: 3.7.0-0.2+b1)
2026-09-04 15:54:04 Found package: libnl-route-3-200:amd64 (version: 3.7.0-0.2+b1)
2026-09-04 15:54:04 Found package: libnpth0:amd64 (version: 1.6-3)
2026-09-04 15:54:04 Found package: libnsl-dev:amd64 (version: 1.3.0-2)
2026-09-04 15:54:04 Found package: libnsl2:amd64 (version: 1.3.0-2)
2026-09-04 15:54:04 Found package: libnss-systemd:amd64 (version: 252.39-1~deb12u2)
2026-09-04 15:54:04 Found package: libnuma1:amd64 (version: 2.0.16-1)
2026-09-04 15:54:04 Found package: libp11-kit0:amd64 (version: 0.24.1-2)
2026-09-04 15:54:04 Found package: libpam-modules-bin (version: 1.5.2-6+deb12u1)
2026-09-04 15:54:05 Found package: libpam-modules:amd64 (version: 1.5.2-6+deb12u1)
2026-09-04 15:54:05 Found package: libpam-runtime (version: 1.5.2-6+deb12u1)
2026-09-04 15:54:06 Found package: libpam-systemd:amd64 (version: 252.39-1~deb12u2)
2026-09-04 15:54:06 Found package: libpam0g:amd64 (version: 1.5.2-6+deb12u1)
2026-09-04 15:54:06 Found package: libpcap0.8:amd64 (version: 1.10.3-1)
2026-09-04 15:54:07 Found package: libpci3:amd64 (version: 1:3.9.0-4)
2026-09-04 15:54:08 Found package: libpcre2-8-0:amd64 (version: 10.42-1)
2026-09-04 15:54:08 Found package: libpcre3:amd64 (version: 2:8.39-15)
2026-09-04 15:54:08 Found package: libpcsclite1:amd64 (version: 1.9.9-2)
2026-09-04 15:54:09 Found package: libperl5.36:amd64 (version: 5.36.0-7+deb12u3)
2026-09-04 15:54:09 Found package: libpipeline1:amd64 (version: 1.5.7-1)
2026-09-04 15:54:09 Found package: libpng16-16:amd64 (version: 1.6.39-2+deb12u5)
2026-09-04 15:54:10 Found package: libpopt0:amd64 (version: 1.19+dfsg-1)
2026-09-04 15:54:10 Found package: libproc2-0:amd64 (version: 2:4.0.2-3)
2026-09-04 15:54:10 Found package: libprotobuf-c1:amd64 (version: 1.4.1-1+b1)
2026-09-04 15:54:11 Found package: libpsl5:amd64 (version: 0.21.2-1)
2026-09-04 15:54:11 Found package: libpython3-stdlib:amd64 (version: 3.11.2-1+b1)
2026-09-04 15:54:11 Found package: libpython3.11-minimal:amd64 (version: 3.11.2-6+deb12u8)
2026-09-04 15:54:11 Found package: libpython3.11-stdlib:amd64 (version: 3.11.2-6+deb12u8)
2026-09-04 15:54:11 Found package: libpython3.11:amd64 (version: 3.11.2-6+deb12u8)
2026-09-04 15:54:11 Found package: libquadmath0:amd64 (version: 12.2.0-14+deb12u1)
2026-09-04 15:54:11 Found package: librados2 (version: 16.2.15+ds-0+deb12u2)
2026-09-04 15:54:12 Found package: librav1e0:amd64 (version: 0.5.1-6)
2026-09-04 15:54:12 Found package: librdmacm1:amd64 (version: 44.0-2)
2026-09-04 15:54:12 Found package: libreadline8:amd64 (version: 8.2-1.3)
2026-09-04 15:54:12 Found package: librtmp1:amd64 (version: 2.4+20151223.gitfa8646d.1-2+b2)
2026-09-04 15:54:12 Found package: libsasl2-2:amd64 (version: 2.1.28+dfsg-10)
2026-09-04 15:54:12 Found package: libsasl2-modules-db:amd64 (version: 2.1.28+dfsg-10)
2026-09-04 15:54:12 Found package: libsasl2-modules:amd64 (version: 2.1.28+dfsg-10)
2026-09-04 15:54:12 Found package: libseccomp2:amd64 (version: 2.5.4-1+deb12u1)
2026-09-04 15:54:12 Found package: libselinux1:amd64 (version: 3.4-1+b6)
2026-09-04 15:54:13 Found package: libsemanage-common (version: 3.4-1)
2026-09-04 15:54:13 Found package: libsemanage2:amd64 (version: 3.4-1+b5)
2026-09-04 15:54:13 Found package: libsepol2:amd64 (version: 3.4-2.1)
2026-09-04 15:54:13 Found package: libslang2:amd64 (version: 2.3.3-3)
2026-09-04 15:54:13 Found package: libsmartcols1:amd64 (version: 2.38.1-5+deb12u3)
2026-09-04 15:54:13 Found package: libsmbclient:amd64 (version: 2:4.17.12+dfsg-0+deb12u4)
2026-09-04 15:54:13 Found package: libsqlite3-0:amd64 (version: 3.40.1-2+deb12u2)
2026-09-04 15:54:13 Found package: libss2:amd64 (version: 1.47.0-2)
2026-09-04 15:54:13 Found package: libssh2-1:amd64 (version: 1.10.0-3+b1)
2026-09-04 15:54:13 Found package: libssl3:amd64 (version: 3.0.20-1~deb12u2)
2026-09-04 15:54:13 Found package: libstdc++-12-dev:amd64 (version: 12.2.0-14+deb12u1)
2026-09-04 15:54:14 Found package: libstdc++6:amd64 (version: 12.2.0-14+deb12u1)
2026-09-04 15:54:14 Found package: libsvtav1enc1:amd64 (version: 1.4.1+dfsg-1)
2026-09-04 15:54:14 Found package: libsystemd-shared:amd64 (version: 252.39-1~deb12u2)
2026-09-04 15:54:14 Found package: libsystemd0:amd64 (version: 252.39-1~deb12u2)
2026-09-04 15:54:14 Found package: libtalloc2:amd64 (version: 2.4.0-f2)
2026-09-04 15:54:14 Found package: libtasn1-6:amd64 (version: 4.19.0-2)
2026-09-04 15:54:14 Found package: libtdb1:amd64 (version: 1.4.8-2)
2026-09-04 15:54:14 Found package: libtevent0:amd64 (version: 0.14.1-1)
2026-09-04 15:54:14 Found package: libtext-charwidth-perl:amd64 (version: 0.04-11)
2026-09-04 15:54:14 Found package: libtext-iconv-perl:amd64 (version: 1.7-8)
2026-09-04 15:54:15 Found package: libtext-wrapi18n-perl (version: 0.06-10)
2026-09-04 15:54:15 Found package: libtiff6:amd64 (version: 4.5.0-6+deb12u4)
2026-09-04 15:54:15 Found package: libtinfo6:amd64 (version: 6.4-4)
2026-09-04 15:54:15 Found package: libtirpc-common (version: 1.3.3+ds-1)
2026-09-04 15:54:15 Found package: libtirpc-dev:amd64 (version: 1.3.3+ds-1)
2026-09-04 15:54:15 Found package: libtirpc3:amd64 (version: 1.3.3+ds-1)
2026-09-04 15:54:15 Found package: libtsan2:amd64 (version: 12.2.0-14+deb12u1)
2026-09-04 15:54:16 Found package: libubsan1:amd64 (version: 12.2.0-14+deb12u1)
2026-09-04 15:54:16 Found package: libuchardet0:amd64 (version: 0.0.7-1)
2026-09-04 15:54:16 Found package: libudev1:amd64 (version: 252.39-1~deb12u2)
2026-09-04 15:54:16 Found package: libunistring2:amd64 (version: 1.0-2)
2026-09-04 15:54:16 Found package: liburing2:amd64 (version: 2.3-3)
2026-09-04 15:54:16 Found package: libusb-1.0-0:amd64 (version: 2:1.0.26-1)
2026-09-04 15:54:16 Found package: libuuid1:amd64 (version: 2.38.1-5+deb12u3)
2026-09-04 15:54:16 Found package: libuv1:amd64 (version: 1.44.2-1+deb12u1)
2026-09-04 15:54:16 Found package: libwbclient0:amd64 (version: 2:4.17.12+dfsg-0+deb12u4)
2026-09-04 15:54:17 Found package: libwebp7:amd64 (version: 1.2.4-0.2+deb12u1)
2026-09-04 15:54:17 Found package: libwrap0:amd64 (version: 7.6.q-32)
2026-09-04 15:54:17 Found package: libx11-6:amd64 (version: 2:1.8.4-2+deb12u2)
2026-09-04 15:54:17 Found package: libx11-data (version: 2:1.8.4-2+deb12u2)
2026-09-04 15:54:17 Found package: libx265-199:amd64 (version: 3.5-2+b1)
2026-09-04 15:54:17 Found package: libxau6:amd64 (version: 1:1.0.9-1)
2026-09-04 15:54:17 Found package: libxcb1:amd64 (version: 1.15-1)
2026-09-04 15:54:17 Found package: libxdmcp6:amd64 (version: 1:1.1.2-3)
2026-09-04 15:54:18 Found package: libxext6:amd64 (version: 2:1.3.4-1+b1)
2026-09-04 15:54:18 Found package: libxml2:amd64 (version: 2.9.14+dfsg-1.3~deb12u6)
2026-09-04 15:54:18 Found package: libxmuu1:amd64 (version: 2:1.1.3-3)
2026-09-04 15:54:18 Found package: libxpm4:amd64 (version: 1:3.5.12-1.1+deb12u1)
2026-09-04 15:54:18 Found package: libxtables12:amd64 (version: 1.8.9-2)
2026-09-04 15:54:18 Found package: libxxhash0:amd64 (version: 0.8.1-1)
2026-09-04 15:54:18 Found package: libyaml-0-2:amd64 (version: 0.2.5-1)
2026-09-04 15:54:18 Found package: libyuv0:amd64 (version: 0.0~git20230123.b2528b0-1)
2026-09-04 15:54:18 Found package: libzstd1:amd64 (version: 1.5.4+dfsg2-5)
2026-09-04 15:54:19 Found package: linux-base (version: 4.9)
2026-09-04 15:54:19 Found package: linux-compiler-gcc-12-x86 (version: 6.1.177-1)
2026-09-04 15:54:19 Found package: linux-headers-6.1.0-27-amd64 (version: 6.1.115-1)
2026-09-04 15:54:19 Found package: linux-headers-6.1.0-27-common (version: 6.1.115-1)
2026-09-04 15:54:19 Found package: linux-image-6.1.0-27-amd64 (version: 6.1.115-1)
2026-09-04 15:54:19 Found package: linux-image-amd64 (version: 6.1.115-1)
2026-09-04 15:54:19 Found package: linux-kbuild-6.1 (version: 6.1.177-1)
2026-09-04 15:54:19 Found package: linux-libc-dev:amd64 (version: 6.1.177-1)
2026-09-04 15:54:20 Found package: locales (version: 2.36-9+deb12u14)
2026-09-04 15:54:20 Found package: login (version: 1:4.13+dfsg1-1+b1)
2026-09-04 15:54:20 Found package: logrotate (version: 3.21.0-1)
2026-09-04 15:54:20 Found package: logsave (version: 1.47.0-2)
2026-09-04 15:54:20 Found package: lsb-release (version: 12.0-1)
2026-09-04 15:54:20 Found package: lsof (version: 4.95.0-1)
2026-09-04 15:54:20 Found package: lua-lpeg:amd64 (version: 1.0.2-2)
2026-09-04 15:54:20 Found package: lynis (version: 3.0.8-1.1)
2026-09-04 15:54:20 Found package: mailcap (version: 3.70+nmu1)
2026-09-04 15:54:21 Found package: make (version: 4.3-4.1)
2026-09-04 15:54:21 Found package: man-db (version: 2.11.2-2)
2026-09-04 15:54:21 Found package: manpages (version: 6.03-2)
2026-09-04 15:54:21 Found package: manpages-dev (version: 6.03-2)
2026-09-04 15:54:21 Found package: mawk (version: 1.3.4.20200120-3.1)
2026-09-04 15:54:21 Found package: media-types (version: 10.0.0)
2026-09-04 15:54:21 Found package: menu (version: 2.1.49)
2026-09-04 15:54:21 Found package: mime-support (version: 3.66)
2026-09-04 15:54:21 Found package: mount (version: 2.38.1-5+deb12u3)
2026-09-04 15:54:21 Found package: nano (version: 7.2-1+deb12u1)
2026-09-04 15:54:22 Found package: ncurses-base (version: 6.4-4)
2026-09-04 15:54:22 Found package: ncurses-bin (version: 6.4-4)
2026-09-04 15:54:22 Found package: ncurses-term (version: 6.4-4)
2026-09-04 15:54:22 Found package: netbase (version: 6.4)
2026-09-04 15:54:22 Found package: netcat-traditional (version: 1.10-47)
2026-09-04 15:54:22 Found package: nftables (version: 1.0.6-2+deb12u2)
2026-09-04 15:54:22 Found package: nginx (version: 1.22.1-9+deb12u9)
2026-09-04 15:54:22 Found package: nginx-common (version: 1.22.1-9+deb12u9)
2026-09-04 15:54:22 Found package: nmap (version: 7.93+dfsg1-1)
2026-09-04 15:54:23 Found package: nmap-common (version: 7.93+dfsg1-1)
2026-09-04 15:54:23 Found package: openssh-client (version: 1:9.2p1-2+deb12u10)
2026-09-04 15:54:23 Found package: openssh-server (version: 1:9.2p1-2+deb12u10)
2026-09-04 15:54:23 Found package: openssh-sftp-server (version: 1:9.2p1-2+deb12u10)
2026-09-04 15:54:23 Found package: openssl (version: 3.0.20-1~deb12u2)
2026-09-04 15:54:23 Found package: os-prober (version: 1.81)
2026-09-04 15:54:23 Found package: passwd (version: 1:4.13+dfsg1-1+b1)
2026-09-04 15:54:23 Found package: patch (version: 2.7.6-7)
2026-09-04 15:54:23 Found package: pci.ids (version: 0.0~2023.04.11-1)
2026-09-04 15:54:24 Found package: pciutils (version: 1:3.9.0-4)
2026-09-04 15:54:24 Found package: perl (version: 5.36.0-7+deb12u3)
2026-09-04 15:54:24 Found package: perl-base (version: 5.36.0-7+deb12u3)
2026-09-04 15:54:24 Found package: perl-modules-5.36 (version: 5.36.0-7+deb12u3)
2026-09-04 15:54:24 Found package: pinentry-curses (version: 1.2.1-1)
2026-09-04 15:54:24 Found package: powertop (version: 2.14-1+b2)
2026-09-04 15:54:24 Found package: procps (version: 2:4.0.2-3)
2026-09-04 15:54:24 Found package: publicsuffix (version: 20230209.2326-1)
2026-09-04 15:54:24 Found package: python-apt-common (version: 2.6.0)
2026-09-04 15:54:25 Found package: python3 (version: 3.11.2-1+b1)
2026-09-04 15:54:25 Found package: python3-anyio (version: 3.6.2-1)
2026-09-04 15:54:25 Found package: python3-apt (version: 2.6.0)
2026-09-04 15:54:25 Found package: python3-certifi (version: 2022.9.24-1)
2026-09-04 15:54:25 Found package: python3-cffi-backend:amd64 (version: 1.15.1-5+b1)
2026-09-04 15:54:25 Found package: python3-chardet (version: 5.1.0+dfsg-2)
2026-09-04 15:54:25 Found package: python3-charset-normalizer (version: 3.0.1-2)
2026-09-04 15:54:25 Found package: python3-click (version: 8.1.3-2)
2026-09-04 15:54:25 Found package: python3-colorama (version: 0.4.6-2)
2026-09-04 15:54:26 Found package: python3-cryptography (version: 38.0.4-3+deb12u1)
2026-09-04 15:54:26 Found package: python3-debconf (version: 1.5.82)
2026-09-04 15:54:26 Found package: python3-debian (version: 0.1.49)
2026-09-04 15:54:26 Found package: python3-debianbts (version: 4.0.1)
2026-09-04 15:54:26 Found package: python3-dnspython (version: 2.3.0-1)
2026-09-04 15:54:26 Found package: python3-gpg (version: 1.18.0-3+b1)
2026-09-04 15:54:26 Found package: python3-h11 (version: 0.14.0-1.1~deb12u1)
2026-09-04 15:54:26 Found package: python3-h2 (version: 4.1.0-4)
2026-09-04 15:54:27 Found package: python3-hpack (version: 4.0.0-2)
2026-09-04 15:54:27 Found package: python3-httpcore (version: 0.16.3-1)
2026-09-04 15:54:27 Found package: python3-httplib2 (version: 0.20.4-3)
2026-09-04 15:54:27 Found package: python3-httpx (version: 0.23.3-1)
2026-09-04 15:54:27 Found package: python3-hyperframe (version: 6.0.0-1)
2026-09-04 15:54:27 Found package: python3-idna (version: 3.3-1+deb12u1)
2026-09-04 15:54:27 Found package: python3-ldb (version: 2:2.6.2+samba4.17.12+dfsg-0+deb12u4)
2026-09-04 15:54:28 Found package: python3-markdown (version: 3.4.1-2+deb12u1)
2026-09-04 15:54:28 Found package: python3-markdown-it (version: 2.1.0-5)
2026-09-04 15:54:28 Found package: python3-mdurl (version: 0.1.2-1)
2026-09-04 15:54:28 Found package: python3-minimal (version: 3.11.2-1+b1)
2026-09-04 15:54:28 Found package: python3-pkg-resources (version: 66.1.1-1+deb12u2)
2026-09-04 15:54:28 Found package: python3-pycurl (version: 7.45.2-3)
2026-09-04 15:54:28 Found package: python3-pygments (version: 2.14.0+dfsg-1)
2026-09-04 15:54:28 Found package: python3-pyparsing (version: 3.0.9-1)
2026-09-04 15:54:28 Found package: python3-pysimplesoap (version: 1.16.2-5)
2026-09-04 15:54:29 Found package: python3-reportbug (version: 12.0.0)
2026-09-04 15:54:29 Found package: python3-requests (version: 2.28.1+dfsg-1)
2026-09-04 15:54:29 Found package: python3-requests-toolbelt (version: 0.10.1-1)
2026-09-04 15:54:29 Found package: python3-rfc3986 (version: 1.5.0-2)
2026-09-04 15:54:29 Found package: python3-rich (version: 13.3.1-1)
2026-09-04 15:54:29 Found package: python3-samba (version: 2:4.17.12+dfsg-0+deb12u4)
2026-09-04 15:54:29 Found package: python3-six (version: 1.16.0-4)
2026-09-04 15:54:29 Found package: python3-sniffio (version: 1.2.0-1)
2026-09-04 15:54:30 Found package: python3-talloc:amd64 (version: 2.4.0-f2)
2026-09-04 15:54:30 Found package: python3-tdb (version: 1.4.8-2)
2026-09-04 15:54:30 Found package: python3-urllib3 (version: 1.26.12-1+deb12u4)
2026-09-04 15:54:30 Found package: python3-yaml (version: 6.0-3+b2)
2026-09-04 15:54:30 Found package: python3.11 (version: 3.11.2-6+deb12u8)
2026-09-04 15:54:30 Found package: python3.11-minimal (version: 3.11.2-6+deb12u8)
2026-09-04 15:54:30 Found package: readline-common (version: 8.2-1.3)
2026-09-04 15:54:30 Found package: reportbug (version: 12.0.0)
2026-09-04 15:54:30 Found package: rpcsvc-proto (version: 1.4.3-1)
2026-09-04 15:54:30 Found package: runit-helper (version: 2.15.2)
2026-09-04 15:54:31 Found package: samba (version: 2:4.17.12+dfsg-0+deb12u4)
2026-09-04 15:54:31 Found package: samba-ad-provision (version: 2:4.17.12+dfsg-0+deb12u4)
2026-09-04 15:54:31 Found package: samba-common (version: 2:4.17.12+dfsg-0+deb12u4)
2026-09-04 15:54:31 Found package: samba-common-bin (version: 2:4.17.12+dfsg-0+deb12u4)
2026-09-04 15:54:31 Found package: samba-dsdb-modules:amd64 (version: 2:4.17.12+dfsg-0+deb12u4)
2026-09-04 15:54:31 Found package: samba-libs:amd64 (version: 2:4.17.12+dfsg-0+deb12u4)
2026-09-04 15:54:31 Found package: samba-vfs-modules:amd64 (version: 2:4.17.12+dfsg-0+deb12u4)
2026-09-04 15:54:31 Found package: sed (version: 4.9-1)
2026-09-04 15:54:31 Found package: sensible-utils (version: 0.0.17+nmu1)
2026-09-04 15:54:32 Found package: shared-mime-info (version: 2.2-1)
2026-09-04 15:54:32 Found package: smbclient (version: 2:4.17.12+dfsg-0+deb12u4)
2026-09-04 15:54:32 Found package: systemd (version: 252.39-1~deb12u2)
2026-09-04 15:54:32 Found package: systemd-sysv (version: 252.39-1~deb12u2)
2026-09-04 15:54:32 Found package: systemd-timesyncd (version: 252.39-1~deb12u2)
2026-09-04 15:54:32 Found package: sysvinit-utils (version: 3.06-4)
2026-09-04 15:54:32 Found package: tar (version: 1.34+dfsg-1.2+deb12u1)
2026-09-04 15:54:32 Found package: task-english (version: 3.73)
2026-09-04 15:54:32 Found package: task-laptop (version: 3.73)
2026-09-04 15:54:33 Found package: tasksel (version: 3.73)
2026-09-04 15:54:33 Found package: tasksel-data (version: 3.73)
2026-09-04 15:54:33 Found package: tdb-tools (version: 1.4.8-2)
2026-09-04 15:54:33 Found package: traceroute (version: 1:2.1.2-1)
2026-09-04 15:54:33 Found package: tzdata (version: 2024a-0+deb12u1)
2026-09-04 15:54:33 Found package: ucf (version: 3.0043+nmu1+deb12u1)
2026-09-04 15:54:33 Found package: udev (version: 252.39-1~deb12u2)
2026-09-04 15:54:33 Found package: usr-is-merged (version: 37~deb12u1)
2026-09-04 15:54:33 Found package: util-linux (version: 2.38.1-5+deb12u3)
2026-09-04 15:54:33 Found package: util-linux-extra (version: 2.38.1-5+deb12u3)
2026-09-04 15:54:34 Found package: util-linux-locales (version: 2.38.1-5+deb12u3)
2026-09-04 15:54:34 Found package: vim-common (version: 2:9.0.1378-2)
2026-09-04 15:54:34 Found package: vim-tiny (version: 2:9.0.1378-2)
2026-09-04 15:54:34 Found package: wamerican (version: 2020.12.07-2)
2026-09-04 15:54:34 Found package: wget (version: 1.21.3-1+deb12u1)
2026-09-04 15:54:34 Found package: whiptail (version: 0.52.23-1+b1)
2026-09-04 15:54:34 Found package: wireless-regdb (version: 2026.05.30-1~deb12u1)
2026-09-04 15:54:34 Found package: wireless-tools (version: 30~pre9-14)
2026-09-04 15:54:34 Found package: wpasupplicant (version: 2:2.10-12+deb12u3)
2026-09-04 15:54:35 Found package: xauth (version: 1:1.1.2-1)
2026-09-04 15:54:35 Found package: xdg-user-dirs (version: 0.18-1)
2026-09-04 15:54:35 Found package: xkb-data (version: 2.35.1-1)
2026-09-04 15:54:35 Found package: xz-utils (version: 5.4.1-1+deb12u1)
2026-09-04 15:54:35 Found package: zlib1g:amd64 (version: 1:1.2.13.dfsg-1)
2026-09-04 15:54:35 Found package: zstd (version: 1.5.4+dfsg2-5)
2026-09-04 15:54:35 ====
2026-09-04 15:54:35 Performing test ID PKGS-7346 (Search unpurged packages on system)
2026-09-04 15:54:35 Test: Querying dpkg -l to get unpurged packages
2026-09-04 15:54:36 Result: no packages found with left overs
2026-09-04 15:54:36 ====
2026-09-04 15:54:36 Skipped test PKGS-7348 (Check for old distfiles)
2026-09-04 15:54:36 Reason to skip: Incorrect guest OS (FreeBSD only)
2026-09-04 15:54:36 ====
2026-09-04 15:54:36 Skipped test PKGS-7350 (Checking for installed packages with DNF utility)
2026-09-04 15:54:36 Reason to skip: Prerequisites not met (ie missing tool, other type of Linux distribution)
2026-09-04 15:54:36 ====
2026-09-04 15:54:36 Skipped test PKGS-7352 (Checking for security updates with DNF utility)
2026-09-04 15:54:36 Reason to skip: Prerequisites not met (ie missing tool, other type of Linux distribution)
2026-09-04 15:54:36 ====
2026-09-04 15:54:36 Skipped test PKGS-7354 (Checking package database integrity)
2026-09-04 15:54:36 Reason to skip: Prerequisites not met (ie missing tool, other type of Linux distribution)
2026-09-04 15:54:36 ====
2026-09-04 15:54:37 Skipped test PKGS-7366 (Checking for debsecan utility)
2026-09-04 15:54:37 Reason to skip: Prerequisites not met (ie missing tool, other type of Linux distribution)
2026-09-04 15:54:37 ====
2026-09-04 15:54:37 Performing test ID PKGS-7370 (Checking for debsums utility)
2026-09-04 15:54:37 Result: debsums utility is not installed.
2026-09-04 15:54:37 Hardening: assigned partial number of hardening points (0 of 2). Currently having 106 points (out of 153)
2026-09-04 15:54:37 Suggestion: Install debsums utility for the verification of packages with known good database. [test:PKGS-7370] [details:-] [solution:-]
2026-09-04 15:54:37 ====
2026-09-04 15:54:37 Skipped test PKGS-7378 (Query portmaster for port upgrades)
2026-09-04 15:54:37 Reason to skip: Prerequisites not met (ie missing tool, other type of Linux distribution)
2026-09-04 15:54:37 ====
2026-09-04 15:54:37 Skipped test PKGS-7380 (Check for vulnerable NetBSD packages)
2026-09-04 15:54:37 Reason to skip: Incorrect guest OS (NetBSD only)
2026-09-04 15:54:37 ====
2026-09-04 15:54:38 Skipped test PKGS-7381 (Check for vulnerable FreeBSD packages with pkg)
2026-09-04 15:54:38 Reason to skip: pkg tool not available
2026-09-04 15:54:38 ====
2026-09-04 15:54:38 Skipped test PKGS-7382 (Check for vulnerable FreeBSD packages with portaudit)
2026-09-04 15:54:38 Reason to skip: Prerequisites not met (ie missing tool, other type of Linux distribution)
2026-09-04 15:54:38 ====
2026-09-04 15:54:38 Skipped test PKGS-7383 (Check for YUM package update management)
2026-09-04 15:54:38 Reason to skip: Prerequisites not met (ie missing tool, other type of Linux distribution)
2026-09-04 15:54:38 ====
2026-09-04 15:54:38 Skipped test PKGS-7384 (Check for YUM utils package)
2026-09-04 15:54:38 Reason to skip: Prerequisites not met (ie missing tool, other type of Linux distribution)
2026-09-04 15:54:38 ====
2026-09-04 15:54:39 Skipped test PKGS-7386 (Check for YUM security package)
2026-09-04 15:54:39 Reason to skip: Prerequisites not met (ie missing tool, other type of Linux distribution)
2026-09-04 15:54:39 ====
2026-09-04 15:54:39 Skipped test PKGS-7387 (Check for GPG signing in YUM security package)
2026-09-04 15:54:39 Reason to skip: Prerequisites not met (ie missing tool, other type of Linux distribution)
2026-09-04 15:54:39 ====
2026-09-04 15:54:39 Performing test ID PKGS-7388 (Check security repository in apt sources.list file)
2026-09-04 15:54:39 Searching for security.debian.org/security.ubuntu.com or security repositories in /etc/apt/sources.list file
2026-09-04 15:54:39 Result: Found security repository in /etc/apt/sources.list
2026-09-04 15:54:39 Output: deb http://security.debian.org/debian-security bookworm-security main non-free-firmware
2026-09-04 15:54:39 Output: deb-src http://security.debian.org/debian-security bookworm-security main non-free-firmware
2026-09-04 15:54:39 Searching for security.debian.org/security.ubuntu.com or security repositories in /etc/apt/sources.list.d directory
2026-09-04 15:54:39 Result: security repository was found
2026-09-04 15:54:39 Hardening: assigned maximum number of hardening points for this item (3). Currently having 109 points (out of 156)
2026-09-04 15:54:40 ====
2026-09-04 15:54:40 Performing test ID PKGS-7390 (Check Ubuntu database consistency)
2026-09-04 15:54:40 Test: Package database consistency by running apt-get check
2026-09-04 15:54:42 Result: package database seems to be consistent.
2026-09-04 15:54:42 ====
2026-09-04 15:54:42 Performing test ID PKGS-7392 (Check for Debian/Ubuntu security updates)
2026-09-04 15:54:42 Action: updating package repository with apt-get
2026-09-04 15:54:58 Result: apt-get finished
2026-09-04 15:54:58 Test: Checking if /usr/lib/update-notifier/apt-check exists
2026-09-04 15:54:58 Result: apt-check (update-notifier-common) not found
2026-09-04 15:55:06 Result: found vulnerable package(s) via apt-get (-security channel)
2026-09-04 15:55:06 Found vulnerable package: bind9-dnsutils
2026-09-04 15:55:06 Found vulnerable package: bind9-host
2026-09-04 15:55:06 Found vulnerable package: bind9-libs
2026-09-04 15:55:06 Found vulnerable package: ca-certificates
2026-09-04 15:55:07 Found vulnerable package: libarchive13
2026-09-04 15:55:07 Found vulnerable package: libexpat1
2026-09-04 15:55:07 Found vulnerable package: libgcrypt20
2026-09-04 15:55:07 Found vulnerable package: libgd3
2026-09-04 15:55:07 Found vulnerable package: libgnutls30
2026-09-04 15:55:07 Found vulnerable package: libpcre2-8-0
2026-09-04 15:55:07 Found vulnerable package: libtasn1-6
2026-09-04 15:55:07 Found vulnerable package: linux-base
2026-09-04 15:55:07 Found vulnerable package: linux-compiler-gcc-12-x86
2026-09-04 15:55:07 Found vulnerable package: linux-kbuild-6.1
2026-09-04 15:55:07 Found vulnerable package: linux-libc-dev
2026-09-04 15:55:07 Found vulnerable package: python3-httplib2
2026-09-04 15:55:07 Warning: Found one or more vulnerable packages. [test:PKGS-7392] [details:-] [solution:-]
2026-09-04 15:55:07 Suggestion: Update your system with apt-get update, apt-get upgrade, apt-get dist-upgrade and/or unattended-upgrades [test:PKGS-7392] [details:-] [solution:-]
2026-09-04 15:55:07 ====
2026-09-04 15:55:08 Skipped test PKGS-7393 (Check for Gentoo vulnerable packages)
2026-09-04 15:55:08 Reason to skip: Prerequisites not met (ie missing tool, other type of Linux distribution)
2026-09-04 15:55:08 ====
2026-09-04 15:55:08 Performing test ID PKGS-7394 (Check for Ubuntu updates)
2026-09-04 15:55:08 Test: checking /usr/bin/apt-show-versions
2026-09-04 15:55:08 Result: /usr/bin/apt-show-versions not found
2026-09-04 15:55:08 Suggestion: Install package apt-show-versions for patch management purposes [test:PKGS-7394] [details:-] [solution:-]
2026-09-04 15:55:08 ====
2026-09-04 15:55:08 Skipped test PKGS-7395 (Check for Alpine updates)
2026-09-04 15:55:08 Reason to skip: Prerequisites not met (ie missing tool, other type of Linux distribution)
2026-09-04 15:55:08 ====
2026-09-04 15:55:09 Performing test ID PKGS-7398 (Check for package audit tool)
2026-09-04 15:55:09 Test: checking for package audit tool
2026-09-04 15:55:09 Result: found package audit tool: apt-get
2026-09-04 15:55:09 ====
2026-09-04 15:55:09 Performing test ID PKGS-7410 (Count installed kernel packages)
2026-09-04 15:55:09 Test: Checking how many kernel packages are installed
2026-09-04 15:55:09 Result: found 1 kernel packages on the system, which is fine
2026-09-04 15:55:09 ====
2026-09-04 15:55:09 Performing test ID PKGS-7420 (Detect toolkit to automatically download and apply upgrades)
2026-09-04 15:55:09 Hardening: assigned partial number of hardening points (1 of 5). Currently having 110 points (out of 161)
2026-09-04 15:55:09 Result: no toolkit for automatic updates discovered
2026-09-04 15:55:09 Suggestion: Consider using a tool to automatically apply upgrades [test:PKGS-7420] [details:-] [solution:-]
2026-09-04 15:55:09 Security check: file is normal
2026-09-04 15:55:09 Checking permissions of /usr/share/lynis/include/tests_networking
2026-09-04 15:55:10 File permissions are OK
2026-09-04 15:55:10 ====
2026-09-04 15:55:10 Action: Performing tests from category: Networking
2026-09-04 15:55:10 ====
2026-09-04 15:55:10 Performing test ID NETW-2400 (Hostname length and value check)
2026-09-04 15:55:10 Result: FQDN is defined and not longer than 253 characters (13 characters)
2026-09-04 15:55:10 Result: hostnamed is defined and not longer than 63 characters
2026-09-04 15:55:10 Result: good, no unexpected characters discovered in hostname
2026-09-04 15:55:10 ====
2026-09-04 15:55:10 Performing test ID NETW-2600 (Checking IPv6 configuration)
2026-09-04 15:55:42 Result: IPV6 mode is auto
2026-09-04 15:55:42 Result: IPv6 only configuration: NO
2026-09-04 15:55:42 ====
2026-09-04 15:55:43 Performing test ID NETW-2704 (Basic nameserver configuration tests)
2026-09-04 15:55:43 Test: Checking /etc/resolv.conf file
2026-09-04 15:55:43 Result: Found /etc/resolv.conf file
2026-09-04 15:55:43 Test: Querying nameservers
2026-09-04 15:55:43 Found nameserver: 192.168.1.1
2026-09-04 15:55:43 Nameserver 192.168.1.1 seems to respond to queries from this host.
2026-09-04 15:55:43 ====
2026-09-04 15:55:44 Performing test ID NETW-2705 (Check availability two nameservers)
2026-09-04 15:55:44 Result: less than 2 responsive nameservers found
2026-09-04 15:55:44 Warning: Couldn't find 2 responsive nameservers [test:NETW-2705] [details:-] [solution:-]
2026-09-04 15:55:44 Note: Non responsive nameservers can give problems for your system(s). Like the lack of recursive lookups, bad connectivity to update servers etc.
2026-09-04 15:55:44 Suggestion: Check your resolv.conf file and fill in a backup nameserver if possible [test:NETW-2705] [details:-] [solution:-]
2026-09-04 15:55:44 Hardening: assigned partial number of hardening points (1 of 2). Currently having 111 points (out of 163)
2026-09-04 15:55:44 ====
2026-09-04 15:55:44 Skipped test NETW-2706 (Check systemd-resolved and upstream DNSSEC status)
2026-09-04 15:55:44 Reason to skip: Prerequisites not met (ie missing tool, other type of Linux distribution)
2026-09-04 15:55:44 Result: Test most likely skipped due to not having resolvectl
2026-09-04 15:55:44 ====
2026-09-04 15:55:44 Skipped test NETW-3001 (Find default gateway (route))
2026-09-04 15:55:44 Reason to skip: Prerequisites not met (ie missing tool, other type of Linux distribution)
2026-09-04 15:55:44 ====
2026-09-04 15:55:44 Performing test ID NETW-3004 (Search for available network interfaces)
2026-09-04 15:55:45 Found network interface: lo
2026-09-04 15:55:45 Found network interface: enp0s3
2026-09-04 15:55:45 Found network interface: enp0s8
2026-09-04 15:55:45 ====
2026-09-04 15:55:45 Performing test ID NETW-3006 (Get network MAC addresses)
2026-09-04 15:55:45 Test: Using ip binary to gather hardware addresses
2026-09-04 15:55:45 Found MAC address: 08:00:27:0a:3e:c1
2026-09-04 15:55:45 Found MAC address: 08:00:27:6c:ee:30
2026-09-04 15:55:45 ====
2026-09-04 15:55:45 Performing test ID NETW-3008 (Get network IP addresses)
2026-09-04 15:55:45 Test: Using ip binary to gather IP addresses
2026-09-04 15:55:45 Found IPv4 address: 127.0.0.1
2026-09-04 15:55:45 Found IPv4 address: 10.0.2.15
2026-09-04 15:55:45 Found IPv4 address: 10.10.10.10
2026-09-04 15:55:46 Found IPv6 address: ::1
2026-09-04 15:55:46 Found IPv6 address: fd17:625c:f037:2:a00:27ff:fe0a:3ec1
2026-09-04 15:55:46 Found IPv6 address: fe80::a00:27ff:fe0a:3ec1
2026-09-04 15:55:46 Found IPv6 address: fe80::a00:27ff:fe6c:ee30
2026-09-04 15:55:46 ====
2026-09-04 15:55:46 Performing test ID NETW-3012 (Check listening ports)
2026-09-04 15:55:46 Test: Retrieving ss information to find listening ports
2026-09-04 15:55:47 ====
2026-09-04 15:55:47 Skipped test NETW-3014 (Checking promiscuous interfaces (BSD))
2026-09-04 15:55:47 Reason to skip: Prerequisites not met (ie missing tool, other type of Linux distribution)
2026-09-04 15:55:47 ====
2026-09-04 15:55:47 Performing test ID NETW-3015 (Checking promiscuous interfaces (Linux))
2026-09-04 15:55:47 Test: Using ip binary to retrieve network interfaces
2026-09-04 15:55:48 Test: Checking all interfaces to discover any with promiscuous mode enabled
2026-09-04 15:55:48 Result: No promiscuous interfaces found
2026-09-04 15:55:48 ====
2026-09-04 15:55:48 Skipped test NETW-3028 (Checking connections in WAIT state)
2026-09-04 15:55:48 Reason to skip: Prerequisites not met (ie missing tool, other type of Linux distribution)
2026-09-04 15:55:48 ====
2026-09-04 15:55:48 Performing test ID NETW-3030 (Checking DHCP client status)
2026-09-04 15:55:48 Performing pgrep scan without uid
2026-09-04 15:55:48 IsRunning: process 'dhclient' found (564 )
2026-09-04 15:55:48 ====
2026-09-04 15:55:49 Performing test ID NETW-3032 (Checking for ARP monitoring software)
2026-09-04 15:55:49 Performing pgrep scan without uid
2026-09-04 15:55:49 IsRunning: process 'addrwatch' not found
2026-09-04 15:55:49 Performing pgrep scan without uid
2026-09-04 15:55:49 IsRunning: process 'arpwatch' not found
2026-09-04 15:55:49 Performing pgrep scan without uid
2026-09-04 15:55:49 IsRunning: process 'arpon' not found
2026-09-04 15:55:49 ====
2026-09-04 15:55:49 Performing test ID NETW-3200 (Determine available network protocols)
2026-09-04 15:55:49 Test: checking the status of some network protocols that typically are not used
2026-09-04 15:55:49 Test: now checking module 'dccp'
2026-09-04 15:55:49 Suggestion: Determine if protocol 'dccp' is really needed on this system [test:NETW-3200] [details:-] [solution:-]
2026-09-04 15:55:49 Test: now checking module 'sctp'
2026-09-04 15:55:50 Suggestion: Determine if protocol 'sctp' is really needed on this system [test:NETW-3200] [details:-] [solution:-]
2026-09-04 15:55:50 Test: now checking module 'rds'
2026-09-04 15:55:50 Suggestion: Determine if protocol 'rds' is really needed on this system [test:NETW-3200] [details:-] [solution:-]
2026-09-04 15:55:50 Test: now checking module 'tipc'
2026-09-04 15:55:50 Suggestion: Determine if protocol 'tipc' is really needed on this system [test:NETW-3200] [details:-] [solution:-]
2026-09-04 15:55:50 Security check: file is normal
2026-09-04 15:55:50 Checking permissions of /usr/share/lynis/include/tests_printers_spoolers
2026-09-04 15:55:50 File permissions are OK
2026-09-04 15:55:50 ====
2026-09-04 15:55:50 Action: Performing tests from category: Printers and Spools
2026-09-04 15:55:50 ====
2026-09-04 15:55:50 Skipped test PRNT-2302 (Check for printcap consistency)
2026-09-04 15:55:51 Reason to skip: Incorrect guest OS (FreeBSD only)
2026-09-04 15:55:51 ====
2026-09-04 15:55:51 Performing test ID PRNT-2304 (Check cupsd status)
2026-09-04 15:55:51 Test: Checking cupsd status
2026-09-04 15:55:51 Performing pgrep scan without uid
2026-09-04 15:55:51 IsRunning: process 'cupsd' not found
2026-09-04 15:55:51 Result: cups daemon not running, cups daemon tests skipped
2026-09-04 15:55:51 ====
2026-09-04 15:55:51 Skipped test PRNT-2306 (Check CUPSd configuration file)
2026-09-04 15:55:51 Reason to skip: Prerequisites not met (ie missing tool, other type of Linux distribution)
2026-09-04 15:55:51 ====
2026-09-04 15:55:51 Skipped test PRNT-2307 (Check CUPSd configuration file permissions)
2026-09-04 15:55:51 Reason to skip: Prerequisites not met (ie missing tool, other type of Linux distribution)
2026-09-04 15:55:51 ====
2026-09-04 15:55:52 Skipped test PRNT-2308 (Check CUPSd network configuration)
2026-09-04 15:55:52 Reason to skip: Prerequisites not met (ie missing tool, other type of Linux distribution)
2026-09-04 15:55:52 ====
2026-09-04 15:55:52 Performing test ID PRNT-2314 (Check lpd status)
2026-09-04 15:55:52 Test: Checking lpd status
2026-09-04 15:55:52 Performing pgrep scan without uid
2026-09-04 15:55:52 IsRunning: process 'lpd' not found
2026-09-04 15:55:52 Result: lp daemon not running
2026-09-04 15:55:52 Hardening: assigned maximum number of hardening points for this item (4). Currently having 115 points (out of 167)
2026-09-04 15:55:52 ====
2026-09-04 15:55:52 Skipped test PRNT-2316 (Checking /etc/qconfig file)
2026-09-04 15:55:52 Reason to skip: Incorrect guest OS (AIX only)
2026-09-04 15:55:52 ====
2026-09-04 15:55:53 Skipped test PRNT-2418 (Checking qdaemon printer spooler status)
2026-09-04 15:55:53 Reason to skip: Incorrect guest OS (AIX only)
2026-09-04 15:55:53 ====
2026-09-04 15:55:53 Skipped test PRNT-2420 (Checking old print jobs)
2026-09-04 15:55:53 Reason to skip: Incorrect guest OS (AIX only)
2026-09-04 15:55:53 Security check: file is normal
2026-09-04 15:55:53 Checking permissions of /usr/share/lynis/include/tests_mail_messaging
2026-09-04 15:55:53 File permissions are OK
2026-09-04 15:55:53 ====
2026-09-04 15:55:53 Action: Performing tests from category: Software: e-mail and messaging
2026-09-04 15:55:53 ====
2026-09-04 15:55:53 Performing test ID MAIL-8802 (Check Exim status)
2026-09-04 15:55:53 Test: check Exim status
2026-09-04 15:55:53 Performing pgrep scan without uid
2026-09-04 15:55:54 IsRunning: process 'exim4' not found
2026-09-04 15:55:54 Performing pgrep scan without uid
2026-09-04 15:55:54 IsRunning: process 'exim' not found
2026-09-04 15:55:54 Result: no running Exim processes found
2026-09-04 15:55:54 ====
2026-09-04 15:55:54 Skipped test MAIL-8804 (Exim configuration options)
2026-09-04 15:55:54 Reason to skip: Prerequisites not met (ie missing tool, other type of Linux distribution)
2026-09-04 15:55:54 ====
2026-09-04 15:55:54 Performing test ID MAIL-8814 (Check postfix process status)
2026-09-04 15:55:54 Test: check Postfix status
2026-09-04 15:55:54 Result: no running Postfix processes found
2026-09-04 15:55:54 ====
2026-09-04 15:55:55 Skipped test MAIL-8816 (Check Postfix configuration)
2026-09-04 15:55:55 Reason to skip: Prerequisites not met (ie missing tool, other type of Linux distribution)
2026-09-04 15:55:55 ====
2026-09-04 15:55:55 Skipped test MAIL-8817 (Check Postfix configuration errors)
2026-09-04 15:55:55 Reason to skip: Prerequisites not met (ie missing tool, other type of Linux distribution)
2026-09-04 15:55:55 ====
2026-09-04 15:55:55 Skipped test MAIL-8818 (Check Postfix configuration: banner)
2026-09-04 15:55:55 Reason to skip: Prerequisites not met (ie missing tool, other type of Linux distribution)
2026-09-04 15:55:55 ====
2026-09-04 15:55:55 Performing test ID MAIL-8820 (Postfix configuration scan)
2026-09-04 15:55:55 ====
2026-09-04 15:55:55 Performing test ID MAIL-8838 (Check dovecot process)
2026-09-04 15:55:55 Test: check dovecot status
2026-09-04 15:55:55 Performing pgrep scan without uid
2026-09-04 15:55:55 IsRunning: process 'dovecot' not found
2026-09-04 15:55:56 Result: dovecot not found
2026-09-04 15:55:56 ====
2026-09-04 15:55:56 Performing test ID MAIL-8860 (Check Qmail status)
2026-09-04 15:55:56 Test: check Qmail status
2026-09-04 15:55:56 Performing pgrep scan without uid
2026-09-04 15:55:56 IsRunning: process 'qmail-smtpd' not found
2026-09-04 15:55:56 Result: no running Qmail processes found
2026-09-04 15:55:56 ====
2026-09-04 15:55:56 Performing test ID MAIL-8880 (Check Sendmail status)
2026-09-04 15:55:56 Test: check sendmail status
2026-09-04 15:55:56 Performing pgrep scan without uid
2026-09-04 15:55:56 IsRunning: process 'sendmail' not found
2026-09-04 15:55:56 Result: no running Sendmail processes found
2026-09-04 15:55:56 ====
2026-09-04 15:55:57 Skipped test MAIL-8920 (Check OpenSMTPD status)
2026-09-04 15:55:57 Reason to skip: Prerequisites not met (ie missing tool, other type of Linux distribution)
2026-09-04 15:55:57 Security check: file is normal
2026-09-04 15:55:57 Checking permissions of /usr/share/lynis/include/tests_firewalls
2026-09-04 15:55:57 File permissions are OK
2026-09-04 15:55:57 ====
2026-09-04 15:55:57 Action: Performing tests from category: Software: firewalls
2026-09-04 15:55:57 ====
2026-09-04 15:55:57 Performing test ID FIRE-4502 (Check iptables kernel module)
2026-09-04 15:55:58 Result: Found iptables in loaded kernel modules
2026-09-04 15:55:58 Found module: ip_tables
2026-09-04 15:55:58 ====
2026-09-04 15:55:58 Skipped test FIRE-4508 (Check used policies of iptables chains)
2026-09-04 15:55:58 Reason to skip: Prerequisites not met (ie missing tool, other type of Linux distribution)
2026-09-04 15:55:58 ====
2026-09-04 15:55:58 Skipped test FIRE-4512 (Check iptables for empty ruleset)
2026-09-04 15:55:58 Reason to skip: Prerequisites not met (ie missing tool, other type of Linux distribution)
2026-09-04 15:55:58 ====
2026-09-04 15:55:58 Skipped test FIRE-4513 (Check iptables for unused rules)
2026-09-04 15:55:58 Reason to skip: Prerequisites not met (ie missing tool, other type of Linux distribution)
2026-09-04 15:55:58 ====
2026-09-04 15:55:59 Skipped test FIRE-4518 (Check pf firewall components)
2026-09-04 15:55:59 Reason to skip: No /dev/pf device
2026-09-04 15:55:59 ====
2026-09-04 15:55:59 Skipped test FIRE-4520 (Check pf configuration consistency)
2026-09-04 15:55:59 Reason to skip: Prerequisites not met (ie missing tool, other type of Linux distribution)
2026-09-04 15:55:59 ====
2026-09-04 15:55:59 Performing test ID FIRE-4524 (Check for CSF presence)
2026-09-04 15:55:59 Test: check /etc/csf/csf.conf
2026-09-04 15:55:59 Result: /etc/csf/csf.conf does NOT exist
2026-09-04 15:55:59 ====
2026-09-04 15:55:59 Skipped test FIRE-4526 (Check ipf status)
2026-09-04 15:55:59 Reason to skip: Incorrect guest OS (Solaris only)
2026-09-04 15:55:59 ====
2026-09-04 15:55:59 Skipped test FIRE-4530 (Check IPFW status)
2026-09-04 15:56:00 Reason to skip: Incorrect guest OS (FreeBSD only)
2026-09-04 15:56:00 ====
2026-09-04 15:56:00 Skipped test FIRE-4532 (Check macOS application firewall)
2026-09-04 15:56:00 Reason to skip: Incorrect guest OS (macOS only)
2026-09-04 15:56:00 ====
2026-09-04 15:56:00 Skipped test FIRE-4534 (Check for presence of outbound firewalls on macOS)
2026-09-04 15:56:00 Reason to skip: Incorrect guest OS (macOS only)
2026-09-04 15:56:00 ====
2026-09-04 15:56:00 Performing test ID FIRE-4536 (Check nftables status)
2026-09-04 15:56:00 Result: no nftables kernel module found
2026-09-04 15:56:00 ====
2026-09-04 15:56:00 Performing test ID FIRE-4538 (Check nftables basic configuration)
2026-09-04 15:56:01 Result: found version 1.0.6 of nft
2026-09-04 15:56:01 ====
2026-09-04 15:56:01 Performing test ID FIRE-4540 (Check for empty nftables configuration)
2026-09-04 15:56:01 Result: this firewall set has 3 rules or less and is considered to be empty
2026-09-04 15:56:01 ====
2026-09-04 15:56:01 Performing test ID FIRE-4586 (Check firewall logging)
2026-09-04 15:56:01 ====
2026-09-04 15:56:02 Performing test ID FIRE-4590 (Check firewall status)
2026-09-04 15:56:02 Result: host based firewall or packet filter is active
2026-09-04 15:56:02 Hardening: assigned maximum number of hardening points for this item (5). Currently having 120 points (out of 172)
2026-09-04 15:56:02 ====
2026-09-04 15:56:02 Performing test ID FIRE-4594 (Check for APF presence)
2026-09-04 15:56:02 Test: check /etc/apf/conf.apf
2026-09-04 15:56:02 Result: /etc/apf/conf.apf does NOT exist
2026-09-04 15:56:02 Security check: file is normal
2026-09-04 15:56:02 Checking permissions of /usr/share/lynis/include/tests_webservers
2026-09-04 15:56:02 File permissions are OK
2026-09-04 15:56:02 ====
2026-09-04 15:56:02 Action: Performing tests from category: Software: webserver
2026-09-04 15:56:03 Action: created temporary file /tmp/lynis.lrunr0N2Y6
2026-09-04 15:56:03 Action: created temporary file /tmp/lynis.IZrQxXjqvN
2026-09-04 15:56:03 ====
2026-09-04 15:56:03 Performing test ID HTTP-6622 (Checking Apache presence)
2026-09-04 15:56:03 ====
2026-09-04 15:56:03 Skipped test HTTP-6624 (Testing main Apache configuration file)
2026-09-04 15:56:03 Reason to skip: Prerequisites not met (ie missing tool, other type of Linux distribution)
2026-09-04 15:56:03 ====
2026-09-04 15:56:03 Skipped test HTTP-6626 (Testing other Apache configuration file)
2026-09-04 15:56:03 Reason to skip: Prerequisites not met (ie missing tool, other type of Linux distribution)
2026-09-04 15:56:03 ====
2026-09-04 15:56:03 Skipped test HTTP-6632 (Determining all available Apache modules)
2026-09-04 15:56:03 Reason to skip: Prerequisites not met (ie missing tool, other type of Linux distribution)
2026-09-04 15:56:03 ====
2026-09-04 15:56:04 Skipped test HTTP-6640 (Determining existence of specific Apache modules)
2026-09-04 15:56:04 Reason to skip: Prerequisites not met (ie missing tool, other type of Linux distribution)
2026-09-04 15:56:04 ====
2026-09-04 15:56:04 Skipped test HTTP-6641 (Determining existence of specific Apache modules)
2026-09-04 15:56:04 Reason to skip: Prerequisites not met (ie missing tool, other type of Linux distribution)
2026-09-04 15:56:04 ====
2026-09-04 15:56:04 Skipped test HTTP-6643 (Determining existence of specific Apache modules)
2026-09-04 15:56:04 Reason to skip: Prerequisites not met (ie missing tool, other type of Linux distribution)
2026-09-04 15:56:04 ====
2026-09-04 15:56:04 Performing test ID HTTP-6702 (Check nginx process)
2026-09-04 15:56:04 Test: searching running nginx process
2026-09-04 15:56:04 Performing pgrep scan without uid
2026-09-04 15:56:05 IsRunning: process 'nginx' found (1529 1597 )
2026-09-04 15:56:05 Result: found running nginx process(es)
2026-09-04 15:56:05 ====
2026-09-04 15:56:05 Performing test ID HTTP-6704 (Check nginx configuration file)
2026-09-04 15:56:05 Test: searching nginx configuration file
2026-09-04 15:56:05 Found file /etc/nginx/nginx.conf
2026-09-04 15:56:05 Result: found nginx configuration file
2026-09-04 15:56:05 ====
2026-09-04 15:56:05 Performing test ID HTTP-6706 (Check for additional nginx configuration files)
2026-09-04 15:56:05 Action: created temporary file /tmp/lynis.wjll3lkutY
2026-09-04 15:56:05 Result: found Nginx configuration file /etc/nginx/mime.types
2026-09-04 15:56:05 Test: check if we can access /etc/nginx/mime.types (escaped: /etc/nginx/mime.types)
2026-09-04 15:56:06 Result: file is owned by our current user ID (0), checking if it is readable
2026-09-04 15:56:06 Result: file /etc/nginx/mime.types is readable (or directory accessible).
2026-09-04 15:56:06 Result: found Nginx configuration file /etc/nginx/sites-enabled/helio.conf
2026-09-04 15:56:06 Test: check if we can access /etc/nginx/sites-enabled/helio.conf (escaped: /etc/nginx/sites-enabled/helio.conf)
2026-09-04 15:56:06 Action: checking symlink for file /etc/nginx/sites-enabled/helio.conf
2026-09-04 15:56:06 Note: Using real readlink binary to determine symlink on /etc/nginx/sites-enabled/helio.conf
2026-09-04 15:56:06 Result: readlink shows /etc/nginx/sites-available/helio-nginx.conf as output
2026-09-04 15:56:06 Result: symlink found, pointing to file /etc/nginx/sites-available/helio-nginx.conf
2026-09-04 15:56:06 Result: file is owned by our current user ID (0), checking if it is readable
2026-09-04 15:56:06 Result: file /etc/nginx/sites-available/helio-nginx.conf is readable (or directory accessible).
2026-09-04 15:56:08 ====
2026-09-04 15:56:08 Performing test ID HTTP-6708 (Check discovered nginx configuration settings)
2026-09-04 15:56:08 Test: start parsing all discovered nginx options
2026-09-04 15:56:08 Test: check if we can access /etc/nginx/nginx.conf (escaped: /etc/nginx/nginx.conf)
2026-09-04 15:56:08 Result: file is owned by our current user ID (0), checking if it is readable
2026-09-04 15:56:08 Result: file /etc/nginx/nginx.conf is readable (or directory accessible).
2026-09-04 15:56:08 Action: created temporary file /tmp/lynis.2N7QiiF6wz
2026-09-04 15:56:08 Action: created temporary file /tmp/lynis.SBp4Yy9gLv
2026-09-04 15:56:08 Action: parsing configuration file /etc/nginx/nginx.conf
2026-09-04 15:56:09 Result: found option user in /etc/nginx/nginx.conf with value 'www-data'
2026-09-04 15:56:09 Found unknown option user in nginx configuration
2026-09-04 15:56:09 Result: found option worker_processes in /etc/nginx/nginx.conf with value 'auto'
2026-09-04 15:56:09 Found unknown option worker_processes in nginx configuration
2026-09-04 15:56:09 Result: found option pid in /etc/nginx/nginx.conf with value '/run/nginx.pid'
2026-09-04 15:56:09 Found unknown option pid in nginx configuration
2026-09-04 15:56:09 Result: found option error_log in /etc/nginx/nginx.conf with value '/var/log/nginx/error.log'
2026-09-04 15:56:09 Result: found option include in /etc/nginx/nginx.conf with value '/etc/nginx/modules-enabled/*.conf'
2026-09-04 15:56:10 Found no match for wildcard pattern: /etc/nginx/modules-enabled/*.conf
2026-09-04 15:56:10 Result: found option events in /etc/nginx/nginx.conf with value '{'
2026-09-04 15:56:10 Result: found option worker_connections in /etc/nginx/nginx.conf with value '768'
2026-09-04 15:56:10 Found unknown option worker_connections in nginx configuration
2026-09-04 15:56:10 Result: found option } in /etc/nginx/nginx.conf with value '}'
2026-09-04 15:56:10 Result: found option http in /etc/nginx/nginx.conf with value '{'
2026-09-04 15:56:10 Result: found option sendfile in /etc/nginx/nginx.conf with value 'on'
2026-09-04 15:56:10 Found unknown option sendfile in nginx configuration
2026-09-04 15:56:11 Result: found option tcp_nopush in /etc/nginx/nginx.conf with value 'on'
2026-09-04 15:56:11 Found unknown option tcp_nopush in nginx configuration
2026-09-04 15:56:11 Result: found option types_hash_max_size in /etc/nginx/nginx.conf with value '2048'
2026-09-04 15:56:11 Found unknown option types_hash_max_size in nginx configuration
2026-09-04 15:56:11 Result: found option include in /etc/nginx/nginx.conf with value '/etc/nginx/mime.types'
2026-09-04 15:56:11 Found this file already in our configuration files array, not adding to queue
2026-09-04 15:56:11 Result: found option default_type in /etc/nginx/nginx.conf with value 'application/octet-stream'
2026-09-04 15:56:11 Found unknown option default_type in nginx configuration
2026-09-04 15:56:11 Result: found option ssl_protocols in /etc/nginx/nginx.conf with value 'TLSv1 TLSv1.1 TLSv1.2 TLSv1.3;'
2026-09-04 15:56:12 Result: found protocol tlsv1
2026-09-04 15:56:12 Result: found protocol tlsv1.1
2026-09-04 15:56:12 Result: found protocol tlsv1.2
2026-09-04 15:56:12 Result: found protocol tlsv1.3
2026-09-04 15:56:12 Result: found option ssl_prefer_server_ciphers in /etc/nginx/nginx.conf with value 'on'
2026-09-04 15:56:12 Result: found option access_log in /etc/nginx/nginx.conf with value '/var/log/nginx/access.log'
2026-09-04 15:56:12 Result: found option gzip in /etc/nginx/nginx.conf with value 'on'
2026-09-04 15:56:12 Found unknown option gzip in nginx configuration
2026-09-04 15:56:12 Result: found option include in /etc/nginx/nginx.conf with value '/etc/nginx/conf.d/*.conf'
2026-09-04 15:56:12 Found no match for wildcard pattern: /etc/nginx/conf.d/*.conf
2026-09-04 15:56:13 Result: found option include in /etc/nginx/nginx.conf with value '/etc/nginx/sites-enabled/*'
2026-09-04 15:56:13 Result: this include does not point to a file
2026-09-04 15:56:13 Result: found option } in /etc/nginx/nginx.conf with value '}'
2026-09-04 15:56:13 Result: this configuration file is skipped, as it contains usually no interesting details
2026-09-04 15:56:13 Test: check if we can access /etc/nginx/sites-enabled/helio.conf (escaped: /etc/nginx/sites-enabled/helio.conf)
2026-09-04 15:56:13 Action: checking symlink for file /etc/nginx/sites-enabled/helio.conf
2026-09-04 15:56:13 Note: Using real readlink binary to determine symlink on /etc/nginx/sites-enabled/helio.conf
2026-09-04 15:56:13 Result: readlink shows /etc/nginx/sites-available/helio-nginx.conf as output
2026-09-04 15:56:13 Result: symlink found, pointing to file /etc/nginx/sites-available/helio-nginx.conf
2026-09-04 15:56:13 Result: file is owned by our current user ID (0), checking if it is readable
2026-09-04 15:56:13 Result: file /etc/nginx/sites-available/helio-nginx.conf is readable (or directory accessible).
2026-09-04 15:56:13 Action: created temporary file /tmp/lynis.yVoV3Z6H9f
2026-09-04 15:56:14 Action: created temporary file /tmp/lynis.cg5Miu4WuG
2026-09-04 15:56:14 Action: parsing configuration file /etc/nginx/sites-enabled/helio.conf
2026-09-04 15:56:14 Result: found option server in /etc/nginx/sites-enabled/helio.conf with value '{'
2026-09-04 15:56:14 Result: found option listen in /etc/nginx/sites-enabled/helio.conf with value '80'
2026-09-04 15:56:14 Result: found option server_name in /etc/nginx/sites-enabled/helio.conf with value 'helio-frontal'
2026-09-04 15:56:14 Result: found option location in /etc/nginx/sites-enabled/helio.conf with value '/ {'
2026-09-04 15:56:15 Result: found option proxy_pass in /etc/nginx/sites-enabled/helio.conf with value 'http://10.10.10.20:3000/'
2026-09-04 15:56:15 Found unknown option proxy_pass in nginx configuration
2026-09-04 15:56:15 Result: found option proxy_set_header in /etc/nginx/sites-enabled/helio.conf with value 'Host $host'
2026-09-04 15:56:15 Found unknown option proxy_set_header in nginx configuration
2026-09-04 15:56:15 Result: found option proxy_set_header in /etc/nginx/sites-enabled/helio.conf with value 'X-Real-IP $remote_addr'
2026-09-04 15:56:15 Found unknown option proxy_set_header in nginx configuration
2026-09-04 15:56:15 Result: found option proxy_set_header in /etc/nginx/sites-enabled/helio.conf with value 'X-Forwarded-For $proxy_add_x_forwarded_for'
2026-09-04 15:56:15 Found unknown option proxy_set_header in nginx configuration
2026-09-04 15:56:16 Result: found option proxy_set_header in /etc/nginx/sites-enabled/helio.conf with value 'X-Forwarded-Proto $scheme'
2026-09-04 15:56:16 Found unknown option proxy_set_header in nginx configuration
2026-09-04 15:56:16 Result: found option } in /etc/nginx/sites-enabled/helio.conf with value '}'
2026-09-04 15:56:16 Result: found option location in /etc/nginx/sites-enabled/helio.conf with value '/dvwa/ {'
2026-09-04 15:56:16 Result: found option proxy_pass in /etc/nginx/sites-enabled/helio.conf with value 'http://10.10.10.20:8080/'
2026-09-04 15:56:16 Found unknown option proxy_pass in nginx configuration
2026-09-04 15:56:17 Result: found option proxy_set_header in /etc/nginx/sites-enabled/helio.conf with value 'Host $host'
2026-09-04 15:56:17 Found unknown option proxy_set_header in nginx configuration
2026-09-04 15:56:17 Result: found option proxy_set_header in /etc/nginx/sites-enabled/helio.conf with value 'X-Real-IP $remote_addr'
2026-09-04 15:56:17 Found unknown option proxy_set_header in nginx configuration
2026-09-04 15:56:17 Result: found option proxy_set_header in /etc/nginx/sites-enabled/helio.conf with value 'X-Forwarded-For $proxy_add_x_forwarded_for'
2026-09-04 15:56:17 Found unknown option proxy_set_header in nginx configuration
2026-09-04 15:56:17 Result: found option proxy_set_header in /etc/nginx/sites-enabled/helio.conf with value 'X-Forwarded-Proto $scheme'
2026-09-04 15:56:17 Found unknown option proxy_set_header in nginx configuration
2026-09-04 15:56:17 Result: found option } in /etc/nginx/sites-enabled/helio.conf with value '}'
2026-09-04 15:56:18 Result: found option } in /etc/nginx/sites-enabled/helio.conf with value '}'
2026-09-04 15:56:18 ====
2026-09-04 15:56:18 Performing test ID HTTP-6710 (Check nginx SSL configuration settings)
2026-09-04 15:56:18 Result: No SSL configuration found
2026-09-04 15:56:18 Suggestion: Add HTTPS to nginx virtual hosts for enhanced protection of sensitive data and privacy [test:HTTP-6710] [details:-] [solution:-]
2026-09-04 15:56:18 Hardening: assigned partial number of hardening points (1 of 5). Currently having 121 points (out of 177)
2026-09-04 15:56:18 ====
2026-09-04 15:56:18 Performing test ID HTTP-6712 (Check nginx access logging)
2026-09-04 15:56:18 Result: no virtual hosts found which have their access log disabled
2026-09-04 15:56:18 Hardening: assigned maximum number of hardening points for this item (3). Currently having 124 points (out of 180)
2026-09-04 15:56:18 ====
2026-09-04 15:56:18 Performing test ID HTTP-6714 (Check for missing error logs in nginx)
2026-09-04 15:56:18 ====
2026-09-04 15:56:19 Performing test ID HTTP-6716 (Check for debug mode on error log in nginx)
2026-09-04 15:56:19 Result: no virtual hosts found which have their error log in debug mode
2026-09-04 15:56:19 Hardening: assigned maximum number of hardening points for this item (3). Currently having 127 points (out of 183)
2026-09-04 15:56:19 ====
2026-09-04 15:56:19 Performing test ID HTTP-6720 (Check Nginx log files)
2026-09-04 15:56:19 Test: Checking directories for files with log file definitions
2026-09-04 15:56:19 Test: Checking /etc/nginx
2026-09-04 15:56:19 Result: Directory /etc/nginx exists, so will be used as search path
2026-09-04 15:56:19 Result: found one or more log files
2026-09-04 15:56:19 Found log file: /var/log/nginx/access.log
2026-09-04 15:56:19 Test: Checking /usr/local/etc/nginx
2026-09-04 15:56:19 Result: directory /usr/local/etc/nginx not found, skipping search in this directory.
2026-09-04 15:56:19 Test: Checking /usr/local/nginx/conf
2026-09-04 15:56:19 Result: directory /usr/local/nginx/conf not found, skipping search in this directory.
2026-09-04 15:56:19 Security check: file is normal
2026-09-04 15:56:20 Checking permissions of /usr/share/lynis/include/tests_ssh
2026-09-04 15:56:20 File permissions are OK
2026-09-04 15:56:20 ====
2026-09-04 15:56:20 Action: Performing tests from category: SSH Support
2026-09-04 15:56:20 ====
2026-09-04 15:56:21 Performing test ID SSH-7402 (Check for running SSH daemon)
2026-09-04 15:56:21 Test: Searching for a SSH daemon
2026-09-04 15:56:21 Performing pgrep scan without uid
2026-09-04 15:56:21 IsRunning: process 'sshd' found (640 )
2026-09-04 15:56:21 Action: created temporary file /tmp/lynis.bK1LXpOBik
2026-09-04 15:56:21 ====
2026-09-04 15:56:21 Performing test ID SSH-7404 (Check SSH daemon file location)
2026-09-04 15:56:21 Test: searching for sshd_config file
2026-09-04 15:56:21 Result: /etc/ssh/sshd_config exists
2026-09-04 15:56:22 Test: check if we can access /etc/ssh/sshd_config (escaped: /etc/ssh/sshd_config)
2026-09-04 15:56:22 Result: file is owned by our current user ID (0), checking if it is readable
2026-09-04 15:56:22 Result: file /etc/ssh/sshd_config is readable (or directory accessible).
2026-09-04 15:56:22 Result: using last found configuration file: /etc/ssh/sshd_config
2026-09-04 15:56:22 ====
2026-09-04 15:56:22 Performing test ID SSH-7406 (Determine OpenSSH version)
2026-09-04 15:56:22 Result: discovered OpenSSH version is 9.2
2026-09-04 15:56:22 Result: OpenSSH major version: 9
2026-09-04 15:56:23 Result: OpenSSH minor version: 2
2026-09-04 15:56:23 ====
2026-09-04 15:56:23 Performing test ID SSH-7408 (Check SSH specific defined options)
2026-09-04 15:56:23 Test: Checking specific defined options in /tmp/lynis.bK1LXpOBik
2026-09-04 15:56:23 Test: Checking AllowTcpForwarding in /tmp/lynis.bK1LXpOBik
2026-09-04 15:56:23 Result: Option AllowTcpForwarding found
2026-09-04 15:56:23 Result: Option AllowTcpForwarding value is YES
2026-09-04 15:56:23 Result: OpenSSH option AllowTcpForwarding is in a weak configuration state and should be fixed
2026-09-04 15:56:24 Suggestion: Consider hardening SSH configuration [test:SSH-7408] [details:AllowTcpForwarding (set YES to NO)] [solution:-]
2026-09-04 15:56:24 Hardening: assigned partial number of hardening points (0 of 3). Currently having 127 points (out of 186)
2026-09-04 15:56:24 Test: Checking ClientAliveCountMax in /tmp/lynis.bK1LXpOBik
2026-09-04 15:56:24 Result: Option ClientAliveCountMax found
2026-09-04 15:56:24 Result: Option ClientAliveCountMax value is 3
2026-09-04 15:56:24 Result: OpenSSH option ClientAliveCountMax is configured reasonably
2026-09-04 15:56:24 Suggestion: Consider hardening SSH configuration [test:SSH-7408] [details:ClientAliveCountMax (set 3 to 2)] [solution:-]
2026-09-04 15:56:24 Hardening: assigned partial number of hardening points (1 of 3). Currently having 128 points (out of 189)
2026-09-04 15:56:25 Test: Checking ClientAliveInterval in /tmp/lynis.bK1LXpOBik
2026-09-04 15:56:25 Result: Option ClientAliveInterval found
2026-09-04 15:56:25 Result: Option ClientAliveInterval value is 0
2026-09-04 15:56:25 Result: OpenSSH option ClientAliveInterval is configured very well
2026-09-04 15:56:25 Hardening: assigned maximum number of hardening points for this item (3). Currently having 131 points (out of 192)
2026-09-04 15:56:26 Test: Checking Compression in /tmp/lynis.bK1LXpOBik
2026-09-04 15:56:26 Result: Option Compression found
2026-09-04 15:56:26 Result: Option Compression value is YES
2026-09-04 15:56:26 Result: OpenSSH option Compression is in a weak configuration state and should be fixed
2026-09-04 15:56:26 Suggestion: Consider hardening SSH configuration [test:SSH-7408] [details:Compression (set YES to NO)] [solution:-]
2026-09-04 15:56:26 Hardening: assigned partial number of hardening points (0 of 3). Currently having 131 points (out of 195)
2026-09-04 15:56:26 Test: Checking FingerprintHash in /tmp/lynis.bK1LXpOBik
2026-09-04 15:56:27 Result: Option FingerprintHash found
2026-09-04 15:56:27 Result: Option FingerprintHash value is SHA256
2026-09-04 15:56:27 Result: OpenSSH option FingerprintHash is configured very well
2026-09-04 15:56:27 Hardening: assigned maximum number of hardening points for this item (3). Currently having 134 points (out of 198)
2026-09-04 15:56:27 Test: Checking GatewayPorts in /tmp/lynis.bK1LXpOBik
2026-09-04 15:56:27 Result: Option GatewayPorts found
2026-09-04 15:56:27 Result: Option GatewayPorts value is NO
2026-09-04 15:56:27 Result: OpenSSH option GatewayPorts is configured very well
2026-09-04 15:56:27 Hardening: assigned maximum number of hardening points for this item (3). Currently having 137 points (out of 201)
2026-09-04 15:56:28 Test: Checking IgnoreRhosts in /tmp/lynis.bK1LXpOBik
2026-09-04 15:56:28 Result: Option IgnoreRhosts found
2026-09-04 15:56:28 Result: Option IgnoreRhosts value is YES
2026-09-04 15:56:28 Result: OpenSSH option IgnoreRhosts is configured very well
2026-09-04 15:56:28 Hardening: assigned maximum number of hardening points for this item (3). Currently having 140 points (out of 204)
2026-09-04 15:56:29 Test: Checking LoginGraceTime in /tmp/lynis.bK1LXpOBik
2026-09-04 15:56:29 Result: Option LoginGraceTime found
2026-09-04 15:56:29 Result: Option LoginGraceTime value is 120
2026-09-04 15:56:29 Result: OpenSSH option LoginGraceTime is configured very well
2026-09-04 15:56:29 Hardening: assigned maximum number of hardening points for this item (3). Currently having 143 points (out of 207)
2026-09-04 15:56:30 Test: Checking LogLevel in /tmp/lynis.bK1LXpOBik
2026-09-04 15:56:30 Result: Option LogLevel found
2026-09-04 15:56:30 Result: Option LogLevel value is INFO
2026-09-04 15:56:30 Result: OpenSSH option LogLevel is configured reasonably
2026-09-04 15:56:30 Suggestion: Consider hardening SSH configuration [test:SSH-7408] [details:LogLevel (set INFO to VERBOSE)] [solution:-]
2026-09-04 15:56:30 Hardening: assigned partial number of hardening points (1 of 3). Currently having 144 points (out of 210)
2026-09-04 15:56:30 Test: Checking MaxAuthTries in /tmp/lynis.bK1LXpOBik
2026-09-04 15:56:30 Result: Option MaxAuthTries found
2026-09-04 15:56:30 Result: Option MaxAuthTries value is 6
2026-09-04 15:56:31 Result: OpenSSH option MaxAuthTries is configured reasonably
2026-09-04 15:56:31 Suggestion: Consider hardening SSH configuration [test:SSH-7408] [details:MaxAuthTries (set 6 to 3)] [solution:-]
2026-09-04 15:56:31 Hardening: assigned partial number of hardening points (1 of 3). Currently having 145 points (out of 213)
2026-09-04 15:56:31 Test: Checking MaxSessions in /tmp/lynis.bK1LXpOBik
2026-09-04 15:56:31 Result: Option MaxSessions found
2026-09-04 15:56:32 Result: Option MaxSessions value is 10
2026-09-04 15:56:32 Result: OpenSSH option MaxSessions is in a weak configuration state and should be fixed
2026-09-04 15:56:32 Suggestion: Consider hardening SSH configuration [test:SSH-7408] [details:MaxSessions (set 10 to 2)] [solution:-]
2026-09-04 15:56:32 Hardening: assigned partial number of hardening points (0 of 3). Currently having 145 points (out of 216)
2026-09-04 15:56:32 Test: Checking PermitRootLogin in /tmp/lynis.bK1LXpOBik
2026-09-04 15:56:32 Result: Option PermitRootLogin found
2026-09-04 15:56:32 Result: Option PermitRootLogin value is WITHOUT-PASSWORD
2026-09-04 15:56:32 Expected value has multiple values, testing if active value is in list ((FORCED-COMMANDS-ONLY|NO|PROHIBIT-PASSWORD|WITHOUT-PASSWORD))
2026-09-04 15:56:33 Result: found
2026-09-04 15:56:33 Result: OpenSSH option PermitRootLogin is configured very well
2026-09-04 15:56:33 Hardening: assigned maximum number of hardening points for this item (3). Currently having 148 points (out of 219)
2026-09-04 15:56:33 Test: Checking PermitUserEnvironment in /tmp/lynis.bK1LXpOBik
2026-09-04 15:56:33 Result: Option PermitUserEnvironment found
2026-09-04 15:56:33 Result: Option PermitUserEnvironment value is NO
2026-09-04 15:56:33 Result: OpenSSH option PermitUserEnvironment is configured very well
2026-09-04 15:56:33 Hardening: assigned maximum number of hardening points for this item (3). Currently having 151 points (out of 222)
2026-09-04 15:56:34 Test: Checking PermitTunnel in /tmp/lynis.bK1LXpOBik
2026-09-04 15:56:34 Result: Option PermitTunnel found
2026-09-04 15:56:34 Result: Option PermitTunnel value is NO
2026-09-04 15:56:34 Result: OpenSSH option PermitTunnel is configured very well
2026-09-04 15:56:34 Hardening: assigned maximum number of hardening points for this item (3). Currently having 154 points (out of 225)
2026-09-04 15:56:35 Test: Checking Port in /tmp/lynis.bK1LXpOBik
2026-09-04 15:56:35 Result: Option Port found
2026-09-04 15:56:35 Result: Option Port value is 22
2026-09-04 15:56:35 Result: OpenSSH option Port is in a weak configuration state and should be fixed
2026-09-04 15:56:35 Suggestion: Consider hardening SSH configuration [test:SSH-7408] [details:Port (set 22 to )] [solution:-]
2026-09-04 15:56:35 Hardening: assigned partial number of hardening points (0 of 3). Currently having 154 points (out of 228)
2026-09-04 15:56:36 Test: Checking PrintLastLog in /tmp/lynis.bK1LXpOBik
2026-09-04 15:56:36 Result: Option PrintLastLog found
2026-09-04 15:56:36 Result: Option PrintLastLog value is YES
2026-09-04 15:56:36 Result: OpenSSH option PrintLastLog is configured very well
2026-09-04 15:56:36 Hardening: assigned maximum number of hardening points for this item (3). Currently having 157 points (out of 231)
2026-09-04 15:56:36 Test: Checking StrictModes in /tmp/lynis.bK1LXpOBik
2026-09-04 15:56:36 Result: Option StrictModes found
2026-09-04 15:56:36 Result: Option StrictModes value is YES
2026-09-04 15:56:36 Result: OpenSSH option StrictModes is configured very well
2026-09-04 15:56:36 Hardening: assigned maximum number of hardening points for this item (3). Currently having 160 points (out of 234)
2026-09-04 15:56:37 Test: Checking TCPKeepAlive in /tmp/lynis.bK1LXpOBik
2026-09-04 15:56:37 Result: Option TCPKeepAlive found
2026-09-04 15:56:37 Result: Option TCPKeepAlive value is YES
2026-09-04 15:56:37 Result: OpenSSH option TCPKeepAlive is in a weak configuration state and should be fixed
2026-09-04 15:56:37 Suggestion: Consider hardening SSH configuration [test:SSH-7408] [details:TCPKeepAlive (set YES to NO)] [solution:-]
2026-09-04 15:56:37 Hardening: assigned partial number of hardening points (0 of 3). Currently having 160 points (out of 237)
2026-09-04 15:56:37 Test: Checking UseDNS in /tmp/lynis.bK1LXpOBik
2026-09-04 15:56:38 Result: Option UseDNS found
2026-09-04 15:56:38 Result: Option UseDNS value is NO
2026-09-04 15:56:38 Result: OpenSSH option UseDNS is configured very well
2026-09-04 15:56:38 Hardening: assigned maximum number of hardening points for this item (3). Currently having 163 points (out of 240)
2026-09-04 15:56:38 Test: Checking X11Forwarding in /tmp/lynis.bK1LXpOBik
2026-09-04 15:56:38 Result: Option X11Forwarding found
2026-09-04 15:56:38 Result: Option X11Forwarding value is YES
2026-09-04 15:56:38 Result: OpenSSH option X11Forwarding is in a weak configuration state and should be fixed
2026-09-04 15:56:38 Suggestion: Consider hardening SSH configuration [test:SSH-7408] [details:X11Forwarding (set YES to NO)] [solution:-]
2026-09-04 15:56:38 Hardening: assigned partial number of hardening points (0 of 3). Currently having 163 points (out of 243)
2026-09-04 15:56:39 Test: Checking AllowAgentForwarding in /tmp/lynis.bK1LXpOBik
2026-09-04 15:56:39 Result: Option AllowAgentForwarding found
2026-09-04 15:56:39 Result: Option AllowAgentForwarding value is YES
2026-09-04 15:56:39 Result: OpenSSH option AllowAgentForwarding is in a weak configuration state and should be fixed
2026-09-04 15:56:39 Suggestion: Consider hardening SSH configuration [test:SSH-7408] [details:AllowAgentForwarding (set YES to NO)] [solution:-]
2026-09-04 15:56:39 Hardening: assigned partial number of hardening points (0 of 3). Currently having 163 points (out of 246)
2026-09-04 15:56:39 ====
2026-09-04 15:56:40 Performing test ID SSH-7440 (Check OpenSSH option: AllowUsers and AllowGroups)
2026-09-04 15:56:40 Result: AllowUsers is not set
2026-09-04 15:56:40 Result: AllowGroups is not set
2026-09-04 15:56:40 Result: SSH has no specific user or group limitation. Most likely all valid users can SSH to this machine.
2026-09-04 15:56:40 Hardening: assigned partial number of hardening points (0 of 1). Currently having 163 points (out of 247)
2026-09-04 15:56:40 Security check: file is normal
2026-09-04 15:56:40 Checking permissions of /usr/share/lynis/include/tests_snmp
2026-09-04 15:56:41 File permissions are OK
2026-09-04 15:56:41 ====
2026-09-04 15:56:41 Action: Performing tests from category: SNMP Support
2026-09-04 15:56:41 ====
2026-09-04 15:56:41 Performing test ID SNMP-3302 (Check for running SNMP daemon)
2026-09-04 15:56:41 Test: Searching for a SNMP daemon
2026-09-04 15:56:41 Performing pgrep scan without uid
2026-09-04 15:56:41 IsRunning: process 'snmpd' not found
2026-09-04 15:56:41 Result: No running SNMP daemon found
2026-09-04 15:56:41 ====
2026-09-04 15:56:41 Skipped test SNMP-3304 (Check SNMP daemon file location)
2026-09-04 15:56:41 Reason to skip: Prerequisites not met (ie missing tool, other type of Linux distribution)
2026-09-04 15:56:41 ====
2026-09-04 15:56:41 Skipped test SNMP-3306 (Check SNMP communities)
2026-09-04 15:56:41 Reason to skip: Prerequisites not met (ie missing tool, other type of Linux distribution)
2026-09-04 15:56:41 Security check: file is normal
2026-09-04 15:56:42 Checking permissions of /usr/share/lynis/include/tests_databases
2026-09-04 15:56:42 File permissions are OK
2026-09-04 15:56:42 ====
2026-09-04 15:56:42 Action: Performing tests from category: Databases
2026-09-04 15:56:42 ====
2026-09-04 15:56:42 Performing test ID DBS-1804 (Checking active MySQL process)
2026-09-04 15:56:42 Result: MySQL process not active
2026-09-04 15:56:42 ====
2026-09-04 15:56:42 Skipped test DBS-1816 (Checking MySQL root password)
2026-09-04 15:56:42 Reason to skip: MySQL not installed, or not running
2026-09-04 15:56:43 Test skipped, MySQL daemon not running or no MySQL client available
2026-09-04 15:56:43 ====
2026-09-04 15:56:43 Performing test ID DBS-1818 (Check status of MongoDB server)
2026-09-04 15:56:43 Performing pgrep scan without uid
2026-09-04 15:56:43 IsRunning: process 'mongod' not found
2026-09-04 15:56:43 ====
2026-09-04 15:56:43 Performing test ID DBS-1820 (Check for authorization in MongoDB)
2026-09-04 15:56:43 ====
2026-09-04 15:56:43 Performing test ID DBS-1826 (Checking active PostgreSQL processes)
2026-09-04 15:56:43 Performing pgrep scan without uid
2026-09-04 15:56:43 IsRunning: process 'postgres' not found
2026-09-04 15:56:43 Result: PostgreSQL process not active
2026-09-04 15:56:43 ====
2026-09-04 15:56:44 Skipped test DBS-1828 (Test PostgreSQL configuration)
2026-09-04 15:56:44 Reason to skip: Prerequisites not met (ie missing tool, other type of Linux distribution)
2026-09-04 15:56:44 ====
2026-09-04 15:56:44 Performing test ID DBS-1840 (Checking active Oracle processes)
2026-09-04 15:56:44 Result: Oracle process(es) not active
2026-09-04 15:56:44 ====
2026-09-04 15:56:44 Performing test ID DBS-1860 (Checking active DB2 instances)
2026-09-04 15:56:44 Performing pgrep scan without uid
2026-09-04 15:56:44 IsRunning: process 'db2sysc' not found
2026-09-04 15:56:45 Result: No DB2 instances are running
2026-09-04 15:56:45 ====
2026-09-04 15:56:45 Performing test ID DBS-1880 (Check for active Redis server)
2026-09-04 15:56:45 Performing pgrep scan without uid
2026-09-04 15:56:45 IsRunning: process 'redis-server' not found
2026-09-04 15:56:45 Result: No Redis processes are running
2026-09-04 15:56:45 ====
2026-09-04 15:56:45 Skipped test DBS-1882 (Redis configuration file)
2026-09-04 15:56:45 Reason to skip: Redis not running
2026-09-04 15:56:45 ====
2026-09-04 15:56:45 Skipped test DBS-1884 (Redis: requirepass option configured)
2026-09-04 15:56:45 Reason to skip: Redis not running, or no configuration file found
2026-09-04 15:56:46 ====
2026-09-04 15:56:46 Skipped test DBS-1886 (Redis: rename-command CONFIG used)
2026-09-04 15:56:46 Reason to skip: Redis not running, or no configuration found
2026-09-04 15:56:46 ====
2026-09-04 15:56:46 Skipped test DBS-1888 (Redis: bind on localhost)
2026-09-04 15:56:46 Reason to skip: Redis not running, or no configuration found
2026-09-04 15:56:46 Security check: file is normal
2026-09-04 15:56:46 Checking permissions of /usr/share/lynis/include/tests_ldap
2026-09-04 15:56:46 File permissions are OK
2026-09-04 15:56:46 ====
2026-09-04 15:56:46 Action: Performing tests from category: LDAP Services
2026-09-04 15:56:46 ====
2026-09-04 15:56:47 Performing test ID LDAP-2219 (Check running OpenLDAP instance)
2026-09-04 15:56:47 Performing pgrep scan without uid
2026-09-04 15:56:47 IsRunning: process 'slapd' not found
2026-09-04 15:56:47 Result: No running slapd process found.
2026-09-04 15:56:47 ====
2026-09-04 15:56:47 Skipped test LDAP-2224 (Check presence slapd.conf)
2026-09-04 15:56:47 Reason to skip: Prerequisites not met (ie missing tool, other type of Linux distribution)
2026-09-04 15:56:47 Security check: file is normal
2026-09-04 15:56:47 Checking permissions of /usr/share/lynis/include/tests_php
2026-09-04 15:56:48 File permissions are OK
2026-09-04 15:56:48 ====
2026-09-04 15:56:48 Action: Performing tests from category: PHP
2026-09-04 15:56:48 ====
2026-09-04 15:56:48 Performing test ID PHP-2211 (Check php.ini presence)
2026-09-04 15:56:48 Test: Checking for presence php.ini
2026-09-04 15:56:48 Test: checking presence /etc/php.ini
2026-09-04 15:56:48 Result: file /etc/php.ini not found
2026-09-04 15:56:48 Test: checking presence /etc/php.ini.default
2026-09-04 15:56:48 Result: file /etc/php.ini.default not found
2026-09-04 15:56:48 Test: checking presence /etc/php/php.ini
2026-09-04 15:56:48 Result: file /etc/php/php.ini not found
2026-09-04 15:56:48 Test: checking presence /etc/php5.5/php.ini
2026-09-04 15:56:48 Result: file /etc/php5.5/php.ini not found
2026-09-04 15:56:48 Test: checking presence /etc/php5.6/php.ini
2026-09-04 15:56:49 Result: file /etc/php5.6/php.ini not found
2026-09-04 15:56:49 Test: checking presence /etc/php7.0/php.ini
2026-09-04 15:56:49 Result: file /etc/php7.0/php.ini not found
2026-09-04 15:56:49 Test: checking presence /etc/php7.1/php.ini
2026-09-04 15:56:49 Result: file /etc/php7.1/php.ini not found
2026-09-04 15:56:49 Test: checking presence /etc/php7.2/php.ini
2026-09-04 15:56:49 Result: file /etc/php7.2/php.ini not found
2026-09-04 15:56:49 Test: checking presence /etc/php7.3/php.ini
2026-09-04 15:56:49 Result: file /etc/php7.3/php.ini not found
2026-09-04 15:56:49 Test: checking presence /etc/php7.4/php.ini
2026-09-04 15:56:49 Result: file /etc/php7.4/php.ini not found
2026-09-04 15:56:49 Test: checking presence /etc/php/cgi-php5/php.ini
2026-09-04 15:56:49 Result: file /etc/php/cgi-php5/php.ini not found
2026-09-04 15:56:49 Test: checking presence /etc/php/cli-php5/php.ini
2026-09-04 15:56:49 Result: file /etc/php/cli-php5/php.ini not found
2026-09-04 15:56:49 Test: checking presence /etc/php/apache2-php5/php.ini
2026-09-04 15:56:49 Result: file /etc/php/apache2-php5/php.ini not found
2026-09-04 15:56:49 Test: checking presence /etc/php/apache2-php5.5/php.ini
2026-09-04 15:56:49 Result: file /etc/php/apache2-php5.5/php.ini not found
2026-09-04 15:56:49 Test: checking presence /etc/php/apache2-php5.6/php.ini
2026-09-04 15:56:49 Result: file /etc/php/apache2-php5.6/php.ini not found
2026-09-04 15:56:49 Test: checking presence /etc/php/apache2-php7.0/php.ini
2026-09-04 15:56:49 Result: file /etc/php/apache2-php7.0/php.ini not found
2026-09-04 15:56:49 Test: checking presence /etc/php/apache2-php7.1/php.ini
2026-09-04 15:56:49 Result: file /etc/php/apache2-php7.1/php.ini not found
2026-09-04 15:56:49 Test: checking presence /etc/php/apache2-php7.2/php.ini
2026-09-04 15:56:49 Result: file /etc/php/apache2-php7.2/php.ini not found
2026-09-04 15:56:49 Test: checking presence /etc/php/apache2-php7.3/php.ini
2026-09-04 15:56:50 Result: file /etc/php/apache2-php7.3/php.ini not found
2026-09-04 15:56:50 Test: checking presence /etc/php/apache2-php7.4/php.ini
2026-09-04 15:56:50 Result: file /etc/php/apache2-php7.4/php.ini not found
2026-09-04 15:56:50 Test: checking presence /etc/php/cgi-php5.5/php.ini
2026-09-04 15:56:50 Result: file /etc/php/cgi-php5.5/php.ini not found
2026-09-04 15:56:50 Test: checking presence /etc/php/cgi-php5.6/php.ini
2026-09-04 15:56:50 Result: file /etc/php/cgi-php5.6/php.ini not found
2026-09-04 15:56:50 Test: checking presence /etc/php/cgi-php7.0/php.ini
2026-09-04 15:56:50 Result: file /etc/php/cgi-php7.0/php.ini not found
2026-09-04 15:56:50 Test: checking presence /etc/php/cgi-php7.1/php.ini
2026-09-04 15:56:50 Result: file /etc/php/cgi-php7.1/php.ini not found
2026-09-04 15:56:50 Test: checking presence /etc/php/cgi-php7.2/php.ini
2026-09-04 15:56:50 Result: file /etc/php/cgi-php7.2/php.ini not found
2026-09-04 15:56:50 Test: checking presence /etc/php/cgi-php7.3/php.ini
2026-09-04 15:56:50 Result: file /etc/php/cgi-php7.3/php.ini not found
2026-09-04 15:56:50 Test: checking presence /etc/php/cgi-php7.4/php.ini
2026-09-04 15:56:50 Result: file /etc/php/cgi-php7.4/php.ini not found
2026-09-04 15:56:50 Test: checking presence /etc/php/cli-php5.5/php.ini
2026-09-04 15:56:50 Result: file /etc/php/cli-php5.5/php.ini not found
2026-09-04 15:56:50 Test: checking presence /etc/php/cli-php5.6/php.ini
2026-09-04 15:56:50 Result: file /etc/php/cli-php5.6/php.ini not found
2026-09-04 15:56:50 Test: checking presence /etc/php/cli-php7.0/php.ini
2026-09-04 15:56:50 Result: file /etc/php/cli-php7.0/php.ini not found
2026-09-04 15:56:50 Test: checking presence /etc/php/cli-php7.1/php.ini
2026-09-04 15:56:50 Result: file /etc/php/cli-php7.1/php.ini not found
2026-09-04 15:56:50 Test: checking presence /etc/php/cli-php7.2/php.ini
2026-09-04 15:56:50 Result: file /etc/php/cli-php7.2/php.ini not found
2026-09-04 15:56:50 Test: checking presence /etc/php/cli-php7.3/php.ini
2026-09-04 15:56:51 Result: file /etc/php/cli-php7.3/php.ini not found
2026-09-04 15:56:51 Test: checking presence /etc/php/cli-php7.4/php.ini
2026-09-04 15:56:51 Result: file /etc/php/cli-php7.4/php.ini not found
2026-09-04 15:56:51 Test: checking presence /etc/php/embed-php5.5/php.ini
2026-09-04 15:56:51 Result: file /etc/php/embed-php5.5/php.ini not found
2026-09-04 15:56:51 Test: checking presence /etc/php/embed-php5.6/php.ini
2026-09-04 15:56:51 Result: file /etc/php/embed-php5.6/php.ini not found
2026-09-04 15:56:51 Test: checking presence /etc/php/embed-php7.0/php.ini
2026-09-04 15:56:51 Result: file /etc/php/embed-php7.0/php.ini not found
2026-09-04 15:56:51 Test: checking presence /etc/php/embed-php7.1/php.ini
2026-09-04 15:56:51 Result: file /etc/php/embed-php7.1/php.ini not found
2026-09-04 15:56:51 Test: checking presence /etc/php/embed-php7.2/php.ini
2026-09-04 15:56:51 Result: file /etc/php/embed-php7.2/php.ini not found
2026-09-04 15:56:51 Test: checking presence /etc/php/embed-php7.3/php.ini
2026-09-04 15:56:51 Result: file /etc/php/embed-php7.3/php.ini not found
2026-09-04 15:56:51 Test: checking presence /etc/php/embed-php7.4/php.ini
2026-09-04 15:56:51 Result: file /etc/php/embed-php7.4/php.ini not found
2026-09-04 15:56:51 Test: checking presence /etc/php/fpm-php7.4/php.ini
2026-09-04 15:56:51 Result: file /etc/php/fpm-php7.4/php.ini not found
2026-09-04 15:56:51 Test: checking presence /etc/php/fpm-php7.3/php.ini
2026-09-04 15:56:51 Result: file /etc/php/fpm-php7.3/php.ini not found
2026-09-04 15:56:51 Test: checking presence /etc/php/fpm-php7.2/php.ini
2026-09-04 15:56:51 Result: file /etc/php/fpm-php7.2/php.ini not found
2026-09-04 15:56:51 Test: checking presence /etc/php/fpm-php7.1/php.ini
2026-09-04 15:56:51 Result: file /etc/php/fpm-php7.1/php.ini not found
2026-09-04 15:56:51 Test: checking presence /etc/php/fpm-php7.0/php.ini
2026-09-04 15:56:51 Result: file /etc/php/fpm-php7.0/php.ini not found
2026-09-04 15:56:52 Test: checking presence /etc/php/fpm-php5.5/php.ini
2026-09-04 15:56:52 Result: file /etc/php/fpm-php5.5/php.ini not found
2026-09-04 15:56:52 Test: checking presence /etc/php/fpm-php5.6/php.ini
2026-09-04 15:56:52 Result: file /etc/php/fpm-php5.6/php.ini not found
2026-09-04 15:56:52 Test: checking presence /etc/php5/cgi/php.ini
2026-09-04 15:56:52 Result: file /etc/php5/cgi/php.ini not found
2026-09-04 15:56:52 Test: checking presence /etc/php5/cli/php.ini
2026-09-04 15:56:52 Result: file /etc/php5/cli/php.ini not found
2026-09-04 15:56:52 Test: checking presence /etc/php5/cli-php5.4/php.ini
2026-09-04 15:56:52 Result: file /etc/php5/cli-php5.4/php.ini not found
2026-09-04 15:56:52 Test: checking presence /etc/php5/cli-php5.5/php.ini
2026-09-04 15:56:52 Result: file /etc/php5/cli-php5.5/php.ini not found
2026-09-04 15:56:52 Test: checking presence /etc/php5/cli-php5.6/php.ini
2026-09-04 15:56:52 Result: file /etc/php5/cli-php5.6/php.ini not found
2026-09-04 15:56:52 Test: checking presence /etc/php5/apache2/php.ini
2026-09-04 15:56:52 Result: file /etc/php5/apache2/php.ini not found
2026-09-04 15:56:52 Test: checking presence /etc/php5/fpm/php.ini
2026-09-04 15:56:52 Result: file /etc/php5/fpm/php.ini not found
2026-09-04 15:56:52 Test: checking presence /private/etc/php.ini
2026-09-04 15:56:52 Result: file /private/etc/php.ini not found
2026-09-04 15:56:52 Test: checking presence /etc/php/7.0/apache2/php.ini
2026-09-04 15:56:52 Result: file /etc/php/7.0/apache2/php.ini not found
2026-09-04 15:56:52 Test: checking presence /etc/php/7.1/apache2/php.ini
2026-09-04 15:56:52 Result: file /etc/php/7.1/apache2/php.ini not found
2026-09-04 15:56:52 Test: checking presence /etc/php/7.2/apache2/php.ini
2026-09-04 15:56:52 Result: file /etc/php/7.2/apache2/php.ini not found
2026-09-04 15:56:52 Test: checking presence /etc/php/7.3/apache2/php.ini
2026-09-04 15:56:53 Result: file /etc/php/7.3/apache2/php.ini not found
2026-09-04 15:56:53 Test: checking presence /etc/php/7.4/apache2/php.ini
2026-09-04 15:56:53 Result: file /etc/php/7.4/apache2/php.ini not found
2026-09-04 15:56:53 Test: checking presence /etc/php/7.0/cli/php.ini
2026-09-04 15:56:53 Result: file /etc/php/7.0/cli/php.ini not found
2026-09-04 15:56:53 Test: checking presence /etc/php/7.0/fpm/php.ini
2026-09-04 15:56:53 Result: file /etc/php/7.0/fpm/php.ini not found
2026-09-04 15:56:53 Test: checking presence /etc/php/7.1/cli/php.ini
2026-09-04 15:56:53 Result: file /etc/php/7.1/cli/php.ini not found
2026-09-04 15:56:53 Test: checking presence /etc/php/7.1/fpm/php.ini
2026-09-04 15:56:53 Result: file /etc/php/7.1/fpm/php.ini not found
2026-09-04 15:56:53 Test: checking presence /etc/php/7.2/cli/php.ini
2026-09-04 15:56:53 Result: file /etc/php/7.2/cli/php.ini not found
2026-09-04 15:56:53 Test: checking presence /etc/php/7.2/fpm/php.ini
2026-09-04 15:56:53 Result: file /etc/php/7.2/fpm/php.ini not found
2026-09-04 15:56:53 Test: checking presence /etc/php/7.3/cli/php.ini
2026-09-04 15:56:53 Result: file /etc/php/7.3/cli/php.ini not found
2026-09-04 15:56:53 Test: checking presence /etc/php/7.3/fpm/php.ini
2026-09-04 15:56:53 Result: file /etc/php/7.3/fpm/php.ini not found
2026-09-04 15:56:53 Test: checking presence /etc/php/7.4/cli/php.ini
2026-09-04 15:56:53 Result: file /etc/php/7.4/cli/php.ini not found
2026-09-04 15:56:53 Test: checking presence /etc/php/7.4/fpm/php.ini
2026-09-04 15:56:53 Result: file /etc/php/7.4/fpm/php.ini not found
2026-09-04 15:56:53 Test: checking presence /var/www/conf/php.ini
2026-09-04 15:56:53 Result: file /var/www/conf/php.ini not found
2026-09-04 15:56:54 Test: checking presence /usr/local/etc/php.ini
2026-09-04 15:56:54 Result: file /usr/local/etc/php.ini not found
2026-09-04 15:56:54 Test: checking presence /usr/local/lib/php.ini
2026-09-04 15:56:54 Result: file /usr/local/lib/php.ini not found
2026-09-04 15:56:54 Test: checking presence /usr/local/etc/php5/cgi/php.ini
2026-09-04 15:56:54 Result: file /usr/local/etc/php5/cgi/php.ini not found
2026-09-04 15:56:54 Test: checking presence /usr/local/php54/lib/php.ini
2026-09-04 15:56:54 Result: file /usr/local/php54/lib/php.ini not found
2026-09-04 15:56:54 Test: checking presence /usr/local/php56/lib/php.ini
2026-09-04 15:56:54 Result: file /usr/local/php56/lib/php.ini not found
2026-09-04 15:56:54 Test: checking presence /usr/local/php70/lib/php.ini
2026-09-04 15:56:54 Result: file /usr/local/php70/lib/php.ini not found
2026-09-04 15:56:54 Test: checking presence /usr/local/php71/lib/php.ini
2026-09-04 15:56:54 Result: file /usr/local/php71/lib/php.ini not found
2026-09-04 15:56:54 Test: checking presence /usr/local/php72/lib/php.ini
2026-09-04 15:56:54 Result: file /usr/local/php72/lib/php.ini not found
2026-09-04 15:56:54 Test: checking presence /usr/local/php73/lib/php.ini
2026-09-04 15:56:54 Result: file /usr/local/php73/lib/php.ini not found
2026-09-04 15:56:54 Test: checking presence /usr/local/php74/lib/php.ini
2026-09-04 15:56:54 Result: file /usr/local/php74/lib/php.ini not found
2026-09-04 15:56:54 Test: checking presence /usr/local/zend/etc/php.ini
2026-09-04 15:56:54 Result: file /usr/local/zend/etc/php.ini not found
2026-09-04 15:56:54 Test: checking presence /usr/pkg/etc/php.ini
2026-09-04 15:56:54 Result: file /usr/pkg/etc/php.ini not found
2026-09-04 15:56:54 Test: checking presence /opt/cpanel/ea-php54/root/etc/php.ini
2026-09-04 15:56:54 Result: file /opt/cpanel/ea-php54/root/etc/php.ini not found
2026-09-04 15:56:54 Test: checking presence /opt/cpanel/ea-php55/root/etc/php.ini
2026-09-04 15:56:54 Result: file /opt/cpanel/ea-php55/root/etc/php.ini not found
2026-09-04 15:56:54 Test: checking presence /opt/cpanel/ea-php56/root/etc/php.ini
2026-09-04 15:56:54 Result: file /opt/cpanel/ea-php56/root/etc/php.ini not found
2026-09-04 15:56:54 Test: checking presence /opt/cpanel/ea-php70/root/etc/php.ini
2026-09-04 15:56:54 Result: file /opt/cpanel/ea-php70/root/etc/php.ini not found
2026-09-04 15:56:55 Test: checking presence /opt/cpanel/ea-php71/root/etc/php.ini
2026-09-04 15:56:55 Result: file /opt/cpanel/ea-php71/root/etc/php.ini not found
2026-09-04 15:56:55 Test: checking presence /opt/cpanel/ea-php72/root/etc/php.ini
2026-09-04 15:56:55 Result: file /opt/cpanel/ea-php72/root/etc/php.ini not found
2026-09-04 15:56:55 Test: checking presence /opt/cpanel/ea-php73/root/etc/php.ini
2026-09-04 15:56:55 Result: file /opt/cpanel/ea-php73/root/etc/php.ini not found
2026-09-04 15:56:55 Test: checking presence /opt/cpanel/ea-php74/root/etc/php.ini
2026-09-04 15:56:55 Result: file /opt/cpanel/ea-php74/root/etc/php.ini not found
2026-09-04 15:56:55 Test: checking presence /opt/alt/php44/etc/php.ini
2026-09-04 15:56:55 Result: file /opt/alt/php44/etc/php.ini not found
2026-09-04 15:56:55 Test: checking presence /opt/alt/php51/etc/php.ini
2026-09-04 15:56:55 Result: file /opt/alt/php51/etc/php.ini not found
2026-09-04 15:56:55 Test: checking presence /opt/alt/php52/etc/php.ini
2026-09-04 15:56:55 Result: file /opt/alt/php52/etc/php.ini not found
2026-09-04 15:56:55 Test: checking presence /opt/alt/php53/etc/php.ini
2026-09-04 15:56:55 Result: file /opt/alt/php53/etc/php.ini not found
2026-09-04 15:56:55 Test: checking presence /opt/alt/php54/etc/php.ini
2026-09-04 15:56:55 Result: file /opt/alt/php54/etc/php.ini not found
2026-09-04 15:56:55 Test: checking presence /opt/alt/php55/etc/php.ini
2026-09-04 15:56:55 Result: file /opt/alt/php55/etc/php.ini not found
2026-09-04 15:56:55 Test: checking presence /opt/alt/php56/etc/php.ini
2026-09-04 15:56:55 Result: file /opt/alt/php56/etc/php.ini not found
2026-09-04 15:56:55 Test: checking presence /opt/alt/php70/etc/php.ini
2026-09-04 15:56:55 Result: file /opt/alt/php70/etc/php.ini not found
2026-09-04 15:56:55 Test: checking presence /opt/alt/php71/etc/php.ini
2026-09-04 15:56:55 Result: file /opt/alt/php71/etc/php.ini not found
2026-09-04 15:56:55 Test: checking presence /opt/alt/php72/etc/php.ini
2026-09-04 15:56:55 Result: file /opt/alt/php72/etc/php.ini not found
2026-09-04 15:56:55 Test: checking presence /opt/alt/php73/etc/php.ini
2026-09-04 15:56:55 Result: file /opt/alt/php73/etc/php.ini not found
2026-09-04 15:56:56 Test: checking presence /opt/alt/php74/etc/php.ini
2026-09-04 15:56:56 Result: file /opt/alt/php74/etc/php.ini not found
2026-09-04 15:56:56 Test: checking presence /etc/opt/remi/php56/php.ini
2026-09-04 15:56:56 Result: file /etc/opt/remi/php56/php.ini not found
2026-09-04 15:56:56 Test: checking presence /etc/opt/remi/php70/php.ini
2026-09-04 15:56:56 Result: file /etc/opt/remi/php70/php.ini not found
2026-09-04 15:56:56 Test: checking presence /etc/opt/remi/php71/php.ini
2026-09-04 15:56:56 Result: file /etc/opt/remi/php71/php.ini not found
2026-09-04 15:56:56 Test: checking presence /etc/opt/remi/php72/php.ini
2026-09-04 15:56:56 Result: file /etc/opt/remi/php72/php.ini not found
2026-09-04 15:56:56 Test: checking presence /etc/opt/remi/php73/php.ini
2026-09-04 15:56:56 Result: file /etc/opt/remi/php73/php.ini not found
2026-09-04 15:56:56 Test: checking presence /etc/opt/remi/php74/php.ini
2026-09-04 15:56:56 Result: file /etc/opt/remi/php74/php.ini not found
2026-09-04 15:56:56 Test: checking presence /etc/php-5.6.ini
2026-09-04 15:56:56 Result: file /etc/php-5.6.ini not found
2026-09-04 15:56:56 Test: checking presence /etc/php-7.0.ini
2026-09-04 15:56:56 Result: file /etc/php-7.0.ini not found
2026-09-04 15:56:56 Test: checking presence /etc/php-7.1.ini
2026-09-04 15:56:56 Result: file /etc/php-7.1.ini not found
2026-09-04 15:56:57 Test: checking presence /etc/php-7.2.ini
2026-09-04 15:56:57 Result: file /etc/php-7.2.ini not found
2026-09-04 15:56:57 Test: checking presence /etc/php-7.3.ini
2026-09-04 15:56:57 Result: file /etc/php-7.3.ini not found
2026-09-04 15:56:57 Test: checking presence /etc/php-7.4.ini
2026-09-04 15:56:57 Result: file /etc/php-7.4.ini not found
2026-09-04 15:56:57 Result: no files found for /etc/php5/conf.d
2026-09-04 15:56:57 Result: no files found for /etc/php/7.0/cli/conf.d
2026-09-04 15:56:57 Result: no files found for /etc/php/7.1/cli/conf.d
2026-09-04 15:56:57 Result: no files found for /etc/php/7.2/cli/conf.d
2026-09-04 15:56:57 Result: no files found for /etc/php/7.3/cli/conf.d
2026-09-04 15:56:57 Result: no files found for /etc/php/7.4/cli/conf.d
2026-09-04 15:56:57 Result: no files found for /etc/php/7.0/fpm/conf.d
2026-09-04 15:56:57 Result: no files found for /etc/php/7.1/fpm/conf.d
2026-09-04 15:56:57 Result: no files found for /etc/php/7.2/fpm/conf.d
2026-09-04 15:56:57 Result: no files found for /etc/php/7.3/fpm/conf.d
2026-09-04 15:56:58 Result: no files found for /etc/php/7.4/fpm/conf.d
2026-09-04 15:56:58 Result: no files found for /etc/php.d
2026-09-04 15:56:58 Result: no files found for /opt/cpanel/ea-php54/root/etc/php.d
2026-09-04 15:56:58 Result: no files found for /opt/cpanel/ea-php55/root/etc/php.d
2026-09-04 15:56:58 Result: no files found for /opt/cpanel/ea-php56/root/etc/php.d
2026-09-04 15:56:58 Result: no files found for /opt/cpanel/ea-php70/root/etc/php.d
2026-09-04 15:56:58 Result: no files found for /opt/cpanel/ea-php71/root/etc/php.d
2026-09-04 15:56:58 Result: no files found for /opt/cpanel/ea-php72/root/etc/php.d
2026-09-04 15:56:58 Result: no files found for /opt/cpanel/ea-php73/root/etc/php.d
2026-09-04 15:56:58 Result: no files found for /opt/cpanel/ea-php74/root/etc/php.d
2026-09-04 15:56:58 Result: no files found for /opt/alt/php44/etc/php.d.all
2026-09-04 15:56:59 Result: no files found for /opt/alt/php51/etc/php.d.all
2026-09-04 15:56:59 Result: no files found for /opt/alt/php52/etc/php.d.all
2026-09-04 15:56:59 Result: no files found for /opt/alt/php53/etc/php.d.all
2026-09-04 15:56:59 Result: no files found for /opt/alt/php54/etc/php.d.all
2026-09-04 15:56:59 Result: no files found for /opt/alt/php55/etc/php.d.all
2026-09-04 15:56:59 Result: no files found for /opt/alt/php56/etc/php.d.all
2026-09-04 15:56:59 Result: no files found for /opt/alt/php70/etc/php.d.all
2026-09-04 15:56:59 Result: no files found for /opt/alt/php71/etc/php.d.all
2026-09-04 15:56:59 Result: no files found for /opt/alt/php72/etc/php.d.all
2026-09-04 15:56:59 Result: no files found for /opt/alt/php73/etc/php.d.all
2026-09-04 15:56:59 Result: no files found for /opt/alt/php74/etc/php.d.all
2026-09-04 15:56:59 Result: no files found for /usr/local/lib/php.conf.d
2026-09-04 15:56:59 Result: no files found for /usr/local/php70/lib/php.conf.d
2026-09-04 15:57:00 Result: no files found for /usr/local/php71/lib/php.conf.d
2026-09-04 15:57:00 Result: no files found for /usr/local/php72/lib/php.conf.d
2026-09-04 15:57:00 Result: no files found for /usr/local/php73/lib/php.conf.d
2026-09-04 15:57:00 Result: no files found for /usr/local/php74/lib/php.conf.d
2026-09-04 15:57:00 Result: no files found for /etc/php-5.6
2026-09-04 15:57:00 Result: no files found for /etc/php-7.0
2026-09-04 15:57:00 Result: no files found for /etc/php-7.1
2026-09-04 15:57:00 Result: no files found for /etc/php-7.2
2026-09-04 15:57:00 Result: no files found for /etc/php-7.3
2026-09-04 15:57:00 Result: no files found for /etc/php-7.4
2026-09-04 15:57:00 Result: no php.ini file found
2026-09-04 15:57:00 ====
2026-09-04 15:57:00 Skipped test PHP-2320 (Check PHP disabled functions)
2026-09-04 15:57:00 Reason to skip: Prerequisites not met (ie missing tool, other type of Linux distribution)
2026-09-04 15:57:00 ====
2026-09-04 15:57:01 Skipped test PHP-2368 (Check PHP register_globals option)
2026-09-04 15:57:01 Reason to skip: Prerequisites not met (ie missing tool, other type of Linux distribution)
2026-09-04 15:57:01 ====
2026-09-04 15:57:01 Skipped test PHP-2372 (Check PHP expose_php option)
2026-09-04 15:57:01 Reason to skip: Prerequisites not met (ie missing tool, other type of Linux distribution)
2026-09-04 15:57:01 ====
2026-09-04 15:57:01 Skipped test PHP-2374 (Check PHP enable_dl option)
2026-09-04 15:57:01 Reason to skip: Prerequisites not met (ie missing tool, other type of Linux distribution)
2026-09-04 15:57:01 ====
2026-09-04 15:57:01 Skipped test PHP-2376 (Check PHP allow_url_fopen option)
2026-09-04 15:57:01 Reason to skip: Prerequisites not met (ie missing tool, other type of Linux distribution)
2026-09-04 15:57:01 ====
2026-09-04 15:57:02 Skipped test PHP-2378 (Check PHP allow_url_include option)
2026-09-04 15:57:02 Reason to skip: Prerequisites not met (ie missing tool, other type of Linux distribution)
2026-09-04 15:57:02 ====
2026-09-04 15:57:02 Skipped test PHP-2382 (Check PHP expose_php option)
2026-09-04 15:57:02 Reason to skip: Prerequisites not met (ie missing tool, other type of Linux distribution)
2026-09-04 15:57:02 Security check: file is normal
2026-09-04 15:57:02 Checking permissions of /usr/share/lynis/include/tests_squid
2026-09-04 15:57:02 File permissions are OK
2026-09-04 15:57:02 ====
2026-09-04 15:57:02 Action: Performing tests from category: Squid Support
2026-09-04 15:57:02 ====
2026-09-04 15:57:03 Performing test ID SQD-3602 (Check for running Squid daemon)
2026-09-04 15:57:03 Test: Searching for a Squid daemon
2026-09-04 15:57:03 Result: No running Squid daemon found
2026-09-04 15:57:03 ====
2026-09-04 15:57:03 Skipped test SQD-3604 (Check Squid daemon file location)
2026-09-04 15:57:03 Reason to skip: Prerequisites not met (ie missing tool, other type of Linux distribution)
2026-09-04 15:57:03 ====
2026-09-04 15:57:03 Skipped test SQD-3606 (Check Squid version)
2026-09-04 15:57:03 Reason to skip: Prerequisites not met (ie missing tool, other type of Linux distribution)
2026-09-04 15:57:03 ====
2026-09-04 15:57:03 Skipped test SQD-3610 (Gather Squid settings)
2026-09-04 15:57:03 Reason to skip: Prerequisites not met (ie missing tool, other type of Linux distribution)
2026-09-04 15:57:03 ====
2026-09-04 15:57:04 Skipped test SQD-3613 (Check Squid file permissions)
2026-09-04 15:57:04 Reason to skip: Prerequisites not met (ie missing tool, other type of Linux distribution)
2026-09-04 15:57:04 ====
2026-09-04 15:57:04 Skipped test SQD-3614 (Check Squid authentication methods)
2026-09-04 15:57:04 Reason to skip: Prerequisites not met (ie missing tool, other type of Linux distribution)
2026-09-04 15:57:04 ====
2026-09-04 15:57:04 Skipped test SQD-3616 (Check external Squid authentication)
2026-09-04 15:57:04 Reason to skip: Prerequisites not met (ie missing tool, other type of Linux distribution)
2026-09-04 15:57:04 ====
2026-09-04 15:57:04 Skipped test SQD-3620 (Check Squid access control lists)
2026-09-04 15:57:04 Reason to skip: Prerequisites not met (ie missing tool, other type of Linux distribution)
2026-09-04 15:57:04 ====
2026-09-04 15:57:04 Skipped test SQD-3624 (Check Squid safe ports)
2026-09-04 15:57:04 Reason to skip: Prerequisites not met (ie missing tool, other type of Linux distribution)
2026-09-04 15:57:05 ====
2026-09-04 15:57:05 Skipped test SQD-3630 (Check Squid reply_body_max_size option)
2026-09-04 15:57:05 Reason to skip: Prerequisites not met (ie missing tool, other type of Linux distribution)
2026-09-04 15:57:05 ====
2026-09-04 15:57:05 Skipped test SQD-3680 (Check Squid version suppression)
2026-09-04 15:57:05 Reason to skip: Prerequisites not met (ie missing tool, other type of Linux distribution)
2026-09-04 15:57:05 Security check: file is normal
2026-09-04 15:57:05 Checking permissions of /usr/share/lynis/include/tests_logging
2026-09-04 15:57:05 File permissions are OK
2026-09-04 15:57:05 ====
2026-09-04 15:57:05 Action: Performing tests from category: Logging and files
2026-09-04 15:57:05 ====
2026-09-04 15:57:06 Performing test ID LOGG-2130 (Check for running syslog daemon)
2026-09-04 15:57:06 Test: Searching for a logging daemon
2026-09-04 15:57:06 Result: Found a logging daemon
2026-09-04 15:57:06 Hardening: assigned maximum number of hardening points for this item (3). Currently having 166 points (out of 250)
2026-09-04 15:57:06 ====
2026-09-04 15:57:06 Performing test ID LOGG-2132 (Check for running syslog-ng daemon)
2026-09-04 15:57:06 Test: Searching for syslog-ng daemon in process list
2026-09-04 15:57:06 Performing pgrep scan without uid
2026-09-04 15:57:06 IsRunning: process 'syslog-ng' not found
2026-09-04 15:57:06 Result: Syslog-ng NOT found in process list
2026-09-04 15:57:06 ====
2026-09-04 15:57:06 Skipped test LOGG-2134 (Checking Syslog-NG configuration file consistency)
2026-09-04 15:57:07 Reason to skip: Prerequisites not met (ie missing tool, other type of Linux distribution)
2026-09-04 15:57:07 ====
2026-09-04 15:57:07 Performing test ID LOGG-2136 (Check for running systemd journal daemon)
2026-09-04 15:57:07 Test: Searching for systemd journal daemon in process list
2026-09-04 15:57:07 Performing pgrep scan without uid
2026-09-04 15:57:07 IsRunning: process 'systemd-journal' found (292 )
2026-09-04 15:57:07 ====
2026-09-04 15:57:07 Performing test ID LOGG-2210 (Check for running metalog daemon)
2026-09-04 15:57:07 Test: Searching for metalog daemon in process list
2026-09-04 15:57:07 Performing pgrep scan without uid
2026-09-04 15:57:07 IsRunning: process 'metalog' not found
2026-09-04 15:57:07 Result: metalog NOT found in process list
2026-09-04 15:57:07 ====
2026-09-04 15:57:08 Performing test ID LOGG-2230 (Check for running RSyslog daemon)
2026-09-04 15:57:08 Test: Searching for RSyslog daemon in process list
2026-09-04 15:57:08 Performing pgrep scan without uid
2026-09-04 15:57:08 IsRunning: process 'rsyslogd' not found
2026-09-04 15:57:08 Result: rsyslogd NOT found in process list
2026-09-04 15:57:08 ====
2026-09-04 15:57:08 Performing test ID LOGG-2240 (Check for running RFC 3195 compliant daemon)
2026-09-04 15:57:08 Test: Searching for RFC 3195 daemon (alias syslog reliable) in process list
2026-09-04 15:57:08 Performing pgrep scan without uid
2026-09-04 15:57:08 IsRunning: process 'rfc3195d' not found
2026-09-04 15:57:08 Result: rfc3195d NOT found in process list
2026-09-04 15:57:08 ====
2026-09-04 15:57:08 Performing test ID LOGG-2138 (Checking kernel logger daemon on Linux)
2026-09-04 15:57:08 Test: Searching kernel logger daemon (klogd)
2026-09-04 15:57:08 Result: test skipped, because other facility is being used to log kernel messages
2026-09-04 15:57:08 ====
2026-09-04 15:57:09 Performing test ID LOGG-2142 (Checking minilog daemon)
2026-09-04 15:57:09 Result: Checking for unkilled minilogd instances
2026-09-04 15:57:09 Performing pgrep scan without uid
2026-09-04 15:57:09 IsRunning: process 'minilogd' not found
2026-09-04 15:57:09 Result: No minilogd is running
2026-09-04 15:57:09 ====
2026-09-04 15:57:09 Performing test ID LOGG-2146 (Checking logrotate.conf and logrotate.d)
2026-09-04 15:57:09 Test: Checking for /etc/logrotate.conf
2026-09-04 15:57:09 Result: /etc/logrotate.conf found (file)
2026-09-04 15:57:09 Test: Checking for /etc/logrotate.d (directory)
2026-09-04 15:57:09 Result: /etc/logrotate.d found
2026-09-04 15:57:09 Result: logrotate configuration found
2026-09-04 15:57:09 ====
2026-09-04 15:57:09 Performing test ID LOGG-2148 (Checking logrotated files)
2026-09-04 15:57:09 Test: Checking which files are rotated with logrotate and if they exist
2026-09-04 15:57:10 Result: found one or more files which are rotated via logrotate
2026-09-04 15:57:10 Output: File:/var/log/samba/log.samba:does_not_exist
2026-09-04 15:57:10 Output: File:/var/log/alternatives.log:exists
2026-09-04 15:57:10 Output: File:/var/log/apt/history.log:exists
2026-09-04 15:57:10 Output: File:/var/log/apt/term.log:exists
2026-09-04 15:57:10 Output: File:/var/log/btmp:exists
2026-09-04 15:57:10 Output: File:/var/log/dpkg.log:exists
2026-09-04 15:57:10 Output: File:/var/log/nginx/access.log:exists
2026-09-04 15:57:10 Output: File:/var/log/nginx/error.log:exists
2026-09-04 15:57:10 Output: File:/var/log/samba/log.nmbd:exists
2026-09-04 15:57:10 Output: File:/var/log/samba/log.samba:exists
2026-09-04 15:57:10 Output: File:/var/log/samba/log.smbd:exists
2026-09-04 15:57:10 Output: File:/var/log/wtmp:exists
2026-09-04 15:57:10 ====
2026-09-04 15:57:10 Performing test ID LOGG-2150 (Checking directories in logrotate configuration)
2026-09-04 15:57:10 Test: Checking which directories can be found in logrotate configuration
2026-09-04 15:57:10 Result: found one or more directories (via logrotate configuration)
2026-09-04 15:57:10 Directory found: /var/log
2026-09-04 15:57:10 Directory found: /var/log/apt
2026-09-04 15:57:10 Directory found: /var/log/nginx
2026-09-04 15:57:10 Directory found: /var/log/samba
2026-09-04 15:57:10 ====
2026-09-04 15:57:11 Skipped test LOGG-2152 (Checking loghost)
2026-09-04 15:57:11 Reason to skip: Incorrect guest OS (Solaris only)
2026-09-04 15:57:11 ====
2026-09-04 15:57:11 Skipped test LOGG-2153 (Checking loghost is localhost)
2026-09-04 15:57:11 Reason to skip: Prerequisites not met (ie missing tool, other type of Linux distribution)
2026-09-04 15:57:11 ====
2026-09-04 15:57:11 Performing test ID LOGG-2154 (Checking syslog configuration file)
2026-09-04 15:57:11 Result: no remote logging found
2026-09-04 15:57:11 Suggestion: Enable logging to an external logging host for archiving purposes and additional protection [test:LOGG-2154] [details:-] [solution:-]
2026-09-04 15:57:11 Hardening: assigned partial number of hardening points (1 of 3). Currently having 167 points (out of 253)
2026-09-04 15:57:11 ====
2026-09-04 15:57:11 Skipped test LOGG-2160 (Checking /etc/newsyslog.conf)
2026-09-04 15:57:11 Reason to skip: Prerequisites not met (ie missing tool, other type of Linux distribution)
2026-09-04 15:57:11 ====
2026-09-04 15:57:12 Skipped test LOGG-2162 (Checking directories in /etc/newsyslog.conf)
2026-09-04 15:57:12 Reason to skip: Prerequisites not met (ie missing tool, other type of Linux distribution)
2026-09-04 15:57:12 ====
2026-09-04 15:57:12 Skipped test LOGG-2164 (Checking files specified /etc/newsyslog.conf)
2026-09-04 15:57:12 Reason to skip: Prerequisites not met (ie missing tool, other type of Linux distribution)
2026-09-04 15:57:12 ====
2026-09-04 15:57:12 Performing test ID LOGG-2170 (Checking log paths)
2026-09-04 15:57:12 Test: Searching log paths
2026-09-04 15:57:12 Result: directory /var/log exists
2026-09-04 15:57:12 Result: directory /var/adm can't be found
2026-09-04 15:57:12 ====
2026-09-04 15:57:12 Performing test ID LOGG-2180 (Checking open log files)
2026-09-04 15:57:12 Test: checking open log files with lsof
2026-09-04 15:57:13 Found logfile: /var/log/nginx/access.log
2026-09-04 15:57:13 Found logfile: /var/log/nginx/error.log
2026-09-04 15:57:13 ====
2026-09-04 15:57:13 Performing test ID LOGG-2190 (Checking for deleted files in use)
2026-09-04 15:57:13 Test: checking deleted files that are still in use
2026-09-04 15:57:14 Result: no deleted files found
2026-09-04 15:57:14 ====
2026-09-04 15:57:14 Performing test ID LOGG-2192 (Checking for open log files that are empty)
2026-09-04 15:57:14 Result: all opened log files are bigger than zero bytes in size
2026-09-04 15:57:14 Security check: file is normal
2026-09-04 15:57:14 Checking permissions of /usr/share/lynis/include/tests_insecure_services
2026-09-04 15:57:15 File permissions are OK
2026-09-04 15:57:15 ====
2026-09-04 15:57:15 Action: Performing tests from category: Insecure services
2026-09-04 15:57:15 ====
2026-09-04 15:57:15 Performing test ID INSE-8000 (Installed inetd package)
2026-09-04 15:57:15 Test: Checking if inetd is installed
2026-09-04 15:57:16 Result: inetd is NOT installed
2026-09-04 15:57:16 ====
2026-09-04 15:57:16 Skipped test INSE-8002 (Check for enabled inet daemon)
2026-09-04 15:57:16 Reason to skip: Prerequisites not met (ie missing tool, other type of Linux distribution)
2026-09-04 15:57:16 ====
2026-09-04 15:57:16 Skipped test INSE-8004 (Presence of inetd configuration file)
2026-09-04 15:57:16 Reason to skip: Prerequisites not met (ie missing tool, other type of Linux distribution)
2026-09-04 15:57:16 ====
2026-09-04 15:57:16 Skipped test INSE-8006 (Check configuration of inetd when disabled)
2026-09-04 15:57:16 Reason to skip: Prerequisites not met (ie missing tool, other type of Linux distribution)
2026-09-04 15:57:16 ====
2026-09-04 15:57:17 Skipped test INSE-8016 (Check for telnet via inetd)
2026-09-04 15:57:17 Reason to skip: Prerequisites not met (ie missing tool, other type of Linux distribution)
2026-09-04 15:57:17 ====
2026-09-04 15:57:17 Performing test ID INSE-8100 (Check for installed xinetd daemon)
2026-09-04 15:57:17 Test: Checking for installed xinetd daemon
2026-09-04 15:57:17 Result: xinetd is NOT installed
2026-09-04 15:57:17 ====
2026-09-04 15:57:17 Performing test ID INSE-8102 (Check for active xinet daemon)
2026-09-04 15:57:17 Test: Searching for active extended internet services daemon (xinetd)
2026-09-04 15:57:17 Performing pgrep scan without uid
2026-09-04 15:57:17 IsRunning: process 'xinetd' not found
2026-09-04 15:57:17 Result: xinetd is NOT running
2026-09-04 15:57:17 ====
2026-09-04 15:57:18 Skipped test INSE-8104 (Check for enabled xinet daemon)
2026-09-04 15:57:18 Reason to skip: Prerequisites not met (ie missing tool, other type of Linux distribution)
2026-09-04 15:57:18 ====
2026-09-04 15:57:18 Skipped test INSE-8106 (Check configuration of xinetd when disabled)
2026-09-04 15:57:18 Reason to skip: Prerequisites not met (ie missing tool, other type of Linux distribution)
2026-09-04 15:57:18 ====
2026-09-04 15:57:18 Skipped test INSE-8116 (Insecure services enabled via xinetd)
2026-09-04 15:57:18 Reason to skip: Prerequisites not met (ie missing tool, other type of Linux distribution)
2026-09-04 15:57:18 ====
2026-09-04 15:57:18 Skipped test INSE-8200 (Check if tcp_wrappers is installed when inetd/xinetd is active)
2026-09-04 15:57:18 Reason to skip: Prerequisites not met (ie missing tool, other type of Linux distribution)
2026-09-04 15:57:18 ====
2026-09-04 15:57:18 Performing test ID INSE-8300 (Check if rsh client is installed)
2026-09-04 15:57:19 Test: Checking if rsh client is installed
2026-09-04 15:57:19 Result: rsh client is NOT installed
2026-09-04 15:57:19 ====
2026-09-04 15:57:19 Performing test ID INSE-8304 (Check if rsh server is installed)
2026-09-04 15:57:19 Test: Checking if rsh server is installed
2026-09-04 15:57:19 Result: rsh server is NOT installed
2026-09-04 15:57:19 ====
2026-09-04 15:57:19 Performing test ID INSE-8310 (Check if telnet client is installed)
2026-09-04 15:57:20 Test: Checking if telnet client is installed
2026-09-04 15:57:20 Result: telnet client is NOT installed
2026-09-04 15:57:20 ====
2026-09-04 15:57:20 Performing test ID INSE-8322 (Check if telnet server is installed)
2026-09-04 15:57:20 Test: Checking if telnet server is installed
2026-09-04 15:57:20 Result: telnet server is NOT installed
2026-09-04 15:57:20 ====
2026-09-04 15:57:20 Performing test ID INSE-8314 (Check if NIS client is installed)
2026-09-04 15:57:20 Test: Checking if NIS client is installed
2026-09-04 15:57:21 Result: NIS client is NOT installed
2026-09-04 15:57:21 ====
2026-09-04 15:57:21 Performing test ID INSE-8316 (Check if NIS server is installed)
2026-09-04 15:57:21 Test: Checking if NIS server is installed
2026-09-04 15:57:21 Result: NIS server is NOT installed
2026-09-04 15:57:21 ====
2026-09-04 15:57:21 Performing test ID INSE-8318 (Check if TFTP client is installed)
2026-09-04 15:57:21 Test: Checking if TFTP client is installed
2026-09-04 15:57:22 Result: TFTP client is NOT installed
2026-09-04 15:57:22 ====
2026-09-04 15:57:22 Performing test ID INSE-8320 (Check if TFTP server is installed)
2026-09-04 15:57:22 Test: Checking if TFTP server is installed
2026-09-04 15:57:23 Result: TFTP server is NOT installed
2026-09-04 15:57:23 ====
2026-09-04 15:57:23 Skipped test INSE-8050 (Check for insecure services on macOS)
2026-09-04 15:57:23 Reason to skip: Incorrect guest OS (macOS only)
2026-09-04 15:57:23 Security check: file is normal
2026-09-04 15:57:23 Checking permissions of /usr/share/lynis/include/tests_banners
2026-09-04 15:57:24 File permissions are OK
2026-09-04 15:57:24 ====
2026-09-04 15:57:24 Action: Performing tests from category: Banners and identification
2026-09-04 15:57:24 ====
2026-09-04 15:57:24 Skipped test BANN-7113 (Check COPYRIGHT banner file)
2026-09-04 15:57:24 Reason to skip: Incorrect guest OS (FreeBSD only)
2026-09-04 15:57:24 ====
2026-09-04 15:57:24 Performing test ID BANN-7124 (Check issue banner file)
2026-09-04 15:57:24 Test: Checking file /etc/issue
2026-09-04 15:57:24 ====
2026-09-04 15:57:24 Performing test ID BANN-7126 (Check issue banner file contents)
2026-09-04 15:57:24 Test: Checking file /etc/issue contents for legal key words
2026-09-04 15:57:25 Result: Found only 0 key words (5 or more suggested), to warn unauthorized users and could be increased
2026-09-04 15:57:25 Suggestion: Add a legal banner to /etc/issue, to warn unauthorized users [test:BANN-7126] [details:-] [solution:-]
2026-09-04 15:57:26 Hardening: assigned partial number of hardening points (0 of 1). Currently having 167 points (out of 254)
2026-09-04 15:57:26 ====
2026-09-04 15:57:26 Performing test ID BANN-7128 (Check issue.net banner file)
2026-09-04 15:57:26 Test: Checking file /etc/issue.net
2026-09-04 15:57:26 Result: file /etc/issue.net exists
2026-09-04 15:57:26 ====
2026-09-04 15:57:26 Performing test ID BANN-7130 (Check issue.net banner file contents)
2026-09-04 15:57:26 Test: Checking file /etc/issue.net contents for legal key words
2026-09-04 15:57:27 Result: Found only 0 key words, to warn unauthorized users and could be increased
2026-09-04 15:57:27 Suggestion: Add legal banner to /etc/issue.net, to warn unauthorized users [test:BANN-7130] [details:-] [solution:-]
2026-09-04 15:57:27 Hardening: assigned partial number of hardening points (0 of 1). Currently having 167 points (out of 255)
2026-09-04 15:57:27 Security check: file is normal
2026-09-04 15:57:27 Checking permissions of /usr/share/lynis/include/tests_scheduling
2026-09-04 15:57:28 File permissions are OK
2026-09-04 15:57:28 ====
2026-09-04 15:57:28 Action: Performing tests from category: Scheduled tasks
2026-09-04 15:57:28 ====
2026-09-04 15:57:28 Performing test ID SCHD-7702 (Check status of cron daemon)
2026-09-04 15:57:28 Result: cron daemon running
2026-09-04 15:57:28 ====
2026-09-04 15:57:29 Performing test ID SCHD-7704 (Check crontab/cronjobs)
2026-09-04 15:57:29 Found cronjob (/etc/crontab): 17,*,*,*,*,root,cd,/,&&,run-parts,--report,/etc/cron.hourly
2026-09-04 15:57:29 Found cronjob (/etc/crontab): 25,6,*,*,*,root,test,-x,/usr/sbin/anacron,||,{,cd,/,&&,run-parts,--report,/etc/cron.daily;,}
2026-09-04 15:57:29 Found cronjob (/etc/crontab): 47,6,*,*,7,root,test,-x,/usr/sbin/anacron,||,{,cd,/,&&,run-parts,--report,/etc/cron.weekly;,}
2026-09-04 15:57:29 Found cronjob (/etc/crontab): 52,6,1,*,*,root,test,-x,/usr/sbin/anacron,||,{,cd,/,&&,run-parts,--report,/etc/cron.monthly;,}
2026-09-04 15:57:29 Test: checking directory /etc/cron.d
2026-09-04 15:57:29 Test: check if we can access /etc/cron.d (escaped: /etc/cron.d)
2026-09-04 15:57:29 Result: file is owned by our current user ID (0), checking if it is readable
2026-09-04 15:57:29 Result: file /etc/cron.d is readable (or directory accessible).
2026-09-04 15:57:29 Result: found directory /etc/cron.d
2026-09-04 15:57:29 Test: searching files in /etc/cron.d
2026-09-04 15:57:29 Result: found one or more files in /etc/cron.d. Analyzing files..
2026-09-04 15:57:30 Result: Found cronjob (/etc/cron.d/e2scrub_all): 10,3,*,*,*,root,test,-e,/run/systemd/system,||,SERVICE_MODE=1,/sbin/e2scrub_all,-A,-r
2026-09-04 15:57:30 Result: Found cronjob (/etc/cron.d/e2scrub_all): 30,3,*,*,0,root,test,-e,/run/systemd/system,||,SERVICE_MODE=1,/usr/lib/x86_64-linux-gnu/e2fsprogs/e2scrub_all_cron
2026-09-04 15:57:30 Result: Found cronjob (/etc/cron.d/anacron): 30,7-23,*,*,*,root,[,-x,/etc/init.d/anacron,],&&,if,[,!,-d,/run/systemd/system,];,then,/usr/sbin/invoke-rc.d,anacron,start,>/dev/null;,fi
2026-09-04 15:57:30 Result: done with analyzing files in /etc/cron.d
2026-09-04 15:57:30 Test: checking directory /etc/cron.hourly
2026-09-04 15:57:30 Result: found directory /etc/cron.hourly
2026-09-04 15:57:30 Test: check if we can access /etc/cron.hourly (escaped: /etc/cron.hourly)
2026-09-04 15:57:30 Result: file is owned by our current user ID (0), checking if it is readable
2026-09-04 15:57:30 Result: file /etc/cron.hourly is readable (or directory accessible).
2026-09-04 15:57:30 Test: searching files in /etc/cron.hourly
2026-09-04 15:57:30 Result: no files found in /etc/cron.hourly
2026-09-04 15:57:31 Test: checking directory /etc/cron.daily
2026-09-04 15:57:31 Result: found directory /etc/cron.daily
2026-09-04 15:57:31 Test: check if we can access /etc/cron.daily (escaped: /etc/cron.daily)
2026-09-04 15:57:31 Result: file is owned by our current user ID (0), checking if it is readable
2026-09-04 15:57:31 Result: file /etc/cron.daily is readable (or directory accessible).
2026-09-04 15:57:31 Test: searching files in /etc/cron.daily
2026-09-04 15:57:31 Result: found one or more files in /etc/cron.daily. Analyzing files..
2026-09-04 15:57:31 Result: Found cronjob (/etc/cron.daily): /etc/cron.daily/man-db
2026-09-04 15:57:31 Result: Found cronjob (/etc/cron.daily): /etc/cron.daily/apt-compat
2026-09-04 15:57:32 Result: Found cronjob (/etc/cron.daily): /etc/cron.daily/logrotate
2026-09-04 15:57:32 Result: Found cronjob (/etc/cron.daily): /etc/cron.daily/samba
2026-09-04 15:57:32 Result: Found cronjob (/etc/cron.daily): /etc/cron.daily/dpkg
2026-09-04 15:57:32 Result: Found cronjob (/etc/cron.daily): /etc/cron.daily/0anacron
2026-09-04 15:57:32 Result: done with analyzing files in /etc/cron.daily
2026-09-04 15:57:33 Test: checking directory /etc/cron.weekly
2026-09-04 15:57:33 Result: found directory /etc/cron.weekly
2026-09-04 15:57:33 Test: check if we can access /etc/cron.weekly (escaped: /etc/cron.weekly)
2026-09-04 15:57:33 Result: file is owned by our current user ID (0), checking if it is readable
2026-09-04 15:57:33 Result: file /etc/cron.weekly is readable (or directory accessible).
2026-09-04 15:57:33 Test: searching files in /etc/cron.weekly
2026-09-04 15:57:33 Result: found one or more files in /etc/cron.weekly. Analyzing files..
2026-09-04 15:57:33 Result: Found cronjob (/etc/cron.weekly): /etc/cron.weekly/man-db
2026-09-04 15:57:33 Result: Found cronjob (/etc/cron.weekly): /etc/cron.weekly/0anacron
2026-09-04 15:57:33 Result: done with analyzing files in /etc/cron.weekly
2026-09-04 15:57:33 Test: checking directory /etc/cron.monthly
2026-09-04 15:57:33 Result: found directory /etc/cron.monthly
2026-09-04 15:57:34 Test: check if we can access /etc/cron.monthly (escaped: /etc/cron.monthly)
2026-09-04 15:57:34 Result: file is owned by our current user ID (0), checking if it is readable
2026-09-04 15:57:34 Result: file /etc/cron.monthly is readable (or directory accessible).
2026-09-04 15:57:34 Test: searching files in /etc/cron.monthly
2026-09-04 15:57:34 Result: found one or more files in /etc/cron.monthly. Analyzing files..
2026-09-04 15:57:34 Result: Found cronjob (/etc/cron.monthly): /etc/cron.monthly/0anacron
2026-09-04 15:57:34 Result: done with analyzing files in /etc/cron.monthly
2026-09-04 15:57:34 Test: checking anacrontab
2026-09-04 15:57:34 Found anacron job (/etc/anacrontab): 1,5,cron.daily,run-parts,--report,/etc/cron.daily
2026-09-04 15:57:34 Found anacron job (/etc/anacrontab): 7,10,cron.weekly,run-parts,--report,/etc/cron.weekly
2026-09-04 15:57:34 Found anacron job (/etc/anacrontab): @monthly,15,cron.monthly,run-parts,--report,/etc/cron.monthly
2026-09-04 15:57:34 ====
2026-09-04 15:57:34 Performing test ID SCHD-7718 (Check at users)
2026-09-04 15:57:34 Test: Checking atd status
2026-09-04 15:57:35 Result: at daemon not active
2026-09-04 15:57:35 ====
2026-09-04 15:57:35 Skipped test SCHD-7720 (Check at users)
2026-09-04 15:57:35 Reason to skip: Prerequisites not met (ie missing tool, other type of Linux distribution)
2026-09-04 15:57:35 ====
2026-09-04 15:57:35 Skipped test SCHD-7724 (Check at jobs)
2026-09-04 15:57:35 Reason to skip: Prerequisites not met (ie missing tool, other type of Linux distribution)
2026-09-04 15:57:35 Result: no scheduled Lynis execution found (e.g. crontab, cronjob)
2026-09-04 15:57:35 Security check: file is normal
2026-09-04 15:57:35 Checking permissions of /usr/share/lynis/include/tests_accounting
2026-09-04 15:57:35 File permissions are OK
2026-09-04 15:57:36 ====
2026-09-04 15:57:36 Action: Performing tests from category: Accounting
2026-09-04 15:57:36 ====
2026-09-04 15:57:36 Skipped test ACCT-2754 (Check for available FreeBSD accounting information)
2026-09-04 15:57:36 Reason to skip: Incorrect guest OS (FreeBSD only)
2026-09-04 15:57:36 ====
2026-09-04 15:57:36 Skipped test ACCT-2760 (Check for available OpenBSD accounting information)
2026-09-04 15:57:36 Reason to skip: Incorrect guest OS (OpenBSD only)
2026-09-04 15:57:36 ====
2026-09-04 15:57:36 Performing test ID ACCT-9622 (Check for available Linux accounting information)
2026-09-04 15:57:36 Test: Check accounting information
2026-09-04 15:57:36 Result: No accounting information available (/var/account/pacct, /var/log/account/pacct nor /var/log/pacct exist)
2026-09-04 15:57:36 Remark: Possibly there is another location where the accounting data is stored
2026-09-04 15:57:36 Suggestion: Enable process accounting [test:ACCT-9622] [details:-] [solution:-]
2026-09-04 15:57:36 Hardening: assigned partial number of hardening points (2 of 3). Currently having 169 points (out of 258)
2026-09-04 15:57:36 ====
2026-09-04 15:57:37 Performing test ID ACCT-9626 (Check for sysstat accounting data)
2026-09-04 15:57:37 Test: check /etc/default/sysstat presence
2026-09-04 15:57:37 Result: sysstat not found via /etc/default/sysstat or /etc/cron.d/sysstat or as a systemd unit
2026-09-04 15:57:37 Suggestion: Enable sysstat to collect accounting (no results) [test:ACCT-9626] [details:-] [solution:-]
2026-09-04 15:57:37 ====
2026-09-04 15:57:37 Performing test ID ACCT-9628 (Check for auditd)
2026-09-04 15:57:37 Test: Check auditd status
2026-09-04 15:57:37 Performing pgrep scan without uid
2026-09-04 15:57:37 IsRunning: process 'auditd' not found
2026-09-04 15:57:37 Result: auditd not active
2026-09-04 15:57:37 Suggestion: Enable auditd to collect audit information [test:ACCT-9628] [details:-] [solution:-]
2026-09-04 15:57:37 Hardening: assigned partial number of hardening points (0 of 1). Currently having 169 points (out of 259)
2026-09-04 15:57:37 ====
2026-09-04 15:57:37 Skipped test ACCT-9630 (Check for auditd rules)
2026-09-04 15:57:37 Reason to skip: Prerequisites not met (ie missing tool, other type of Linux distribution)
2026-09-04 15:57:37 ====
2026-09-04 15:57:38 Skipped test ACCT-9632 (Check for auditd configuration file)
2026-09-04 15:57:38 Reason to skip: Prerequisites not met (ie missing tool, other type of Linux distribution)
2026-09-04 15:57:38 ====
2026-09-04 15:57:38 Skipped test ACCT-9634 (Check for auditd log file)
2026-09-04 15:57:38 Reason to skip: Prerequisites not met (ie missing tool, other type of Linux distribution)
2026-09-04 15:57:38 ====
2026-09-04 15:57:38 Performing test ID ACCT-9636 (Check for Snoopy wrapper and logger)
2026-09-04 15:57:38 ====
2026-09-04 15:57:38 Skipped test ACCT-9650 (Check Solaris audit daemon)
2026-09-04 15:57:38 Reason to skip: Incorrect guest OS (Solaris only)
2026-09-04 15:57:38 ====
2026-09-04 15:57:39 Skipped test ACCT-9652 (Check auditd SMF status)
2026-09-04 15:57:39 Reason to skip: Incorrect guest OS (Solaris only)
2026-09-04 15:57:39 ====
2026-09-04 15:57:39 Skipped test ACCT-9654 (Check BSM auditing in /etc/system)
2026-09-04 15:57:39 Reason to skip: Incorrect guest OS (Solaris only)
2026-09-04 15:57:39 ====
2026-09-04 15:57:39 Skipped test ACCT-9656 (Check BSM auditing in module list)
2026-09-04 15:57:39 Reason to skip: Incorrect guest OS (Solaris only)
2026-09-04 15:57:39 ====
2026-09-04 15:57:39 Skipped test ACCT-9660 (Check location of audit events)
2026-09-04 15:57:39 Reason to skip: Incorrect guest OS (Solaris only)
2026-09-04 15:57:39 ====
2026-09-04 15:57:40 Skipped test ACCT-9662 (Check Solaris auditing stats)
2026-09-04 15:57:40 Reason to skip: Incorrect guest OS (Solaris only)
2026-09-04 15:57:40 ====
2026-09-04 15:57:40 Skipped test ACCT-9670 (Check for cmd)
2026-09-04 15:57:40 Reason to skip: Prerequisites not met (ie missing tool, other type of Linux distribution)
2026-09-04 15:57:40 ====
2026-09-04 15:57:40 Skipped test ACCT-9672 (Check for cmd configuration file)
2026-09-04 15:57:40 Reason to skip: Prerequisites not met (ie missing tool, other type of Linux distribution)
2026-09-04 15:57:40 Security check: file is normal
2026-09-04 15:57:40 Checking permissions of /usr/share/lynis/include/tests_time
2026-09-04 15:57:40 File permissions are OK
2026-09-04 15:57:40 ====
2026-09-04 15:57:40 Action: Performing tests from category: Time and Synchronization
2026-09-04 15:57:41 ====
2026-09-04 15:57:41 Performing test ID TIME-3104 (Check for running NTP daemon or client)
2026-09-04 15:57:41 Test: Searching for a running NTP daemon or available client
2026-09-04 15:57:41 Result: no chrony configuration found
2026-09-04 15:57:41 Performing pgrep scan without uid
2026-09-04 15:57:41 IsRunning: process 'dntpd' not found
2026-09-04 15:57:41 Performing pgrep scan without uid
2026-09-04 15:57:41 IsRunning: process 'timed' not found
2026-09-04 15:57:41 Test: checking for ntpdate, rdate, sntp or ntpdig in crontab file /etc/anacrontab
2026-09-04 15:57:41 Result: no ntpdate, rdate, sntp or ntpdig reference found in crontab file /etc/anacrontab
2026-09-04 15:57:41 Test: checking for ntpdate, rdate, sntp or ntpdig in crontab file /etc/crontab
2026-09-04 15:57:42 Result: no ntpdate, rdate, sntp or ntpdig reference found in crontab file /etc/crontab
2026-09-04 15:57:42 Test: checking for ntpdate, rdate, sntp or ntpdig in /etc/cron.d/anacron
2026-09-04 15:57:42 Test: checking for ntpdate, rdate, sntp or ntpdig in /etc/cron.d/e2scrub_all
2026-09-04 15:57:42 Test: checking for ntpdate, rdate, sntp or ntpdig in /etc/cron.daily/0anacron
2026-09-04 15:57:42 Test: checking for ntpdate, rdate, sntp or ntpdig in /etc/cron.daily/apt-compat
2026-09-04 15:57:42 Test: checking for ntpdate, rdate, sntp or ntpdig in /etc/cron.daily/dpkg
2026-09-04 15:57:43 Test: checking for ntpdate, rdate, sntp or ntpdig in /etc/cron.daily/logrotate
2026-09-04 15:57:43 Test: checking for ntpdate, rdate, sntp or ntpdig in /etc/cron.daily/man-db
2026-09-04 15:57:43 Test: checking for ntpdate, rdate, sntp or ntpdig in /etc/cron.daily/samba
2026-09-04 15:57:43 Test: checking for ntpdate, rdate, sntp or ntpdig in /etc/cron.weekly/0anacron
2026-09-04 15:57:43 Test: checking for ntpdate, rdate, sntp or ntpdig in /etc/cron.weekly/man-db
2026-09-04 15:57:43 Test: checking for ntpdate, rdate, sntp or ntpdig in /etc/cron.monthly/0anacron
2026-09-04 15:57:44 Result: no ntpdate or rdate found in cron directories
2026-09-04 15:57:44 Test: checking for file /etc/network/if-up.d/ntpdate
2026-09-04 15:57:44 Result: file /etc/network/if-up.d/ntpdate does not exist
2026-09-04 15:57:44 Result: Skipping display warning, as virtual machines usually don't need time synchronization in the VM itself
2026-09-04 15:57:44 ====
2026-09-04 15:57:44 Skipped test TIME-3106 (Check systemd NTP time synchronization status)
2026-09-04 15:57:44 Reason to skip: Prerequisites not met (ie missing tool, other type of Linux distribution)
2026-09-04 15:57:44 ====
2026-09-04 15:57:44 Skipped test TIME-3112 (Check active NTP associations ID's)
2026-09-04 15:57:44 Reason to skip: Prerequisites not met (ie missing tool, other type of Linux distribution)
2026-09-04 15:57:44 ====
2026-09-04 15:57:44 Skipped test TIME-3116 (Check peers with stratum value of 16)
2026-09-04 15:57:44 Reason to skip: Prerequisites not met (ie missing tool, other type of Linux distribution)
2026-09-04 15:57:44 ====
2026-09-04 15:57:44 Skipped test TIME-3120 (Check unreliable NTP peers)
2026-09-04 15:57:44 Reason to skip: Prerequisites not met (ie missing tool, other type of Linux distribution)
2026-09-04 15:57:45 ====
2026-09-04 15:57:45 Skipped test TIME-3124 (Check selected time source)
2026-09-04 15:57:45 Reason to skip: Prerequisites not met (ie missing tool, other type of Linux distribution)
2026-09-04 15:57:45 ====
2026-09-04 15:57:45 Skipped test TIME-3128 (Check preferred time source)
2026-09-04 15:57:45 Reason to skip: Prerequisites not met (ie missing tool, other type of Linux distribution)
2026-09-04 15:57:45 ====
2026-09-04 15:57:45 Skipped test TIME-3132 (Check NTP falsetickers)
2026-09-04 15:57:45 Reason to skip: Prerequisites not met (ie missing tool, other type of Linux distribution)
2026-09-04 15:57:45 ====
2026-09-04 15:57:45 Skipped test TIME-3136 (Check NTP protocol version)
2026-09-04 15:57:45 Reason to skip: Prerequisites not met (ie missing tool, other type of Linux distribution)
2026-09-04 15:57:45 ====
2026-09-04 15:57:46 Performing test ID TIME-3148 (Check TZ variable)
2026-09-04 15:57:46 Test: testing for TZ variable
2026-09-04 15:57:46 Result: found TZ variable with value notset
2026-09-04 15:57:46 ====
2026-09-04 15:57:46 Skipped test TIME-3160 (Check empty NTP step-tickers)
2026-09-04 15:57:46 Reason to skip: Prerequisites not met (ie missing tool, other type of Linux distribution)
2026-09-04 15:57:46 ====
2026-09-04 15:57:46 Performing test ID TIME-3170 (Check configuration files)
2026-09-04 15:57:46 ====
2026-09-04 15:57:46 Skipped test TIME-3180 (Report if ntpctl cannot communicate with OpenNTPD)
2026-09-04 15:57:46 Reason to skip: Prerequisites not met (ie missing tool, other type of Linux distribution)
2026-09-04 15:57:46 ====
2026-09-04 15:57:47 Skipped test TIME-3181 (Check status of OpenNTPD time synchronisation)
2026-09-04 15:57:47 Reason to skip: Prerequisites not met (ie missing tool, other type of Linux distribution)
2026-09-04 15:57:47 ====
2026-09-04 15:57:47 Skipped test TIME-3182 (Check OpenNTPD has working peers)
2026-09-04 15:57:47 Reason to skip: Prerequisites not met (ie missing tool, other type of Linux distribution)
2026-09-04 15:57:47 ====
2026-09-04 15:57:47 Skipped test TIME-3185 (Check systemd-timesyncd synchronized time)
2026-09-04 15:57:47 Reason to skip: Prerequisites not met (ie missing tool, other type of Linux distribution)
2026-09-04 15:57:47 Security check: file is normal
2026-09-04 15:57:47 Checking permissions of /usr/share/lynis/include/tests_crypto
2026-09-04 15:57:48 File permissions are OK
2026-09-04 15:57:48 ====
2026-09-04 15:57:48 Action: Performing tests from category: Cryptography
2026-09-04 15:57:48 ====
2026-09-04 15:57:48 Performing test ID CRYP-7902 (Check expire date of SSL certificates)
2026-09-04 15:57:48 Paths to scan: /etc/apache2 /etc/dovecot /etc/httpd /etc/letsencrypt /etc/pki /etc/postfix /etc/refind.d/keys /etc/ssl /opt/psa/var/certificates /usr/local/psa/var/certificates /usr/local/share/ca-certificates /usr/share/ca-certificates /usr/share/gnupg /var/www /srv/www
2026-09-04 15:57:48 Paths to ignore: /etc/letsencrypt/archive
2026-09-04 15:57:48 Result: SSL path /etc/apache2 does not exist
2026-09-04 15:57:49 Result: SSL path /etc/dovecot does not exist
2026-09-04 15:57:49 Result: SSL path /etc/httpd does not exist
2026-09-04 15:57:49 Result: SSL path /etc/letsencrypt does not exist
2026-09-04 15:57:49 Result: SSL path /etc/pki does not exist
2026-09-04 15:57:49 Result: SSL path /etc/postfix does not exist
2026-09-04 15:57:49 Result: SSL path /etc/refind.d/keys does not exist
2026-09-04 15:57:49 Test: check if we can access /etc/ssl (escaped: /etc/ssl)
2026-09-04 15:57:49 Result: file is owned by our current user ID (0), checking if it is readable
2026-09-04 15:57:49 Result: file /etc/ssl is readable (or directory accessible).
2026-09-04 15:57:49 Result: found directory /etc/ssl
2026-09-04 15:57:50 Test: check if we can access /etc/ssl/certs/ca-certificates.crt (escaped: /etc/ssl/certs/ca-certificates.crt)
2026-09-04 15:57:50 Result: file is owned by our current user ID (0), checking if it is readable
2026-09-04 15:57:50 Result: file /etc/ssl/certs/ca-certificates.crt is readable (or directory accessible).
2026-09-04 15:57:50 Result: file '/etc/ssl/certs/ca-certificates.crt' does most likely not belong to a package
2026-09-04 15:57:51 Result: file is a certificate file
2026-09-04 15:57:52 Result: certificate /etc/ssl/certs/ca-certificates.crt seems to be correct and still valid
2026-09-04 15:57:52 Result: found 1 certificates in /etc/ssl
2026-09-04 15:57:52 Result: SSL path /opt/psa/var/certificates does not exist
2026-09-04 15:57:52 Result: SSL path /usr/local/psa/var/certificates does not exist
2026-09-04 15:57:52 Test: check if we can access /usr/local/share/ca-certificates (escaped: /usr/local/share/ca-certificates)
2026-09-04 15:57:52 Result: file is owned by our current user ID (0), checking if it is readable
2026-09-04 15:57:52 Result: file /usr/local/share/ca-certificates is readable (or directory accessible).
2026-09-04 15:57:52 Result: found directory /usr/local/share/ca-certificates
2026-09-04 15:57:53 Result: found 0 certificates in /usr/local/share/ca-certificates
2026-09-04 15:57:53 Test: check if we can access /usr/share/ca-certificates (escaped: /usr/share/ca-certificates)
2026-09-04 15:57:53 Result: file is owned by our current user ID (0), checking if it is readable
2026-09-04 15:57:53 Result: file /usr/share/ca-certificates is readable (or directory accessible).
2026-09-04 15:57:53 Result: found directory /usr/share/ca-certificates
2026-09-04 15:57:54 Test: check if we can access /usr/share/ca-certificates/mozilla/ACCVRAIZ1.crt (escaped: /usr/share/ca-certificates/mozilla/ACCVRAIZ1.crt)
2026-09-04 15:57:54 Result: file is owned by our current user ID (0), checking if it is readable
2026-09-04 15:57:54 Result: file /usr/share/ca-certificates/mozilla/ACCVRAIZ1.crt is readable (or directory accessible).
2026-09-04 15:57:54 Result: file '/usr/share/ca-certificates/mozilla/ACCVRAIZ1.crt' belongs to package (ca-certificates)
2026-09-04 15:57:54 Test: check if we can access /usr/share/ca-certificates/mozilla/AC_RAIZ_FNMT-RCM.crt (escaped: /usr/share/ca-certificates/mozilla/AC_RAIZ_FNMT-RCM.crt)
2026-09-04 15:57:54 Result: file is owned by our current user ID (0), checking if it is readable
2026-09-04 15:57:55 Result: file /usr/share/ca-certificates/mozilla/AC_RAIZ_FNMT-RCM.crt is readable (or directory accessible).
2026-09-04 15:57:55 Result: file '/usr/share/ca-certificates/mozilla/AC_RAIZ_FNMT-RCM.crt' belongs to package (ca-certificates)
2026-09-04 15:57:55 Test: check if we can access /usr/share/ca-certificates/mozilla/AC_RAIZ_FNMT-RCM_SERVIDORES_SEGUROS.crt (escaped: /usr/share/ca-certificates/mozilla/AC_RAIZ_FNMT-RCM_SERVIDORES_SEGUROS.crt)
2026-09-04 15:57:55 Result: file is owned by our current user ID (0), checking if it is readable
2026-09-04 15:57:55 Result: file /usr/share/ca-certificates/mozilla/AC_RAIZ_FNMT-RCM_SERVIDORES_SEGUROS.crt is readable (or directory accessible).
2026-09-04 15:57:56 Result: file '/usr/share/ca-certificates/mozilla/AC_RAIZ_FNMT-RCM_SERVIDORES_SEGUROS.crt' belongs to package (ca-certificates)
2026-09-04 15:57:56 Test: check if we can access /usr/share/ca-certificates/mozilla/ANF_Secure_Server_Root_CA.crt (escaped: /usr/share/ca-certificates/mozilla/ANF_Secure_Server_Root_CA.crt)
2026-09-04 15:57:56 Result: file is owned by our current user ID (0), checking if it is readable
2026-09-04 15:57:56 Result: file /usr/share/ca-certificates/mozilla/ANF_Secure_Server_Root_CA.crt is readable (or directory accessible).
2026-09-04 15:57:56 Result: file '/usr/share/ca-certificates/mozilla/ANF_Secure_Server_Root_CA.crt' belongs to package (ca-certificates)
2026-09-04 15:57:56 Test: check if we can access /usr/share/ca-certificates/mozilla/Actalis_Authentication_Root_CA.crt (escaped: /usr/share/ca-certificates/mozilla/Actalis_Authentication_Root_CA.crt)
2026-09-04 15:57:56 Result: file is owned by our current user ID (0), checking if it is readable
2026-09-04 15:57:57 Result: file /usr/share/ca-certificates/mozilla/Actalis_Authentication_Root_CA.crt is readable (or directory accessible).
2026-09-04 15:57:57 Result: file '/usr/share/ca-certificates/mozilla/Actalis_Authentication_Root_CA.crt' belongs to package (ca-certificates)
2026-09-04 15:57:57 Test: check if we can access /usr/share/ca-certificates/mozilla/AffirmTrust_Commercial.crt (escaped: /usr/share/ca-certificates/mozilla/AffirmTrust_Commercial.crt)
2026-09-04 15:57:57 Result: file is owned by our current user ID (0), checking if it is readable
2026-09-04 15:57:57 Result: file /usr/share/ca-certificates/mozilla/AffirmTrust_Commercial.crt is readable (or directory accessible).
2026-09-04 15:57:58 Result: file '/usr/share/ca-certificates/mozilla/AffirmTrust_Commercial.crt' belongs to package (ca-certificates)
2026-09-04 15:57:58 Test: check if we can access /usr/share/ca-certificates/mozilla/AffirmTrust_Networking.crt (escaped: /usr/share/ca-certificates/mozilla/AffirmTrust_Networking.crt)
2026-09-04 15:57:58 Result: file is owned by our current user ID (0), checking if it is readable
2026-09-04 15:57:58 Result: file /usr/share/ca-certificates/mozilla/AffirmTrust_Networking.crt is readable (or directory accessible).
2026-09-04 15:57:58 Result: file '/usr/share/ca-certificates/mozilla/AffirmTrust_Networking.crt' belongs to package (ca-certificates)
2026-09-04 15:57:58 Test: check if we can access /usr/share/ca-certificates/mozilla/AffirmTrust_Premium.crt (escaped: /usr/share/ca-certificates/mozilla/AffirmTrust_Premium.crt)
2026-09-04 15:57:59 Result: file is owned by our current user ID (0), checking if it is readable
2026-09-04 15:57:59 Result: file /usr/share/ca-certificates/mozilla/AffirmTrust_Premium.crt is readable (or directory accessible).
2026-09-04 15:57:59 Result: file '/usr/share/ca-certificates/mozilla/AffirmTrust_Premium.crt' belongs to package (ca-certificates)
2026-09-04 15:57:59 Test: check if we can access /usr/share/ca-certificates/mozilla/AffirmTrust_Premium_ECC.crt (escaped: /usr/share/ca-certificates/mozilla/AffirmTrust_Premium_ECC.crt)
2026-09-04 15:57:59 Result: file is owned by our current user ID (0), checking if it is readable
2026-09-04 15:58:00 Result: file /usr/share/ca-certificates/mozilla/AffirmTrust_Premium_ECC.crt is readable (or directory accessible).
2026-09-04 15:58:00 Result: file '/usr/share/ca-certificates/mozilla/AffirmTrust_Premium_ECC.crt' belongs to package (ca-certificates)
2026-09-04 15:58:00 Test: check if we can access /usr/share/ca-certificates/mozilla/Amazon_Root_CA_1.crt (escaped: /usr/share/ca-certificates/mozilla/Amazon_Root_CA_1.crt)
2026-09-04 15:58:00 Result: file is owned by our current user ID (0), checking if it is readable
2026-09-04 15:58:00 Result: file /usr/share/ca-certificates/mozilla/Amazon_Root_CA_1.crt is readable (or directory accessible).
2026-09-04 15:58:01 Result: file '/usr/share/ca-certificates/mozilla/Amazon_Root_CA_1.crt' belongs to package (ca-certificates)
2026-09-04 15:58:01 Test: check if we can access /usr/share/ca-certificates/mozilla/Amazon_Root_CA_2.crt (escaped: /usr/share/ca-certificates/mozilla/Amazon_Root_CA_2.crt)
2026-09-04 15:58:01 Result: file is owned by our current user ID (0), checking if it is readable
2026-09-04 15:58:01 Result: file /usr/share/ca-certificates/mozilla/Amazon_Root_CA_2.crt is readable (or directory accessible).
2026-09-04 15:58:01 Result: file '/usr/share/ca-certificates/mozilla/Amazon_Root_CA_2.crt' belongs to package (ca-certificates)
2026-09-04 15:58:01 Test: check if we can access /usr/share/ca-certificates/mozilla/Amazon_Root_CA_3.crt (escaped: /usr/share/ca-certificates/mozilla/Amazon_Root_CA_3.crt)
2026-09-04 15:58:01 Result: file is owned by our current user ID (0), checking if it is readable
2026-09-04 15:58:02 Result: file /usr/share/ca-certificates/mozilla/Amazon_Root_CA_3.crt is readable (or directory accessible).
2026-09-04 15:58:02 Result: file '/usr/share/ca-certificates/mozilla/Amazon_Root_CA_3.crt' belongs to package (ca-certificates)
2026-09-04 15:58:02 Test: check if we can access /usr/share/ca-certificates/mozilla/Amazon_Root_CA_4.crt (escaped: /usr/share/ca-certificates/mozilla/Amazon_Root_CA_4.crt)
2026-09-04 15:58:02 Result: file is owned by our current user ID (0), checking if it is readable
2026-09-04 15:58:02 Result: file /usr/share/ca-certificates/mozilla/Amazon_Root_CA_4.crt is readable (or directory accessible).
2026-09-04 15:58:03 Result: file '/usr/share/ca-certificates/mozilla/Amazon_Root_CA_4.crt' belongs to package (ca-certificates)
2026-09-04 15:58:03 Test: check if we can access /usr/share/ca-certificates/mozilla/Atos_TrustedRoot_2011.crt (escaped: /usr/share/ca-certificates/mozilla/Atos_TrustedRoot_2011.crt)
2026-09-04 15:58:03 Result: file is owned by our current user ID (0), checking if it is readable
2026-09-04 15:58:03 Result: file /usr/share/ca-certificates/mozilla/Atos_TrustedRoot_2011.crt is readable (or directory accessible).
2026-09-04 15:58:03 Result: file '/usr/share/ca-certificates/mozilla/Atos_TrustedRoot_2011.crt' belongs to package (ca-certificates)
2026-09-04 15:58:03 Test: check if we can access /usr/share/ca-certificates/mozilla/Autoridad_de_Certificacion_Firmaprofesional_CIF_A62634068.crt (escaped: /usr/share/ca-certificates/mozilla/Autoridad_de_Certificacion_Firmaprofesional_CIF_A62634068.crt)
2026-09-04 15:58:04 Result: file is owned by our current user ID (0), checking if it is readable
2026-09-04 15:58:04 Result: file /usr/share/ca-certificates/mozilla/Autoridad_de_Certificacion_Firmaprofesional_CIF_A62634068.crt is readable (or directory accessible).
2026-09-04 15:58:04 Result: file '/usr/share/ca-certificates/mozilla/Autoridad_de_Certificacion_Firmaprofesional_CIF_A62634068.crt' belongs to package (ca-certificates)
2026-09-04 15:58:04 Test: check if we can access /usr/share/ca-certificates/mozilla/Autoridad_de_Certificacion_Firmaprofesional_CIF_A62634068_2.crt (escaped: /usr/share/ca-certificates/mozilla/Autoridad_de_Certificacion_Firmaprofesional_CIF_A62634068_2.crt)
2026-09-04 15:58:04 Result: file is owned by our current user ID (0), checking if it is readable
2026-09-04 15:58:04 Result: file /usr/share/ca-certificates/mozilla/Autoridad_de_Certificacion_Firmaprofesional_CIF_A62634068_2.crt is readable (or directory accessible).
2026-09-04 15:58:05 Result: file '/usr/share/ca-certificates/mozilla/Autoridad_de_Certificacion_Firmaprofesional_CIF_A62634068_2.crt' belongs to package (ca-certificates)
2026-09-04 15:58:05 Test: check if we can access /usr/share/ca-certificates/mozilla/Baltimore_CyberTrust_Root.crt (escaped: /usr/share/ca-certificates/mozilla/Baltimore_CyberTrust_Root.crt)
2026-09-04 15:58:05 Result: file is owned by our current user ID (0), checking if it is readable
2026-09-04 15:58:05 Result: file /usr/share/ca-certificates/mozilla/Baltimore_CyberTrust_Root.crt is readable (or directory accessible).
2026-09-04 15:58:05 Result: file '/usr/share/ca-certificates/mozilla/Baltimore_CyberTrust_Root.crt' belongs to package (ca-certificates)
2026-09-04 15:58:05 Test: check if we can access /usr/share/ca-certificates/mozilla/Buypass_Class_2_Root_CA.crt (escaped: /usr/share/ca-certificates/mozilla/Buypass_Class_2_Root_CA.crt)
2026-09-04 15:58:06 Result: file is owned by our current user ID (0), checking if it is readable
2026-09-04 15:58:06 Result: file /usr/share/ca-certificates/mozilla/Buypass_Class_2_Root_CA.crt is readable (or directory accessible).
2026-09-04 15:58:06 Result: file '/usr/share/ca-certificates/mozilla/Buypass_Class_2_Root_CA.crt' belongs to package (ca-certificates)
2026-09-04 15:58:06 Test: check if we can access /usr/share/ca-certificates/mozilla/Buypass_Class_3_Root_CA.crt (escaped: /usr/share/ca-certificates/mozilla/Buypass_Class_3_Root_CA.crt)
2026-09-04 15:58:06 Result: file is owned by our current user ID (0), checking if it is readable
2026-09-04 15:58:06 Result: file /usr/share/ca-certificates/mozilla/Buypass_Class_3_Root_CA.crt is readable (or directory accessible).
2026-09-04 15:58:07 Result: file '/usr/share/ca-certificates/mozilla/Buypass_Class_3_Root_CA.crt' belongs to package (ca-certificates)
2026-09-04 15:58:07 Test: check if we can access /usr/share/ca-certificates/mozilla/CA_Disig_Root_R2.crt (escaped: /usr/share/ca-certificates/mozilla/CA_Disig_Root_R2.crt)
2026-09-04 15:58:07 Result: file is owned by our current user ID (0), checking if it is readable
2026-09-04 15:58:07 Result: file /usr/share/ca-certificates/mozilla/CA_Disig_Root_R2.crt is readable (or directory accessible).
2026-09-04 15:58:08 Result: file '/usr/share/ca-certificates/mozilla/CA_Disig_Root_R2.crt' belongs to package (ca-certificates)
2026-09-04 15:58:08 Test: check if we can access /usr/share/ca-certificates/mozilla/CFCA_EV_ROOT.crt (escaped: /usr/share/ca-certificates/mozilla/CFCA_EV_ROOT.crt)
2026-09-04 15:58:08 Result: file is owned by our current user ID (0), checking if it is readable
2026-09-04 15:58:08 Result: file /usr/share/ca-certificates/mozilla/CFCA_EV_ROOT.crt is readable (or directory accessible).
2026-09-04 15:58:09 Result: file '/usr/share/ca-certificates/mozilla/CFCA_EV_ROOT.crt' belongs to package (ca-certificates)
2026-09-04 15:58:09 Test: check if we can access /usr/share/ca-certificates/mozilla/COMODO_Certification_Authority.crt (escaped: /usr/share/ca-certificates/mozilla/COMODO_Certification_Authority.crt)
2026-09-04 15:58:09 Result: file is owned by our current user ID (0), checking if it is readable
2026-09-04 15:58:09 Result: file /usr/share/ca-certificates/mozilla/COMODO_Certification_Authority.crt is readable (or directory accessible).
2026-09-04 15:58:09 Result: file '/usr/share/ca-certificates/mozilla/COMODO_Certification_Authority.crt' belongs to package (ca-certificates)
2026-09-04 15:58:10 Test: check if we can access /usr/share/ca-certificates/mozilla/COMODO_ECC_Certification_Authority.crt (escaped: /usr/share/ca-certificates/mozilla/COMODO_ECC_Certification_Authority.crt)
2026-09-04 15:58:10 Result: file is owned by our current user ID (0), checking if it is readable
2026-09-04 15:58:10 Result: file /usr/share/ca-certificates/mozilla/COMODO_ECC_Certification_Authority.crt is readable (or directory accessible).
2026-09-04 15:58:10 Result: file '/usr/share/ca-certificates/mozilla/COMODO_ECC_Certification_Authority.crt' belongs to package (ca-certificates)
2026-09-04 15:58:10 Test: check if we can access /usr/share/ca-certificates/mozilla/COMODO_RSA_Certification_Authority.crt (escaped: /usr/share/ca-certificates/mozilla/COMODO_RSA_Certification_Authority.crt)
2026-09-04 15:58:10 Result: file is owned by our current user ID (0), checking if it is readable
2026-09-04 15:58:10 Result: file /usr/share/ca-certificates/mozilla/COMODO_RSA_Certification_Authority.crt is readable (or directory accessible).
2026-09-04 15:58:11 Result: file '/usr/share/ca-certificates/mozilla/COMODO_RSA_Certification_Authority.crt' belongs to package (ca-certificates)
2026-09-04 15:58:11 Test: check if we can access /usr/share/ca-certificates/mozilla/Certainly_Root_E1.crt (escaped: /usr/share/ca-certificates/mozilla/Certainly_Root_E1.crt)
2026-09-04 15:58:11 Result: file is owned by our current user ID (0), checking if it is readable
2026-09-04 15:58:11 Result: file /usr/share/ca-certificates/mozilla/Certainly_Root_E1.crt is readable (or directory accessible).
2026-09-04 15:58:11 Result: file '/usr/share/ca-certificates/mozilla/Certainly_Root_E1.crt' belongs to package (ca-certificates)
2026-09-04 15:58:12 Test: check if we can access /usr/share/ca-certificates/mozilla/Certainly_Root_R1.crt (escaped: /usr/share/ca-certificates/mozilla/Certainly_Root_R1.crt)
2026-09-04 15:58:12 Result: file is owned by our current user ID (0), checking if it is readable
2026-09-04 15:58:12 Result: file /usr/share/ca-certificates/mozilla/Certainly_Root_R1.crt is readable (or directory accessible).
2026-09-04 15:58:12 Result: file '/usr/share/ca-certificates/mozilla/Certainly_Root_R1.crt' belongs to package (ca-certificates)
2026-09-04 15:58:12 Test: check if we can access /usr/share/ca-certificates/mozilla/Certigna.crt (escaped: /usr/share/ca-certificates/mozilla/Certigna.crt)
2026-09-04 15:58:12 Result: file is owned by our current user ID (0), checking if it is readable
2026-09-04 15:58:12 Result: file /usr/share/ca-certificates/mozilla/Certigna.crt is readable (or directory accessible).
2026-09-04 15:58:13 Result: file '/usr/share/ca-certificates/mozilla/Certigna.crt' belongs to package (ca-certificates)
2026-09-04 15:58:13 Test: check if we can access /usr/share/ca-certificates/mozilla/Certigna_Root_CA.crt (escaped: /usr/share/ca-certificates/mozilla/Certigna_Root_CA.crt)
2026-09-04 15:58:13 Result: file is owned by our current user ID (0), checking if it is readable
2026-09-04 15:58:13 Result: file /usr/share/ca-certificates/mozilla/Certigna_Root_CA.crt is readable (or directory accessible).
2026-09-04 15:58:13 Result: file '/usr/share/ca-certificates/mozilla/Certigna_Root_CA.crt' belongs to package (ca-certificates)
2026-09-04 15:58:14 Test: check if we can access /usr/share/ca-certificates/mozilla/Certum_EC-384_CA.crt (escaped: /usr/share/ca-certificates/mozilla/Certum_EC-384_CA.crt)
2026-09-04 15:58:14 Result: file is owned by our current user ID (0), checking if it is readable
2026-09-04 15:58:14 Result: file /usr/share/ca-certificates/mozilla/Certum_EC-384_CA.crt is readable (or directory accessible).
2026-09-04 15:58:14 Result: file '/usr/share/ca-certificates/mozilla/Certum_EC-384_CA.crt' belongs to package (ca-certificates)
2026-09-04 15:58:14 Test: check if we can access /usr/share/ca-certificates/mozilla/Certum_Trusted_Network_CA.crt (escaped: /usr/share/ca-certificates/mozilla/Certum_Trusted_Network_CA.crt)
2026-09-04 15:58:14 Result: file is owned by our current user ID (0), checking if it is readable
2026-09-04 15:58:14 Result: file /usr/share/ca-certificates/mozilla/Certum_Trusted_Network_CA.crt is readable (or directory accessible).
2026-09-04 15:58:15 Result: file '/usr/share/ca-certificates/mozilla/Certum_Trusted_Network_CA.crt' belongs to package (ca-certificates)
2026-09-04 15:58:15 Test: check if we can access /usr/share/ca-certificates/mozilla/Certum_Trusted_Network_CA_2.crt (escaped: /usr/share/ca-certificates/mozilla/Certum_Trusted_Network_CA_2.crt)
2026-09-04 15:58:15 Result: file is owned by our current user ID (0), checking if it is readable
2026-09-04 15:58:15 Result: file /usr/share/ca-certificates/mozilla/Certum_Trusted_Network_CA_2.crt is readable (or directory accessible).
2026-09-04 15:58:16 Result: file '/usr/share/ca-certificates/mozilla/Certum_Trusted_Network_CA_2.crt' belongs to package (ca-certificates)
2026-09-04 15:58:16 Test: check if we can access /usr/share/ca-certificates/mozilla/Certum_Trusted_Root_CA.crt (escaped: /usr/share/ca-certificates/mozilla/Certum_Trusted_Root_CA.crt)
2026-09-04 15:58:16 Result: file is owned by our current user ID (0), checking if it is readable
2026-09-04 15:58:16 Result: file /usr/share/ca-certificates/mozilla/Certum_Trusted_Root_CA.crt is readable (or directory accessible).
2026-09-04 15:58:16 Result: file '/usr/share/ca-certificates/mozilla/Certum_Trusted_Root_CA.crt' belongs to package (ca-certificates)
2026-09-04 15:58:16 Test: check if we can access /usr/share/ca-certificates/mozilla/Comodo_AAA_Services_root.crt (escaped: /usr/share/ca-certificates/mozilla/Comodo_AAA_Services_root.crt)
2026-09-04 15:58:17 Result: file is owned by our current user ID (0), checking if it is readable
2026-09-04 15:58:17 Result: file /usr/share/ca-certificates/mozilla/Comodo_AAA_Services_root.crt is readable (or directory accessible).
2026-09-04 15:58:17 Result: file '/usr/share/ca-certificates/mozilla/Comodo_AAA_Services_root.crt' belongs to package (ca-certificates)
2026-09-04 15:58:17 Test: check if we can access /usr/share/ca-certificates/mozilla/D-TRUST_BR_Root_CA_1_2020.crt (escaped: /usr/share/ca-certificates/mozilla/D-TRUST_BR_Root_CA_1_2020.crt)
2026-09-04 15:58:17 Result: file is owned by our current user ID (0), checking if it is readable
2026-09-04 15:58:17 Result: file /usr/share/ca-certificates/mozilla/D-TRUST_BR_Root_CA_1_2020.crt is readable (or directory accessible).
2026-09-04 15:58:18 Result: file '/usr/share/ca-certificates/mozilla/D-TRUST_BR_Root_CA_1_2020.crt' belongs to package (ca-certificates)
2026-09-04 15:58:18 Test: check if we can access /usr/share/ca-certificates/mozilla/D-TRUST_EV_Root_CA_1_2020.crt (escaped: /usr/share/ca-certificates/mozilla/D-TRUST_EV_Root_CA_1_2020.crt)
2026-09-04 15:58:18 Result: file is owned by our current user ID (0), checking if it is readable
2026-09-04 15:58:18 Result: file /usr/share/ca-certificates/mozilla/D-TRUST_EV_Root_CA_1_2020.crt is readable (or directory accessible).
2026-09-04 15:58:18 Result: file '/usr/share/ca-certificates/mozilla/D-TRUST_EV_Root_CA_1_2020.crt' belongs to package (ca-certificates)
2026-09-04 15:58:19 Test: check if we can access /usr/share/ca-certificates/mozilla/D-TRUST_Root_Class_3_CA_2_2009.crt (escaped: /usr/share/ca-certificates/mozilla/D-TRUST_Root_Class_3_CA_2_2009.crt)
2026-09-04 15:58:19 Result: file is owned by our current user ID (0), checking if it is readable
2026-09-04 15:58:19 Result: file /usr/share/ca-certificates/mozilla/D-TRUST_Root_Class_3_CA_2_2009.crt is readable (or directory accessible).
2026-09-04 15:58:19 Result: file '/usr/share/ca-certificates/mozilla/D-TRUST_Root_Class_3_CA_2_2009.crt' belongs to package (ca-certificates)
2026-09-04 15:58:19 Test: check if we can access /usr/share/ca-certificates/mozilla/D-TRUST_Root_Class_3_CA_2_EV_2009.crt (escaped: /usr/share/ca-certificates/mozilla/D-TRUST_Root_Class_3_CA_2_EV_2009.crt)
2026-09-04 15:58:19 Result: file is owned by our current user ID (0), checking if it is readable
2026-09-04 15:58:19 Result: file /usr/share/ca-certificates/mozilla/D-TRUST_Root_Class_3_CA_2_EV_2009.crt is readable (or directory accessible).
2026-09-04 15:58:20 Result: file '/usr/share/ca-certificates/mozilla/D-TRUST_Root_Class_3_CA_2_EV_2009.crt' belongs to package (ca-certificates)
2026-09-04 15:58:20 Test: check if we can access /usr/share/ca-certificates/mozilla/DigiCert_Assured_ID_Root_CA.crt (escaped: /usr/share/ca-certificates/mozilla/DigiCert_Assured_ID_Root_CA.crt)
2026-09-04 15:58:20 Result: file is owned by our current user ID (0), checking if it is readable
2026-09-04 15:58:20 Result: file /usr/share/ca-certificates/mozilla/DigiCert_Assured_ID_Root_CA.crt is readable (or directory accessible).
2026-09-04 15:58:20 Result: file '/usr/share/ca-certificates/mozilla/DigiCert_Assured_ID_Root_CA.crt' belongs to package (ca-certificates)
2026-09-04 15:58:21 Test: check if we can access /usr/share/ca-certificates/mozilla/DigiCert_Assured_ID_Root_G2.crt (escaped: /usr/share/ca-certificates/mozilla/DigiCert_Assured_ID_Root_G2.crt)
2026-09-04 15:58:21 Result: file is owned by our current user ID (0), checking if it is readable
2026-09-04 15:58:21 Result: file /usr/share/ca-certificates/mozilla/DigiCert_Assured_ID_Root_G2.crt is readable (or directory accessible).
2026-09-04 15:58:21 Result: file '/usr/share/ca-certificates/mozilla/DigiCert_Assured_ID_Root_G2.crt' belongs to package (ca-certificates)
2026-09-04 15:58:21 Test: check if we can access /usr/share/ca-certificates/mozilla/DigiCert_Assured_ID_Root_G3.crt (escaped: /usr/share/ca-certificates/mozilla/DigiCert_Assured_ID_Root_G3.crt)
2026-09-04 15:58:22 Result: file is owned by our current user ID (0), checking if it is readable
2026-09-04 15:58:22 Result: file /usr/share/ca-certificates/mozilla/DigiCert_Assured_ID_Root_G3.crt is readable (or directory accessible).
2026-09-04 15:58:22 Result: file '/usr/share/ca-certificates/mozilla/DigiCert_Assured_ID_Root_G3.crt' belongs to package (ca-certificates)
2026-09-04 15:58:22 Test: check if we can access /usr/share/ca-certificates/mozilla/DigiCert_Global_Root_CA.crt (escaped: /usr/share/ca-certificates/mozilla/DigiCert_Global_Root_CA.crt)
2026-09-04 15:58:22 Result: file is owned by our current user ID (0), checking if it is readable
2026-09-04 15:58:22 Result: file /usr/share/ca-certificates/mozilla/DigiCert_Global_Root_CA.crt is readable (or directory accessible).
2026-09-04 15:58:23 Result: file '/usr/share/ca-certificates/mozilla/DigiCert_Global_Root_CA.crt' belongs to package (ca-certificates)
2026-09-04 15:58:23 Test: check if we can access /usr/share/ca-certificates/mozilla/DigiCert_Global_Root_G2.crt (escaped: /usr/share/ca-certificates/mozilla/DigiCert_Global_Root_G2.crt)
2026-09-04 15:58:23 Result: file is owned by our current user ID (0), checking if it is readable
2026-09-04 15:58:23 Result: file /usr/share/ca-certificates/mozilla/DigiCert_Global_Root_G2.crt is readable (or directory accessible).
2026-09-04 15:58:23 Result: file '/usr/share/ca-certificates/mozilla/DigiCert_Global_Root_G2.crt' belongs to package (ca-certificates)
2026-09-04 15:58:23 Test: check if we can access /usr/share/ca-certificates/mozilla/DigiCert_Global_Root_G3.crt (escaped: /usr/share/ca-certificates/mozilla/DigiCert_Global_Root_G3.crt)
2026-09-04 15:58:24 Result: file is owned by our current user ID (0), checking if it is readable
2026-09-04 15:58:24 Result: file /usr/share/ca-certificates/mozilla/DigiCert_Global_Root_G3.crt is readable (or directory accessible).
2026-09-04 15:58:24 Result: file '/usr/share/ca-certificates/mozilla/DigiCert_Global_Root_G3.crt' belongs to package (ca-certificates)
2026-09-04 15:58:25 Test: check if we can access /usr/share/ca-certificates/mozilla/DigiCert_High_Assurance_EV_Root_CA.crt (escaped: /usr/share/ca-certificates/mozilla/DigiCert_High_Assurance_EV_Root_CA.crt)
2026-09-04 15:58:25 Result: file is owned by our current user ID (0), checking if it is readable
2026-09-04 15:58:25 Result: file /usr/share/ca-certificates/mozilla/DigiCert_High_Assurance_EV_Root_CA.crt is readable (or directory accessible).
2026-09-04 15:58:25 Result: file '/usr/share/ca-certificates/mozilla/DigiCert_High_Assurance_EV_Root_CA.crt' belongs to package (ca-certificates)
2026-09-04 15:58:26 Test: check if we can access /usr/share/ca-certificates/mozilla/DigiCert_TLS_ECC_P384_Root_G5.crt (escaped: /usr/share/ca-certificates/mozilla/DigiCert_TLS_ECC_P384_Root_G5.crt)
2026-09-04 15:58:26 Result: file is owned by our current user ID (0), checking if it is readable
2026-09-04 15:58:26 Result: file /usr/share/ca-certificates/mozilla/DigiCert_TLS_ECC_P384_Root_G5.crt is readable (or directory accessible).
2026-09-04 15:58:26 Result: file '/usr/share/ca-certificates/mozilla/DigiCert_TLS_ECC_P384_Root_G5.crt' belongs to package (ca-certificates)
2026-09-04 15:58:26 Test: check if we can access /usr/share/ca-certificates/mozilla/DigiCert_TLS_RSA4096_Root_G5.crt (escaped: /usr/share/ca-certificates/mozilla/DigiCert_TLS_RSA4096_Root_G5.crt)
2026-09-04 15:58:26 Result: file is owned by our current user ID (0), checking if it is readable
2026-09-04 15:58:27 Result: file /usr/share/ca-certificates/mozilla/DigiCert_TLS_RSA4096_Root_G5.crt is readable (or directory accessible).
2026-09-04 15:58:27 Result: file '/usr/share/ca-certificates/mozilla/DigiCert_TLS_RSA4096_Root_G5.crt' belongs to package (ca-certificates)
2026-09-04 15:58:27 Test: check if we can access /usr/share/ca-certificates/mozilla/DigiCert_Trusted_Root_G4.crt (escaped: /usr/share/ca-certificates/mozilla/DigiCert_Trusted_Root_G4.crt)
2026-09-04 15:58:27 Result: file is owned by our current user ID (0), checking if it is readable
2026-09-04 15:58:27 Result: file /usr/share/ca-certificates/mozilla/DigiCert_Trusted_Root_G4.crt is readable (or directory accessible).
2026-09-04 15:58:28 Result: file '/usr/share/ca-certificates/mozilla/DigiCert_Trusted_Root_G4.crt' belongs to package (ca-certificates)
2026-09-04 15:58:28 Test: check if we can access /usr/share/ca-certificates/mozilla/E-Tugra_Certification_Authority.crt (escaped: /usr/share/ca-certificates/mozilla/E-Tugra_Certification_Authority.crt)
2026-09-04 15:58:28 Result: file is owned by our current user ID (0), checking if it is readable
2026-09-04 15:58:28 Result: file /usr/share/ca-certificates/mozilla/E-Tugra_Certification_Authority.crt is readable (or directory accessible).
2026-09-04 15:58:28 Result: file '/usr/share/ca-certificates/mozilla/E-Tugra_Certification_Authority.crt' belongs to package (ca-certificates)
2026-09-04 15:58:29 Test: check if we can access /usr/share/ca-certificates/mozilla/E-Tugra_Global_Root_CA_ECC_v3.crt (escaped: /usr/share/ca-certificates/mozilla/E-Tugra_Global_Root_CA_ECC_v3.crt)
2026-09-04 15:58:29 Result: file is owned by our current user ID (0), checking if it is readable
2026-09-04 15:58:29 Result: file /usr/share/ca-certificates/mozilla/E-Tugra_Global_Root_CA_ECC_v3.crt is readable (or directory accessible).
2026-09-04 15:58:29 Result: file '/usr/share/ca-certificates/mozilla/E-Tugra_Global_Root_CA_ECC_v3.crt' belongs to package (ca-certificates)
2026-09-04 15:58:29 Test: check if we can access /usr/share/ca-certificates/mozilla/E-Tugra_Global_Root_CA_RSA_v3.crt (escaped: /usr/share/ca-certificates/mozilla/E-Tugra_Global_Root_CA_RSA_v3.crt)
2026-09-04 15:58:30 Result: file is owned by our current user ID (0), checking if it is readable
2026-09-04 15:58:30 Result: file /usr/share/ca-certificates/mozilla/E-Tugra_Global_Root_CA_RSA_v3.crt is readable (or directory accessible).
2026-09-04 15:58:30 Result: file '/usr/share/ca-certificates/mozilla/E-Tugra_Global_Root_CA_RSA_v3.crt' belongs to package (ca-certificates)
2026-09-04 15:58:30 Test: check if we can access /usr/share/ca-certificates/mozilla/Entrust.net_Premium_2048_Secure_Server_CA.crt (escaped: /usr/share/ca-certificates/mozilla/Entrust.net_Premium_2048_Secure_Server_CA.crt)
2026-09-04 15:58:30 Result: file is owned by our current user ID (0), checking if it is readable
2026-09-04 15:58:30 Result: file /usr/share/ca-certificates/mozilla/Entrust.net_Premium_2048_Secure_Server_CA.crt is readable (or directory accessible).
2026-09-04 15:58:31 Result: file '/usr/share/ca-certificates/mozilla/Entrust.net_Premium_2048_Secure_Server_CA.crt' belongs to package (ca-certificates)
2026-09-04 15:58:31 Test: check if we can access /usr/share/ca-certificates/mozilla/Entrust_Root_Certification_Authority.crt (escaped: /usr/share/ca-certificates/mozilla/Entrust_Root_Certification_Authority.crt)
2026-09-04 15:58:31 Result: file is owned by our current user ID (0), checking if it is readable
2026-09-04 15:58:31 Result: file /usr/share/ca-certificates/mozilla/Entrust_Root_Certification_Authority.crt is readable (or directory accessible).
2026-09-04 15:58:31 Result: file '/usr/share/ca-certificates/mozilla/Entrust_Root_Certification_Authority.crt' belongs to package (ca-certificates)
2026-09-04 15:58:32 Test: check if we can access /usr/share/ca-certificates/mozilla/Entrust_Root_Certification_Authority_-_EC1.crt (escaped: /usr/share/ca-certificates/mozilla/Entrust_Root_Certification_Authority_-_EC1.crt)
2026-09-04 15:58:32 Result: file is owned by our current user ID (0), checking if it is readable
2026-09-04 15:58:32 Result: file /usr/share/ca-certificates/mozilla/Entrust_Root_Certification_Authority_-_EC1.crt is readable (or directory accessible).
2026-09-04 15:58:32 Result: file '/usr/share/ca-certificates/mozilla/Entrust_Root_Certification_Authority_-_EC1.crt' belongs to package (ca-certificates)
2026-09-04 15:58:33 Test: check if we can access /usr/share/ca-certificates/mozilla/Entrust_Root_Certification_Authority_-_G2.crt (escaped: /usr/share/ca-certificates/mozilla/Entrust_Root_Certification_Authority_-_G2.crt)
2026-09-04 15:58:33 Result: file is owned by our current user ID (0), checking if it is readable
2026-09-04 15:58:33 Result: file /usr/share/ca-certificates/mozilla/Entrust_Root_Certification_Authority_-_G2.crt is readable (or directory accessible).
2026-09-04 15:58:33 Result: file '/usr/share/ca-certificates/mozilla/Entrust_Root_Certification_Authority_-_G2.crt' belongs to package (ca-certificates)
2026-09-04 15:58:33 Test: check if we can access /usr/share/ca-certificates/mozilla/Entrust_Root_Certification_Authority_-_G4.crt (escaped: /usr/share/ca-certificates/mozilla/Entrust_Root_Certification_Authority_-_G4.crt)
2026-09-04 15:58:34 Result: file is owned by our current user ID (0), checking if it is readable
2026-09-04 15:58:34 Result: file /usr/share/ca-certificates/mozilla/Entrust_Root_Certification_Authority_-_G4.crt is readable (or directory accessible).
2026-09-04 15:58:34 Result: file '/usr/share/ca-certificates/mozilla/Entrust_Root_Certification_Authority_-_G4.crt' belongs to package (ca-certificates)
2026-09-04 15:58:34 Test: check if we can access /usr/share/ca-certificates/mozilla/GDCA_TrustAUTH_R5_ROOT.crt (escaped: /usr/share/ca-certificates/mozilla/GDCA_TrustAUTH_R5_ROOT.crt)
2026-09-04 15:58:34 Result: file is owned by our current user ID (0), checking if it is readable
2026-09-04 15:58:34 Result: file /usr/share/ca-certificates/mozilla/GDCA_TrustAUTH_R5_ROOT.crt is readable (or directory accessible).
2026-09-04 15:58:35 Result: file '/usr/share/ca-certificates/mozilla/GDCA_TrustAUTH_R5_ROOT.crt' belongs to package (ca-certificates)
2026-09-04 15:58:35 Test: check if we can access /usr/share/ca-certificates/mozilla/GLOBALTRUST_2020.crt (escaped: /usr/share/ca-certificates/mozilla/GLOBALTRUST_2020.crt)
2026-09-04 15:58:35 Result: file is owned by our current user ID (0), checking if it is readable
2026-09-04 15:58:35 Result: file /usr/share/ca-certificates/mozilla/GLOBALTRUST_2020.crt is readable (or directory accessible).
2026-09-04 15:58:35 Result: file '/usr/share/ca-certificates/mozilla/GLOBALTRUST_2020.crt' belongs to package (ca-certificates)
2026-09-04 15:58:36 Test: check if we can access /usr/share/ca-certificates/mozilla/GTS_Root_R1.crt (escaped: /usr/share/ca-certificates/mozilla/GTS_Root_R1.crt)
2026-09-04 15:58:36 Result: file is owned by our current user ID (0), checking if it is readable
2026-09-04 15:58:36 Result: file /usr/share/ca-certificates/mozilla/GTS_Root_R1.crt is readable (or directory accessible).
2026-09-04 15:58:36 Result: file '/usr/share/ca-certificates/mozilla/GTS_Root_R1.crt' belongs to package (ca-certificates)
2026-09-04 15:58:36 Test: check if we can access /usr/share/ca-certificates/mozilla/GTS_Root_R2.crt (escaped: /usr/share/ca-certificates/mozilla/GTS_Root_R2.crt)
2026-09-04 15:58:36 Result: file is owned by our current user ID (0), checking if it is readable
2026-09-04 15:58:36 Result: file /usr/share/ca-certificates/mozilla/GTS_Root_R2.crt is readable (or directory accessible).
2026-09-04 15:58:37 Result: file '/usr/share/ca-certificates/mozilla/GTS_Root_R2.crt' belongs to package (ca-certificates)
2026-09-04 15:58:37 Test: check if we can access /usr/share/ca-certificates/mozilla/GTS_Root_R3.crt (escaped: /usr/share/ca-certificates/mozilla/GTS_Root_R3.crt)
2026-09-04 15:58:37 Result: file is owned by our current user ID (0), checking if it is readable
2026-09-04 15:58:37 Result: file /usr/share/ca-certificates/mozilla/GTS_Root_R3.crt is readable (or directory accessible).
2026-09-04 15:58:37 Result: file '/usr/share/ca-certificates/mozilla/GTS_Root_R3.crt' belongs to package (ca-certificates)
2026-09-04 15:58:38 Test: check if we can access /usr/share/ca-certificates/mozilla/GTS_Root_R4.crt (escaped: /usr/share/ca-certificates/mozilla/GTS_Root_R4.crt)
2026-09-04 15:58:38 Result: file is owned by our current user ID (0), checking if it is readable
2026-09-04 15:58:38 Result: file /usr/share/ca-certificates/mozilla/GTS_Root_R4.crt is readable (or directory accessible).
2026-09-04 15:58:38 Result: file '/usr/share/ca-certificates/mozilla/GTS_Root_R4.crt' belongs to package (ca-certificates)
2026-09-04 15:58:38 Test: check if we can access /usr/share/ca-certificates/mozilla/GlobalSign_ECC_Root_CA_-_R4.crt (escaped: /usr/share/ca-certificates/mozilla/GlobalSign_ECC_Root_CA_-_R4.crt)
2026-09-04 15:58:38 Result: file is owned by our current user ID (0), checking if it is readable
2026-09-04 15:58:38 Result: file /usr/share/ca-certificates/mozilla/GlobalSign_ECC_Root_CA_-_R4.crt is readable (or directory accessible).
2026-09-04 15:58:39 Result: file '/usr/share/ca-certificates/mozilla/GlobalSign_ECC_Root_CA_-_R4.crt' belongs to package (ca-certificates)
2026-09-04 15:58:39 Test: check if we can access /usr/share/ca-certificates/mozilla/GlobalSign_ECC_Root_CA_-_R5.crt (escaped: /usr/share/ca-certificates/mozilla/GlobalSign_ECC_Root_CA_-_R5.crt)
2026-09-04 15:58:39 Result: file is owned by our current user ID (0), checking if it is readable
2026-09-04 15:58:39 Result: file /usr/share/ca-certificates/mozilla/GlobalSign_ECC_Root_CA_-_R5.crt is readable (or directory accessible).
2026-09-04 15:58:40 Result: file '/usr/share/ca-certificates/mozilla/GlobalSign_ECC_Root_CA_-_R5.crt' belongs to package (ca-certificates)
2026-09-04 15:58:40 Test: check if we can access /usr/share/ca-certificates/mozilla/GlobalSign_Root_CA.crt (escaped: /usr/share/ca-certificates/mozilla/GlobalSign_Root_CA.crt)
2026-09-04 15:58:40 Result: file is owned by our current user ID (0), checking if it is readable
2026-09-04 15:58:40 Result: file /usr/share/ca-certificates/mozilla/GlobalSign_Root_CA.crt is readable (or directory accessible).
2026-09-04 15:58:40 Result: file '/usr/share/ca-certificates/mozilla/GlobalSign_Root_CA.crt' belongs to package (ca-certificates)
2026-09-04 15:58:40 Test: check if we can access /usr/share/ca-certificates/mozilla/GlobalSign_Root_CA_-_R3.crt (escaped: /usr/share/ca-certificates/mozilla/GlobalSign_Root_CA_-_R3.crt)
2026-09-04 15:58:41 Result: file is owned by our current user ID (0), checking if it is readable
2026-09-04 15:58:41 Result: file /usr/share/ca-certificates/mozilla/GlobalSign_Root_CA_-_R3.crt is readable (or directory accessible).
2026-09-04 15:58:41 Result: file '/usr/share/ca-certificates/mozilla/GlobalSign_Root_CA_-_R3.crt' belongs to package (ca-certificates)
2026-09-04 15:58:41 Test: check if we can access /usr/share/ca-certificates/mozilla/GlobalSign_Root_CA_-_R6.crt (escaped: /usr/share/ca-certificates/mozilla/GlobalSign_Root_CA_-_R6.crt)
2026-09-04 15:58:41 Result: file is owned by our current user ID (0), checking if it is readable
2026-09-04 15:58:41 Result: file /usr/share/ca-certificates/mozilla/GlobalSign_Root_CA_-_R6.crt is readable (or directory accessible).
2026-09-04 15:58:42 Result: file '/usr/share/ca-certificates/mozilla/GlobalSign_Root_CA_-_R6.crt' belongs to package (ca-certificates)
2026-09-04 15:58:42 Test: check if we can access /usr/share/ca-certificates/mozilla/GlobalSign_Root_E46.crt (escaped: /usr/share/ca-certificates/mozilla/GlobalSign_Root_E46.crt)
2026-09-04 15:58:42 Result: file is owned by our current user ID (0), checking if it is readable
2026-09-04 15:58:42 Result: file /usr/share/ca-certificates/mozilla/GlobalSign_Root_E46.crt is readable (or directory accessible).
2026-09-04 15:58:43 Result: file '/usr/share/ca-certificates/mozilla/GlobalSign_Root_E46.crt' belongs to package (ca-certificates)
2026-09-04 15:58:43 Test: check if we can access /usr/share/ca-certificates/mozilla/GlobalSign_Root_R46.crt (escaped: /usr/share/ca-certificates/mozilla/GlobalSign_Root_R46.crt)
2026-09-04 15:58:43 Result: file is owned by our current user ID (0), checking if it is readable
2026-09-04 15:58:43 Result: file /usr/share/ca-certificates/mozilla/GlobalSign_Root_R46.crt is readable (or directory accessible).
2026-09-04 15:58:44 Result: file '/usr/share/ca-certificates/mozilla/GlobalSign_Root_R46.crt' belongs to package (ca-certificates)
2026-09-04 15:58:44 Test: check if we can access /usr/share/ca-certificates/mozilla/Go_Daddy_Class_2_CA.crt (escaped: /usr/share/ca-certificates/mozilla/Go_Daddy_Class_2_CA.crt)
2026-09-04 15:58:44 Result: file is owned by our current user ID (0), checking if it is readable
2026-09-04 15:58:44 Result: file /usr/share/ca-certificates/mozilla/Go_Daddy_Class_2_CA.crt is readable (or directory accessible).
2026-09-04 15:58:44 Result: file '/usr/share/ca-certificates/mozilla/Go_Daddy_Class_2_CA.crt' belongs to package (ca-certificates)
2026-09-04 15:58:45 Test: check if we can access /usr/share/ca-certificates/mozilla/Go_Daddy_Root_Certificate_Authority_-_G2.crt (escaped: /usr/share/ca-certificates/mozilla/Go_Daddy_Root_Certificate_Authority_-_G2.crt)
2026-09-04 15:58:45 Result: file is owned by our current user ID (0), checking if it is readable
2026-09-04 15:58:45 Result: file /usr/share/ca-certificates/mozilla/Go_Daddy_Root_Certificate_Authority_-_G2.crt is readable (or directory accessible).
2026-09-04 15:58:45 Result: file '/usr/share/ca-certificates/mozilla/Go_Daddy_Root_Certificate_Authority_-_G2.crt' belongs to package (ca-certificates)
2026-09-04 15:58:45 Test: check if we can access /usr/share/ca-certificates/mozilla/HARICA_TLS_ECC_Root_CA_2021.crt (escaped: /usr/share/ca-certificates/mozilla/HARICA_TLS_ECC_Root_CA_2021.crt)
2026-09-04 15:58:46 Result: file is owned by our current user ID (0), checking if it is readable
2026-09-04 15:58:46 Result: file /usr/share/ca-certificates/mozilla/HARICA_TLS_ECC_Root_CA_2021.crt is readable (or directory accessible).
2026-09-04 15:58:46 Result: file '/usr/share/ca-certificates/mozilla/HARICA_TLS_ECC_Root_CA_2021.crt' belongs to package (ca-certificates)
2026-09-04 15:58:46 Test: check if we can access /usr/share/ca-certificates/mozilla/HARICA_TLS_RSA_Root_CA_2021.crt (escaped: /usr/share/ca-certificates/mozilla/HARICA_TLS_RSA_Root_CA_2021.crt)
2026-09-04 15:58:46 Result: file is owned by our current user ID (0), checking if it is readable
2026-09-04 15:58:47 Result: file /usr/share/ca-certificates/mozilla/HARICA_TLS_RSA_Root_CA_2021.crt is readable (or directory accessible).
2026-09-04 15:58:47 Result: file '/usr/share/ca-certificates/mozilla/HARICA_TLS_RSA_Root_CA_2021.crt' belongs to package (ca-certificates)
2026-09-04 15:58:47 Test: check if we can access /usr/share/ca-certificates/mozilla/Hellenic_Academic_and_Research_Institutions_ECC_RootCA_2015.crt (escaped: /usr/share/ca-certificates/mozilla/Hellenic_Academic_and_Research_Institutions_ECC_RootCA_2015.crt)
2026-09-04 15:58:47 Result: file is owned by our current user ID (0), checking if it is readable
2026-09-04 15:58:47 Result: file /usr/share/ca-certificates/mozilla/Hellenic_Academic_and_Research_Institutions_ECC_RootCA_2015.crt is readable (or directory accessible).
2026-09-04 15:58:48 Result: file '/usr/share/ca-certificates/mozilla/Hellenic_Academic_and_Research_Institutions_ECC_RootCA_2015.crt' belongs to package (ca-certificates)
2026-09-04 15:58:48 Test: check if we can access /usr/share/ca-certificates/mozilla/Hellenic_Academic_and_Research_Institutions_RootCA_2015.crt (escaped: /usr/share/ca-certificates/mozilla/Hellenic_Academic_and_Research_Institutions_RootCA_2015.crt)
2026-09-04 15:58:48 Result: file is owned by our current user ID (0), checking if it is readable
2026-09-04 15:58:48 Result: file /usr/share/ca-certificates/mozilla/Hellenic_Academic_and_Research_Institutions_RootCA_2015.crt is readable (or directory accessible).
2026-09-04 15:58:48 Result: file '/usr/share/ca-certificates/mozilla/Hellenic_Academic_and_Research_Institutions_RootCA_2015.crt' belongs to package (ca-certificates)
2026-09-04 15:58:48 Test: check if we can access /usr/share/ca-certificates/mozilla/HiPKI_Root_CA_-_G1.crt (escaped: /usr/share/ca-certificates/mozilla/HiPKI_Root_CA_-_G1.crt)
2026-09-04 15:58:49 Result: file is owned by our current user ID (0), checking if it is readable
2026-09-04 15:58:49 Result: file /usr/share/ca-certificates/mozilla/HiPKI_Root_CA_-_G1.crt is readable (or directory accessible).
2026-09-04 15:58:49 Result: file '/usr/share/ca-certificates/mozilla/HiPKI_Root_CA_-_G1.crt' belongs to package (ca-certificates)
2026-09-04 15:58:49 Test: check if we can access /usr/share/ca-certificates/mozilla/Hongkong_Post_Root_CA_1.crt (escaped: /usr/share/ca-certificates/mozilla/Hongkong_Post_Root_CA_1.crt)
2026-09-04 15:58:49 Result: file is owned by our current user ID (0), checking if it is readable
2026-09-04 15:58:49 Result: file /usr/share/ca-certificates/mozilla/Hongkong_Post_Root_CA_1.crt is readable (or directory accessible).
2026-09-04 15:58:50 Result: file '/usr/share/ca-certificates/mozilla/Hongkong_Post_Root_CA_1.crt' belongs to package (ca-certificates)
2026-09-04 15:58:50 Test: check if we can access /usr/share/ca-certificates/mozilla/Hongkong_Post_Root_CA_3.crt (escaped: /usr/share/ca-certificates/mozilla/Hongkong_Post_Root_CA_3.crt)
2026-09-04 15:58:50 Result: file is owned by our current user ID (0), checking if it is readable
2026-09-04 15:58:50 Result: file /usr/share/ca-certificates/mozilla/Hongkong_Post_Root_CA_3.crt is readable (or directory accessible).
2026-09-04 15:58:50 Result: file '/usr/share/ca-certificates/mozilla/Hongkong_Post_Root_CA_3.crt' belongs to package (ca-certificates)
2026-09-04 15:58:51 Test: check if we can access /usr/share/ca-certificates/mozilla/ISRG_Root_X1.crt (escaped: /usr/share/ca-certificates/mozilla/ISRG_Root_X1.crt)
2026-09-04 15:58:51 Result: file is owned by our current user ID (0), checking if it is readable
2026-09-04 15:58:51 Result: file /usr/share/ca-certificates/mozilla/ISRG_Root_X1.crt is readable (or directory accessible).
2026-09-04 15:58:51 Result: file '/usr/share/ca-certificates/mozilla/ISRG_Root_X1.crt' belongs to package (ca-certificates)
2026-09-04 15:58:51 Test: check if we can access /usr/share/ca-certificates/mozilla/ISRG_Root_X2.crt (escaped: /usr/share/ca-certificates/mozilla/ISRG_Root_X2.crt)
2026-09-04 15:58:51 Result: file is owned by our current user ID (0), checking if it is readable
2026-09-04 15:58:52 Result: file /usr/share/ca-certificates/mozilla/ISRG_Root_X2.crt is readable (or directory accessible).
2026-09-04 15:58:52 Result: file '/usr/share/ca-certificates/mozilla/ISRG_Root_X2.crt' belongs to package (ca-certificates)
2026-09-04 15:58:52 Test: check if we can access /usr/share/ca-certificates/mozilla/IdenTrust_Commercial_Root_CA_1.crt (escaped: /usr/share/ca-certificates/mozilla/IdenTrust_Commercial_Root_CA_1.crt)
2026-09-04 15:58:52 Result: file is owned by our current user ID (0), checking if it is readable
2026-09-04 15:58:52 Result: file /usr/share/ca-certificates/mozilla/IdenTrust_Commercial_Root_CA_1.crt is readable (or directory accessible).
2026-09-04 15:58:53 Result: file '/usr/share/ca-certificates/mozilla/IdenTrust_Commercial_Root_CA_1.crt' belongs to package (ca-certificates)
2026-09-04 15:58:53 Test: check if we can access /usr/share/ca-certificates/mozilla/IdenTrust_Public_Sector_Root_CA_1.crt (escaped: /usr/share/ca-certificates/mozilla/IdenTrust_Public_Sector_Root_CA_1.crt)
2026-09-04 15:58:53 Result: file is owned by our current user ID (0), checking if it is readable
2026-09-04 15:58:53 Result: file /usr/share/ca-certificates/mozilla/IdenTrust_Public_Sector_Root_CA_1.crt is readable (or directory accessible).
2026-09-04 15:58:53 Result: file '/usr/share/ca-certificates/mozilla/IdenTrust_Public_Sector_Root_CA_1.crt' belongs to package (ca-certificates)
2026-09-04 15:58:53 Test: check if we can access /usr/share/ca-certificates/mozilla/Izenpe.com.crt (escaped: /usr/share/ca-certificates/mozilla/Izenpe.com.crt)
2026-09-04 15:58:54 Result: file is owned by our current user ID (0), checking if it is readable
2026-09-04 15:58:54 Result: file /usr/share/ca-certificates/mozilla/Izenpe.com.crt is readable (or directory accessible).
2026-09-04 15:58:54 Result: file '/usr/share/ca-certificates/mozilla/Izenpe.com.crt' belongs to package (ca-certificates)
2026-09-04 15:58:54 Test: check if we can access /usr/share/ca-certificates/mozilla/Microsec_e-Szigno_Root_CA_2009.crt (escaped: /usr/share/ca-certificates/mozilla/Microsec_e-Szigno_Root_CA_2009.crt)
2026-09-04 15:58:54 Result: file is owned by our current user ID (0), checking if it is readable
2026-09-04 15:58:54 Result: file /usr/share/ca-certificates/mozilla/Microsec_e-Szigno_Root_CA_2009.crt is readable (or directory accessible).
2026-09-04 15:58:55 Result: file '/usr/share/ca-certificates/mozilla/Microsec_e-Szigno_Root_CA_2009.crt' belongs to package (ca-certificates)
2026-09-04 15:58:55 Test: check if we can access /usr/share/ca-certificates/mozilla/Microsoft_ECC_Root_Certificate_Authority_2017.crt (escaped: /usr/share/ca-certificates/mozilla/Microsoft_ECC_Root_Certificate_Authority_2017.crt)
2026-09-04 15:58:55 Result: file is owned by our current user ID (0), checking if it is readable
2026-09-04 15:58:55 Result: file /usr/share/ca-certificates/mozilla/Microsoft_ECC_Root_Certificate_Authority_2017.crt is readable (or directory accessible).
2026-09-04 15:58:55 Result: file '/usr/share/ca-certificates/mozilla/Microsoft_ECC_Root_Certificate_Authority_2017.crt' belongs to package (ca-certificates)
2026-09-04 15:58:56 Test: check if we can access /usr/share/ca-certificates/mozilla/Microsoft_RSA_Root_Certificate_Authority_2017.crt (escaped: /usr/share/ca-certificates/mozilla/Microsoft_RSA_Root_Certificate_Authority_2017.crt)
2026-09-04 15:58:56 Result: file is owned by our current user ID (0), checking if it is readable
2026-09-04 15:58:56 Result: file /usr/share/ca-certificates/mozilla/Microsoft_RSA_Root_Certificate_Authority_2017.crt is readable (or directory accessible).
2026-09-04 15:58:56 Result: file '/usr/share/ca-certificates/mozilla/Microsoft_RSA_Root_Certificate_Authority_2017.crt' belongs to package (ca-certificates)
2026-09-04 15:58:56 Test: check if we can access /usr/share/ca-certificates/mozilla/NAVER_Global_Root_Certification_Authority.crt (escaped: /usr/share/ca-certificates/mozilla/NAVER_Global_Root_Certification_Authority.crt)
2026-09-04 15:58:57 Result: file is owned by our current user ID (0), checking if it is readable
2026-09-04 15:58:57 Result: file /usr/share/ca-certificates/mozilla/NAVER_Global_Root_Certification_Authority.crt is readable (or directory accessible).
2026-09-04 15:58:57 Result: file '/usr/share/ca-certificates/mozilla/NAVER_Global_Root_Certification_Authority.crt' belongs to package (ca-certificates)
2026-09-04 15:58:57 Test: check if we can access /usr/share/ca-certificates/mozilla/NetLock_Arany_=Class_Gold=_Főtanúsítvány.crt (escaped: /usr/share/ca-certificates/mozilla/NetLock_Arany_=Class_Gold=_Főtanúsítvány.crt)
2026-09-04 15:58:57 Result: file is owned by our current user ID (0), checking if it is readable
2026-09-04 15:58:57 Result: file /usr/share/ca-certificates/mozilla/NetLock_Arany_=Class_Gold=_Főtanúsítvány.crt is readable (or directory accessible).
2026-09-04 15:58:58 Result: file '/usr/share/ca-certificates/mozilla/NetLock_Arany_=Class_Gold=_Főtanúsítvány.crt' belongs to package (ca-certificates)
2026-09-04 15:58:58 Test: check if we can access /usr/share/ca-certificates/mozilla/OISTE_WISeKey_Global_Root_GB_CA.crt (escaped: /usr/share/ca-certificates/mozilla/OISTE_WISeKey_Global_Root_GB_CA.crt)
2026-09-04 15:58:58 Result: file is owned by our current user ID (0), checking if it is readable
2026-09-04 15:58:58 Result: file /usr/share/ca-certificates/mozilla/OISTE_WISeKey_Global_Root_GB_CA.crt is readable (or directory accessible).
2026-09-04 15:58:58 Result: file '/usr/share/ca-certificates/mozilla/OISTE_WISeKey_Global_Root_GB_CA.crt' belongs to package (ca-certificates)
2026-09-04 15:58:59 Test: check if we can access /usr/share/ca-certificates/mozilla/OISTE_WISeKey_Global_Root_GC_CA.crt (escaped: /usr/share/ca-certificates/mozilla/OISTE_WISeKey_Global_Root_GC_CA.crt)
2026-09-04 15:58:59 Result: file is owned by our current user ID (0), checking if it is readable
2026-09-04 15:58:59 Result: file /usr/share/ca-certificates/mozilla/OISTE_WISeKey_Global_Root_GC_CA.crt is readable (or directory accessible).
2026-09-04 15:58:59 Result: file '/usr/share/ca-certificates/mozilla/OISTE_WISeKey_Global_Root_GC_CA.crt' belongs to package (ca-certificates)
2026-09-04 15:58:59 Test: check if we can access /usr/share/ca-certificates/mozilla/QuoVadis_Root_CA_1_G3.crt (escaped: /usr/share/ca-certificates/mozilla/QuoVadis_Root_CA_1_G3.crt)
2026-09-04 15:58:59 Result: file is owned by our current user ID (0), checking if it is readable
2026-09-04 15:59:00 Result: file /usr/share/ca-certificates/mozilla/QuoVadis_Root_CA_1_G3.crt is readable (or directory accessible).
2026-09-04 15:59:00 Result: file '/usr/share/ca-certificates/mozilla/QuoVadis_Root_CA_1_G3.crt' belongs to package (ca-certificates)
2026-09-04 15:59:00 Test: check if we can access /usr/share/ca-certificates/mozilla/QuoVadis_Root_CA_2.crt (escaped: /usr/share/ca-certificates/mozilla/QuoVadis_Root_CA_2.crt)
2026-09-04 15:59:00 Result: file is owned by our current user ID (0), checking if it is readable
2026-09-04 15:59:00 Result: file /usr/share/ca-certificates/mozilla/QuoVadis_Root_CA_2.crt is readable (or directory accessible).
2026-09-04 15:59:01 Result: file '/usr/share/ca-certificates/mozilla/QuoVadis_Root_CA_2.crt' belongs to package (ca-certificates)
2026-09-04 15:59:01 Test: check if we can access /usr/share/ca-certificates/mozilla/QuoVadis_Root_CA_2_G3.crt (escaped: /usr/share/ca-certificates/mozilla/QuoVadis_Root_CA_2_G3.crt)
2026-09-04 15:59:01 Result: file is owned by our current user ID (0), checking if it is readable
2026-09-04 15:59:02 Result: file /usr/share/ca-certificates/mozilla/QuoVadis_Root_CA_2_G3.crt is readable (or directory accessible).
2026-09-04 15:59:02 Result: file '/usr/share/ca-certificates/mozilla/QuoVadis_Root_CA_2_G3.crt' belongs to package (ca-certificates)
2026-09-04 15:59:02 Test: check if we can access /usr/share/ca-certificates/mozilla/QuoVadis_Root_CA_3.crt (escaped: /usr/share/ca-certificates/mozilla/QuoVadis_Root_CA_3.crt)
2026-09-04 15:59:02 Result: file is owned by our current user ID (0), checking if it is readable
2026-09-04 15:59:02 Result: file /usr/share/ca-certificates/mozilla/QuoVadis_Root_CA_3.crt is readable (or directory accessible).
2026-09-04 15:59:03 Result: file '/usr/share/ca-certificates/mozilla/QuoVadis_Root_CA_3.crt' belongs to package (ca-certificates)
2026-09-04 15:59:03 Test: check if we can access /usr/share/ca-certificates/mozilla/QuoVadis_Root_CA_3_G3.crt (escaped: /usr/share/ca-certificates/mozilla/QuoVadis_Root_CA_3_G3.crt)
2026-09-04 15:59:03 Result: file is owned by our current user ID (0), checking if it is readable
2026-09-04 15:59:03 Result: file /usr/share/ca-certificates/mozilla/QuoVadis_Root_CA_3_G3.crt is readable (or directory accessible).
2026-09-04 15:59:03 Result: file '/usr/share/ca-certificates/mozilla/QuoVadis_Root_CA_3_G3.crt' belongs to package (ca-certificates)
2026-09-04 15:59:04 Test: check if we can access /usr/share/ca-certificates/mozilla/SSL.com_EV_Root_Certification_Authority_ECC.crt (escaped: /usr/share/ca-certificates/mozilla/SSL.com_EV_Root_Certification_Authority_ECC.crt)
2026-09-04 15:59:04 Result: file is owned by our current user ID (0), checking if it is readable
2026-09-04 15:59:04 Result: file /usr/share/ca-certificates/mozilla/SSL.com_EV_Root_Certification_Authority_ECC.crt is readable (or directory accessible).
2026-09-04 15:59:04 Result: file '/usr/share/ca-certificates/mozilla/SSL.com_EV_Root_Certification_Authority_ECC.crt' belongs to package (ca-certificates)
2026-09-04 15:59:04 Test: check if we can access /usr/share/ca-certificates/mozilla/SSL.com_EV_Root_Certification_Authority_RSA_R2.crt (escaped: /usr/share/ca-certificates/mozilla/SSL.com_EV_Root_Certification_Authority_RSA_R2.crt)
2026-09-04 15:59:04 Result: file is owned by our current user ID (0), checking if it is readable
2026-09-04 15:59:04 Result: file /usr/share/ca-certificates/mozilla/SSL.com_EV_Root_Certification_Authority_RSA_R2.crt is readable (or directory accessible).
2026-09-04 15:59:05 Result: file '/usr/share/ca-certificates/mozilla/SSL.com_EV_Root_Certification_Authority_RSA_R2.crt' belongs to package (ca-certificates)
2026-09-04 15:59:05 Test: check if we can access /usr/share/ca-certificates/mozilla/SSL.com_Root_Certification_Authority_ECC.crt (escaped: /usr/share/ca-certificates/mozilla/SSL.com_Root_Certification_Authority_ECC.crt)
2026-09-04 15:59:05 Result: file is owned by our current user ID (0), checking if it is readable
2026-09-04 15:59:05 Result: file /usr/share/ca-certificates/mozilla/SSL.com_Root_Certification_Authority_ECC.crt is readable (or directory accessible).
2026-09-04 15:59:05 Result: file '/usr/share/ca-certificates/mozilla/SSL.com_Root_Certification_Authority_ECC.crt' belongs to package (ca-certificates)
2026-09-04 15:59:06 Test: check if we can access /usr/share/ca-certificates/mozilla/SSL.com_Root_Certification_Authority_RSA.crt (escaped: /usr/share/ca-certificates/mozilla/SSL.com_Root_Certification_Authority_RSA.crt)
2026-09-04 15:59:06 Result: file is owned by our current user ID (0), checking if it is readable
2026-09-04 15:59:06 Result: file /usr/share/ca-certificates/mozilla/SSL.com_Root_Certification_Authority_RSA.crt is readable (or directory accessible).
2026-09-04 15:59:06 Result: file '/usr/share/ca-certificates/mozilla/SSL.com_Root_Certification_Authority_RSA.crt' belongs to package (ca-certificates)
2026-09-04 15:59:06 Test: check if we can access /usr/share/ca-certificates/mozilla/SZAFIR_ROOT_CA2.crt (escaped: /usr/share/ca-certificates/mozilla/SZAFIR_ROOT_CA2.crt)
2026-09-04 15:59:07 Result: file is owned by our current user ID (0), checking if it is readable
2026-09-04 15:59:07 Result: file /usr/share/ca-certificates/mozilla/SZAFIR_ROOT_CA2.crt is readable (or directory accessible).
2026-09-04 15:59:07 Result: file '/usr/share/ca-certificates/mozilla/SZAFIR_ROOT_CA2.crt' belongs to package (ca-certificates)
2026-09-04 15:59:07 Test: check if we can access /usr/share/ca-certificates/mozilla/Sectigo_Public_Server_Authentication_Root_E46.crt (escaped: /usr/share/ca-certificates/mozilla/Sectigo_Public_Server_Authentication_Root_E46.crt)
2026-09-04 15:59:07 Result: file is owned by our current user ID (0), checking if it is readable
2026-09-04 15:59:08 Result: file /usr/share/ca-certificates/mozilla/Sectigo_Public_Server_Authentication_Root_E46.crt is readable (or directory accessible).
2026-09-04 15:59:08 Result: file '/usr/share/ca-certificates/mozilla/Sectigo_Public_Server_Authentication_Root_E46.crt' belongs to package (ca-certificates)
2026-09-04 15:59:08 Test: check if we can access /usr/share/ca-certificates/mozilla/Sectigo_Public_Server_Authentication_Root_R46.crt (escaped: /usr/share/ca-certificates/mozilla/Sectigo_Public_Server_Authentication_Root_R46.crt)
2026-09-04 15:59:08 Result: file is owned by our current user ID (0), checking if it is readable
2026-09-04 15:59:08 Result: file /usr/share/ca-certificates/mozilla/Sectigo_Public_Server_Authentication_Root_R46.crt is readable (or directory accessible).
2026-09-04 15:59:09 Result: file '/usr/share/ca-certificates/mozilla/Sectigo_Public_Server_Authentication_Root_R46.crt' belongs to package (ca-certificates)
2026-09-04 15:59:09 Test: check if we can access /usr/share/ca-certificates/mozilla/SecureSign_RootCA11.crt (escaped: /usr/share/ca-certificates/mozilla/SecureSign_RootCA11.crt)
2026-09-04 15:59:09 Result: file is owned by our current user ID (0), checking if it is readable
2026-09-04 15:59:09 Result: file /usr/share/ca-certificates/mozilla/SecureSign_RootCA11.crt is readable (or directory accessible).
2026-09-04 15:59:09 Result: file '/usr/share/ca-certificates/mozilla/SecureSign_RootCA11.crt' belongs to package (ca-certificates)
2026-09-04 15:59:09 Test: check if we can access /usr/share/ca-certificates/mozilla/SecureTrust_CA.crt (escaped: /usr/share/ca-certificates/mozilla/SecureTrust_CA.crt)
2026-09-04 15:59:10 Result: file is owned by our current user ID (0), checking if it is readable
2026-09-04 15:59:10 Result: file /usr/share/ca-certificates/mozilla/SecureTrust_CA.crt is readable (or directory accessible).
2026-09-04 15:59:10 Result: file '/usr/share/ca-certificates/mozilla/SecureTrust_CA.crt' belongs to package (ca-certificates)
2026-09-04 15:59:10 Test: check if we can access /usr/share/ca-certificates/mozilla/Secure_Global_CA.crt (escaped: /usr/share/ca-certificates/mozilla/Secure_Global_CA.crt)
2026-09-04 15:59:10 Result: file is owned by our current user ID (0), checking if it is readable
2026-09-04 15:59:10 Result: file /usr/share/ca-certificates/mozilla/Secure_Global_CA.crt is readable (or directory accessible).
2026-09-04 15:59:11 Result: file '/usr/share/ca-certificates/mozilla/Secure_Global_CA.crt' belongs to package (ca-certificates)
2026-09-04 15:59:11 Test: check if we can access /usr/share/ca-certificates/mozilla/Security_Communication_ECC_RootCA1.crt (escaped: /usr/share/ca-certificates/mozilla/Security_Communication_ECC_RootCA1.crt)
2026-09-04 15:59:11 Result: file is owned by our current user ID (0), checking if it is readable
2026-09-04 15:59:11 Result: file /usr/share/ca-certificates/mozilla/Security_Communication_ECC_RootCA1.crt is readable (or directory accessible).
2026-09-04 15:59:11 Result: file '/usr/share/ca-certificates/mozilla/Security_Communication_ECC_RootCA1.crt' belongs to package (ca-certificates)
2026-09-04 15:59:11 Test: check if we can access /usr/share/ca-certificates/mozilla/Security_Communication_RootCA2.crt (escaped: /usr/share/ca-certificates/mozilla/Security_Communication_RootCA2.crt)
2026-09-04 15:59:12 Result: file is owned by our current user ID (0), checking if it is readable
2026-09-04 15:59:12 Result: file /usr/share/ca-certificates/mozilla/Security_Communication_RootCA2.crt is readable (or directory accessible).
2026-09-04 15:59:12 Result: file '/usr/share/ca-certificates/mozilla/Security_Communication_RootCA2.crt' belongs to package (ca-certificates)
2026-09-04 15:59:12 Test: check if we can access /usr/share/ca-certificates/mozilla/Security_Communication_RootCA3.crt (escaped: /usr/share/ca-certificates/mozilla/Security_Communication_RootCA3.crt)
2026-09-04 15:59:12 Result: file is owned by our current user ID (0), checking if it is readable
2026-09-04 15:59:12 Result: file /usr/share/ca-certificates/mozilla/Security_Communication_RootCA3.crt is readable (or directory accessible).
2026-09-04 15:59:13 Result: file '/usr/share/ca-certificates/mozilla/Security_Communication_RootCA3.crt' belongs to package (ca-certificates)
2026-09-04 15:59:13 Test: check if we can access /usr/share/ca-certificates/mozilla/Security_Communication_Root_CA.crt (escaped: /usr/share/ca-certificates/mozilla/Security_Communication_Root_CA.crt)
2026-09-04 15:59:13 Result: file is owned by our current user ID (0), checking if it is readable
2026-09-04 15:59:13 Result: file /usr/share/ca-certificates/mozilla/Security_Communication_Root_CA.crt is readable (or directory accessible).
2026-09-04 15:59:13 Result: file '/usr/share/ca-certificates/mozilla/Security_Communication_Root_CA.crt' belongs to package (ca-certificates)
2026-09-04 15:59:14 Test: check if we can access /usr/share/ca-certificates/mozilla/Starfield_Class_2_CA.crt (escaped: /usr/share/ca-certificates/mozilla/Starfield_Class_2_CA.crt)
2026-09-04 15:59:14 Result: file is owned by our current user ID (0), checking if it is readable
2026-09-04 15:59:14 Result: file /usr/share/ca-certificates/mozilla/Starfield_Class_2_CA.crt is readable (or directory accessible).
2026-09-04 15:59:14 Result: file '/usr/share/ca-certificates/mozilla/Starfield_Class_2_CA.crt' belongs to package (ca-certificates)
2026-09-04 15:59:14 Test: check if we can access /usr/share/ca-certificates/mozilla/Starfield_Root_Certificate_Authority_-_G2.crt (escaped: /usr/share/ca-certificates/mozilla/Starfield_Root_Certificate_Authority_-_G2.crt)
2026-09-04 15:59:14 Result: file is owned by our current user ID (0), checking if it is readable
2026-09-04 15:59:14 Result: file /usr/share/ca-certificates/mozilla/Starfield_Root_Certificate_Authority_-_G2.crt is readable (or directory accessible).
2026-09-04 15:59:15 Result: file '/usr/share/ca-certificates/mozilla/Starfield_Root_Certificate_Authority_-_G2.crt' belongs to package (ca-certificates)
2026-09-04 15:59:15 Test: check if we can access /usr/share/ca-certificates/mozilla/Starfield_Services_Root_Certificate_Authority_-_G2.crt (escaped: /usr/share/ca-certificates/mozilla/Starfield_Services_Root_Certificate_Authority_-_G2.crt)
2026-09-04 15:59:15 Result: file is owned by our current user ID (0), checking if it is readable
2026-09-04 15:59:15 Result: file /usr/share/ca-certificates/mozilla/Starfield_Services_Root_Certificate_Authority_-_G2.crt is readable (or directory accessible).
2026-09-04 15:59:16 Result: file '/usr/share/ca-certificates/mozilla/Starfield_Services_Root_Certificate_Authority_-_G2.crt' belongs to package (ca-certificates)
2026-09-04 15:59:16 Test: check if we can access /usr/share/ca-certificates/mozilla/SwissSign_Gold_CA_-_G2.crt (escaped: /usr/share/ca-certificates/mozilla/SwissSign_Gold_CA_-_G2.crt)
2026-09-04 15:59:16 Result: file is owned by our current user ID (0), checking if it is readable
2026-09-04 15:59:16 Result: file /usr/share/ca-certificates/mozilla/SwissSign_Gold_CA_-_G2.crt is readable (or directory accessible).
2026-09-04 15:59:16 Result: file '/usr/share/ca-certificates/mozilla/SwissSign_Gold_CA_-_G2.crt' belongs to package (ca-certificates)
2026-09-04 15:59:16 Test: check if we can access /usr/share/ca-certificates/mozilla/SwissSign_Silver_CA_-_G2.crt (escaped: /usr/share/ca-certificates/mozilla/SwissSign_Silver_CA_-_G2.crt)
2026-09-04 15:59:17 Result: file is owned by our current user ID (0), checking if it is readable
2026-09-04 15:59:17 Result: file /usr/share/ca-certificates/mozilla/SwissSign_Silver_CA_-_G2.crt is readable (or directory accessible).
2026-09-04 15:59:17 Result: file '/usr/share/ca-certificates/mozilla/SwissSign_Silver_CA_-_G2.crt' belongs to package (ca-certificates)
2026-09-04 15:59:17 Test: check if we can access /usr/share/ca-certificates/mozilla/T-TeleSec_GlobalRoot_Class_2.crt (escaped: /usr/share/ca-certificates/mozilla/T-TeleSec_GlobalRoot_Class_2.crt)
2026-09-04 15:59:17 Result: file is owned by our current user ID (0), checking if it is readable
2026-09-04 15:59:17 Result: file /usr/share/ca-certificates/mozilla/T-TeleSec_GlobalRoot_Class_2.crt is readable (or directory accessible).
2026-09-04 15:59:18 Result: file '/usr/share/ca-certificates/mozilla/T-TeleSec_GlobalRoot_Class_2.crt' belongs to package (ca-certificates)
2026-09-04 15:59:18 Test: check if we can access /usr/share/ca-certificates/mozilla/T-TeleSec_GlobalRoot_Class_3.crt (escaped: /usr/share/ca-certificates/mozilla/T-TeleSec_GlobalRoot_Class_3.crt)
2026-09-04 15:59:18 Result: file is owned by our current user ID (0), checking if it is readable
2026-09-04 15:59:18 Result: file /usr/share/ca-certificates/mozilla/T-TeleSec_GlobalRoot_Class_3.crt is readable (or directory accessible).
2026-09-04 15:59:19 Result: file '/usr/share/ca-certificates/mozilla/T-TeleSec_GlobalRoot_Class_3.crt' belongs to package (ca-certificates)
2026-09-04 15:59:19 Test: check if we can access /usr/share/ca-certificates/mozilla/TUBITAK_Kamu_SM_SSL_Kok_Sertifikasi_-_Surum_1.crt (escaped: /usr/share/ca-certificates/mozilla/TUBITAK_Kamu_SM_SSL_Kok_Sertifikasi_-_Surum_1.crt)
2026-09-04 15:59:19 Result: file is owned by our current user ID (0), checking if it is readable
2026-09-04 15:59:19 Result: file /usr/share/ca-certificates/mozilla/TUBITAK_Kamu_SM_SSL_Kok_Sertifikasi_-_Surum_1.crt is readable (or directory accessible).
2026-09-04 15:59:20 Result: file '/usr/share/ca-certificates/mozilla/TUBITAK_Kamu_SM_SSL_Kok_Sertifikasi_-_Surum_1.crt' belongs to package (ca-certificates)
2026-09-04 15:59:20 Test: check if we can access /usr/share/ca-certificates/mozilla/TWCA_Global_Root_CA.crt (escaped: /usr/share/ca-certificates/mozilla/TWCA_Global_Root_CA.crt)
2026-09-04 15:59:20 Result: file is owned by our current user ID (0), checking if it is readable
2026-09-04 15:59:20 Result: file /usr/share/ca-certificates/mozilla/TWCA_Global_Root_CA.crt is readable (or directory accessible).
2026-09-04 15:59:21 Result: file '/usr/share/ca-certificates/mozilla/TWCA_Global_Root_CA.crt' belongs to package (ca-certificates)
2026-09-04 15:59:21 Test: check if we can access /usr/share/ca-certificates/mozilla/TWCA_Root_Certification_Authority.crt (escaped: /usr/share/ca-certificates/mozilla/TWCA_Root_Certification_Authority.crt)
2026-09-04 15:59:21 Result: file is owned by our current user ID (0), checking if it is readable
2026-09-04 15:59:21 Result: file /usr/share/ca-certificates/mozilla/TWCA_Root_Certification_Authority.crt is readable (or directory accessible).
2026-09-04 15:59:21 Result: file '/usr/share/ca-certificates/mozilla/TWCA_Root_Certification_Authority.crt' belongs to package (ca-certificates)
2026-09-04 15:59:21 Test: check if we can access /usr/share/ca-certificates/mozilla/TeliaSonera_Root_CA_v1.crt (escaped: /usr/share/ca-certificates/mozilla/TeliaSonera_Root_CA_v1.crt)
2026-09-04 15:59:22 Result: file is owned by our current user ID (0), checking if it is readable
2026-09-04 15:59:22 Result: file /usr/share/ca-certificates/mozilla/TeliaSonera_Root_CA_v1.crt is readable (or directory accessible).
2026-09-04 15:59:22 Result: file '/usr/share/ca-certificates/mozilla/TeliaSonera_Root_CA_v1.crt' belongs to package (ca-certificates)
2026-09-04 15:59:22 Test: check if we can access /usr/share/ca-certificates/mozilla/Telia_Root_CA_v2.crt (escaped: /usr/share/ca-certificates/mozilla/Telia_Root_CA_v2.crt)
2026-09-04 15:59:22 Result: file is owned by our current user ID (0), checking if it is readable
2026-09-04 15:59:22 Result: file /usr/share/ca-certificates/mozilla/Telia_Root_CA_v2.crt is readable (or directory accessible).
2026-09-04 15:59:23 Result: file '/usr/share/ca-certificates/mozilla/Telia_Root_CA_v2.crt' belongs to package (ca-certificates)
2026-09-04 15:59:23 Test: check if we can access /usr/share/ca-certificates/mozilla/TrustCor_ECA-1.crt (escaped: /usr/share/ca-certificates/mozilla/TrustCor_ECA-1.crt)
2026-09-04 15:59:23 Result: file is owned by our current user ID (0), checking if it is readable
2026-09-04 15:59:23 Result: file /usr/share/ca-certificates/mozilla/TrustCor_ECA-1.crt is readable (or directory accessible).
2026-09-04 15:59:23 Result: file '/usr/share/ca-certificates/mozilla/TrustCor_ECA-1.crt' belongs to package (ca-certificates)
2026-09-04 15:59:24 Test: check if we can access /usr/share/ca-certificates/mozilla/TrustCor_RootCert_CA-1.crt (escaped: /usr/share/ca-certificates/mozilla/TrustCor_RootCert_CA-1.crt)
2026-09-04 15:59:24 Result: file is owned by our current user ID (0), checking if it is readable
2026-09-04 15:59:24 Result: file /usr/share/ca-certificates/mozilla/TrustCor_RootCert_CA-1.crt is readable (or directory accessible).
2026-09-04 15:59:24 Result: file '/usr/share/ca-certificates/mozilla/TrustCor_RootCert_CA-1.crt' belongs to package (ca-certificates)
2026-09-04 15:59:24 Test: check if we can access /usr/share/ca-certificates/mozilla/TrustCor_RootCert_CA-2.crt (escaped: /usr/share/ca-certificates/mozilla/TrustCor_RootCert_CA-2.crt)
2026-09-04 15:59:25 Result: file is owned by our current user ID (0), checking if it is readable
2026-09-04 15:59:25 Result: file /usr/share/ca-certificates/mozilla/TrustCor_RootCert_CA-2.crt is readable (or directory accessible).
2026-09-04 15:59:25 Result: file '/usr/share/ca-certificates/mozilla/TrustCor_RootCert_CA-2.crt' belongs to package (ca-certificates)
2026-09-04 15:59:25 Test: check if we can access /usr/share/ca-certificates/mozilla/Trustwave_Global_Certification_Authority.crt (escaped: /usr/share/ca-certificates/mozilla/Trustwave_Global_Certification_Authority.crt)
2026-09-04 15:59:25 Result: file is owned by our current user ID (0), checking if it is readable
2026-09-04 15:59:25 Result: file /usr/share/ca-certificates/mozilla/Trustwave_Global_Certification_Authority.crt is readable (or directory accessible).
2026-09-04 15:59:26 Result: file '/usr/share/ca-certificates/mozilla/Trustwave_Global_Certification_Authority.crt' belongs to package (ca-certificates)
2026-09-04 15:59:26 Test: check if we can access /usr/share/ca-certificates/mozilla/Trustwave_Global_ECC_P256_Certification_Authority.crt (escaped: /usr/share/ca-certificates/mozilla/Trustwave_Global_ECC_P256_Certification_Authority.crt)
2026-09-04 15:59:26 Result: file is owned by our current user ID (0), checking if it is readable
2026-09-04 15:59:26 Result: file /usr/share/ca-certificates/mozilla/Trustwave_Global_ECC_P256_Certification_Authority.crt is readable (or directory accessible).
2026-09-04 15:59:26 Result: file '/usr/share/ca-certificates/mozilla/Trustwave_Global_ECC_P256_Certification_Authority.crt' belongs to package (ca-certificates)
2026-09-04 15:59:26 Test: check if we can access /usr/share/ca-certificates/mozilla/Trustwave_Global_ECC_P384_Certification_Authority.crt (escaped: /usr/share/ca-certificates/mozilla/Trustwave_Global_ECC_P384_Certification_Authority.crt)
2026-09-04 15:59:27 Result: file is owned by our current user ID (0), checking if it is readable
2026-09-04 15:59:27 Result: file /usr/share/ca-certificates/mozilla/Trustwave_Global_ECC_P384_Certification_Authority.crt is readable (or directory accessible).
2026-09-04 15:59:27 Result: file '/usr/share/ca-certificates/mozilla/Trustwave_Global_ECC_P384_Certification_Authority.crt' belongs to package (ca-certificates)
2026-09-04 15:59:27 Test: check if we can access /usr/share/ca-certificates/mozilla/TunTrust_Root_CA.crt (escaped: /usr/share/ca-certificates/mozilla/TunTrust_Root_CA.crt)
2026-09-04 15:59:27 Result: file is owned by our current user ID (0), checking if it is readable
2026-09-04 15:59:27 Result: file /usr/share/ca-certificates/mozilla/TunTrust_Root_CA.crt is readable (or directory accessible).
2026-09-04 15:59:28 Result: file '/usr/share/ca-certificates/mozilla/TunTrust_Root_CA.crt' belongs to package (ca-certificates)
2026-09-04 15:59:28 Test: check if we can access /usr/share/ca-certificates/mozilla/UCA_Extended_Validation_Root.crt (escaped: /usr/share/ca-certificates/mozilla/UCA_Extended_Validation_Root.crt)
2026-09-04 15:59:28 Result: file is owned by our current user ID (0), checking if it is readable
2026-09-04 15:59:28 Result: file /usr/share/ca-certificates/mozilla/UCA_Extended_Validation_Root.crt is readable (or directory accessible).
2026-09-04 15:59:28 Result: file '/usr/share/ca-certificates/mozilla/UCA_Extended_Validation_Root.crt' belongs to package (ca-certificates)
2026-09-04 15:59:29 Test: check if we can access /usr/share/ca-certificates/mozilla/UCA_Global_G2_Root.crt (escaped: /usr/share/ca-certificates/mozilla/UCA_Global_G2_Root.crt)
2026-09-04 15:59:29 Result: file is owned by our current user ID (0), checking if it is readable
2026-09-04 15:59:29 Result: file /usr/share/ca-certificates/mozilla/UCA_Global_G2_Root.crt is readable (or directory accessible).
2026-09-04 15:59:29 Result: file '/usr/share/ca-certificates/mozilla/UCA_Global_G2_Root.crt' belongs to package (ca-certificates)
2026-09-04 15:59:29 Test: check if we can access /usr/share/ca-certificates/mozilla/USERTrust_ECC_Certification_Authority.crt (escaped: /usr/share/ca-certificates/mozilla/USERTrust_ECC_Certification_Authority.crt)
2026-09-04 15:59:29 Result: file is owned by our current user ID (0), checking if it is readable
2026-09-04 15:59:29 Result: file /usr/share/ca-certificates/mozilla/USERTrust_ECC_Certification_Authority.crt is readable (or directory accessible).
2026-09-04 15:59:30 Result: file '/usr/share/ca-certificates/mozilla/USERTrust_ECC_Certification_Authority.crt' belongs to package (ca-certificates)
2026-09-04 15:59:30 Test: check if we can access /usr/share/ca-certificates/mozilla/USERTrust_RSA_Certification_Authority.crt (escaped: /usr/share/ca-certificates/mozilla/USERTrust_RSA_Certification_Authority.crt)
2026-09-04 15:59:30 Result: file is owned by our current user ID (0), checking if it is readable
2026-09-04 15:59:30 Result: file /usr/share/ca-certificates/mozilla/USERTrust_RSA_Certification_Authority.crt is readable (or directory accessible).
2026-09-04 15:59:30 Result: file '/usr/share/ca-certificates/mozilla/USERTrust_RSA_Certification_Authority.crt' belongs to package (ca-certificates)
2026-09-04 15:59:31 Test: check if we can access /usr/share/ca-certificates/mozilla/XRamp_Global_CA_Root.crt (escaped: /usr/share/ca-certificates/mozilla/XRamp_Global_CA_Root.crt)
2026-09-04 15:59:31 Result: file is owned by our current user ID (0), checking if it is readable
2026-09-04 15:59:31 Result: file /usr/share/ca-certificates/mozilla/XRamp_Global_CA_Root.crt is readable (or directory accessible).
2026-09-04 15:59:31 Result: file '/usr/share/ca-certificates/mozilla/XRamp_Global_CA_Root.crt' belongs to package (ca-certificates)
2026-09-04 15:59:31 Test: check if we can access /usr/share/ca-certificates/mozilla/certSIGN_ROOT_CA.crt (escaped: /usr/share/ca-certificates/mozilla/certSIGN_ROOT_CA.crt)
2026-09-04 15:59:31 Result: file is owned by our current user ID (0), checking if it is readable
2026-09-04 15:59:32 Result: file /usr/share/ca-certificates/mozilla/certSIGN_ROOT_CA.crt is readable (or directory accessible).
2026-09-04 15:59:32 Result: file '/usr/share/ca-certificates/mozilla/certSIGN_ROOT_CA.crt' belongs to package (ca-certificates)
2026-09-04 15:59:32 Test: check if we can access /usr/share/ca-certificates/mozilla/certSIGN_Root_CA_G2.crt (escaped: /usr/share/ca-certificates/mozilla/certSIGN_Root_CA_G2.crt)
2026-09-04 15:59:32 Result: file is owned by our current user ID (0), checking if it is readable
2026-09-04 15:59:32 Result: file /usr/share/ca-certificates/mozilla/certSIGN_Root_CA_G2.crt is readable (or directory accessible).
2026-09-04 15:59:32 Result: file '/usr/share/ca-certificates/mozilla/certSIGN_Root_CA_G2.crt' belongs to package (ca-certificates)
2026-09-04 15:59:33 Test: check if we can access /usr/share/ca-certificates/mozilla/e-Szigno_Root_CA_2017.crt (escaped: /usr/share/ca-certificates/mozilla/e-Szigno_Root_CA_2017.crt)
2026-09-04 15:59:33 Result: file is owned by our current user ID (0), checking if it is readable
2026-09-04 15:59:33 Result: file /usr/share/ca-certificates/mozilla/e-Szigno_Root_CA_2017.crt is readable (or directory accessible).
2026-09-04 15:59:33 Result: file '/usr/share/ca-certificates/mozilla/e-Szigno_Root_CA_2017.crt' belongs to package (ca-certificates)
2026-09-04 15:59:33 Test: check if we can access /usr/share/ca-certificates/mozilla/ePKI_Root_Certification_Authority.crt (escaped: /usr/share/ca-certificates/mozilla/ePKI_Root_Certification_Authority.crt)
2026-09-04 15:59:33 Result: file is owned by our current user ID (0), checking if it is readable
2026-09-04 15:59:33 Result: file /usr/share/ca-certificates/mozilla/ePKI_Root_Certification_Authority.crt is readable (or directory accessible).
2026-09-04 15:59:34 Result: file '/usr/share/ca-certificates/mozilla/ePKI_Root_Certification_Authority.crt' belongs to package (ca-certificates)
2026-09-04 15:59:34 Test: check if we can access /usr/share/ca-certificates/mozilla/emSign_ECC_Root_CA_-_C3.crt (escaped: /usr/share/ca-certificates/mozilla/emSign_ECC_Root_CA_-_C3.crt)
2026-09-04 15:59:34 Result: file is owned by our current user ID (0), checking if it is readable
2026-09-04 15:59:34 Result: file /usr/share/ca-certificates/mozilla/emSign_ECC_Root_CA_-_C3.crt is readable (or directory accessible).
2026-09-04 15:59:35 Result: file '/usr/share/ca-certificates/mozilla/emSign_ECC_Root_CA_-_C3.crt' belongs to package (ca-certificates)
2026-09-04 15:59:35 Test: check if we can access /usr/share/ca-certificates/mozilla/emSign_ECC_Root_CA_-_G3.crt (escaped: /usr/share/ca-certificates/mozilla/emSign_ECC_Root_CA_-_G3.crt)
2026-09-04 15:59:35 Result: file is owned by our current user ID (0), checking if it is readable
2026-09-04 15:59:35 Result: file /usr/share/ca-certificates/mozilla/emSign_ECC_Root_CA_-_G3.crt is readable (or directory accessible).
2026-09-04 15:59:35 Result: file '/usr/share/ca-certificates/mozilla/emSign_ECC_Root_CA_-_G3.crt' belongs to package (ca-certificates)
2026-09-04 15:59:35 Test: check if we can access /usr/share/ca-certificates/mozilla/emSign_Root_CA_-_C1.crt (escaped: /usr/share/ca-certificates/mozilla/emSign_Root_CA_-_C1.crt)
2026-09-04 15:59:35 Result: file is owned by our current user ID (0), checking if it is readable
2026-09-04 15:59:36 Result: file /usr/share/ca-certificates/mozilla/emSign_Root_CA_-_C1.crt is readable (or directory accessible).
2026-09-04 15:59:36 Result: file '/usr/share/ca-certificates/mozilla/emSign_Root_CA_-_C1.crt' belongs to package (ca-certificates)
2026-09-04 15:59:36 Test: check if we can access /usr/share/ca-certificates/mozilla/emSign_Root_CA_-_G1.crt (escaped: /usr/share/ca-certificates/mozilla/emSign_Root_CA_-_G1.crt)
2026-09-04 15:59:36 Result: file is owned by our current user ID (0), checking if it is readable
2026-09-04 15:59:36 Result: file /usr/share/ca-certificates/mozilla/emSign_Root_CA_-_G1.crt is readable (or directory accessible).
2026-09-04 15:59:37 Result: file '/usr/share/ca-certificates/mozilla/emSign_Root_CA_-_G1.crt' belongs to package (ca-certificates)
2026-09-04 15:59:37 Test: check if we can access /usr/share/ca-certificates/mozilla/vTrus_ECC_Root_CA.crt (escaped: /usr/share/ca-certificates/mozilla/vTrus_ECC_Root_CA.crt)
2026-09-04 15:59:37 Result: file is owned by our current user ID (0), checking if it is readable
2026-09-04 15:59:37 Result: file /usr/share/ca-certificates/mozilla/vTrus_ECC_Root_CA.crt is readable (or directory accessible).
2026-09-04 15:59:38 Result: file '/usr/share/ca-certificates/mozilla/vTrus_ECC_Root_CA.crt' belongs to package (ca-certificates)
2026-09-04 15:59:38 Test: check if we can access /usr/share/ca-certificates/mozilla/vTrus_Root_CA.crt (escaped: /usr/share/ca-certificates/mozilla/vTrus_Root_CA.crt)
2026-09-04 15:59:38 Result: file is owned by our current user ID (0), checking if it is readable
2026-09-04 15:59:38 Result: file /usr/share/ca-certificates/mozilla/vTrus_Root_CA.crt is readable (or directory accessible).
2026-09-04 15:59:38 Result: file '/usr/share/ca-certificates/mozilla/vTrus_Root_CA.crt' belongs to package (ca-certificates)
2026-09-04 15:59:38 Result: found 142 certificates in /usr/share/ca-certificates
2026-09-04 15:59:39 Test: check if we can access /usr/share/gnupg (escaped: /usr/share/gnupg)
2026-09-04 15:59:39 Result: file is owned by our current user ID (0), checking if it is readable
2026-09-04 15:59:39 Result: file /usr/share/gnupg is readable (or directory accessible).
2026-09-04 15:59:39 Result: found directory /usr/share/gnupg
2026-09-04 15:59:39 Test: check if we can access /usr/share/gnupg/sks-keyservers.netCA.pem (escaped: /usr/share/gnupg/sks-keyservers.netCA.pem)
2026-09-04 15:59:39 Result: file is owned by our current user ID (0), checking if it is readable
2026-09-04 15:59:39 Result: file /usr/share/gnupg/sks-keyservers.netCA.pem is readable (or directory accessible).
2026-09-04 15:59:40 Result: file '/usr/share/gnupg/sks-keyservers.netCA.pem' belongs to package (dirmngr)
2026-09-04 15:59:40 Result: found 1 certificates in /usr/share/gnupg
2026-09-04 15:59:40 Test: check if we can access /var/www (escaped: /var/www)
2026-09-04 15:59:40 Result: file is owned by our current user ID (0), checking if it is readable
2026-09-04 15:59:40 Result: file /var/www is readable (or directory accessible).
2026-09-04 15:59:40 Result: found directory /var/www
2026-09-04 15:59:40 Result: found 0 certificates in /var/www
2026-09-04 15:59:40 Result: SSL path /srv/www does not exist
2026-09-04 15:59:40 Result: found a total of 144 certificates
2026-09-04 15:59:40 ====
2026-09-04 15:59:40 Performing test ID CRYP-7930 (Determine if system uses LUKS block device encryption)
2026-09-04 15:59:40 ====
2026-09-04 15:59:41 Skipped test CRYP-7931 (Determine if system uses encrypted swap)
2026-09-04 15:59:41 Reason to skip: Prerequisites not met (ie missing tool, other type of Linux distribution)
2026-09-04 15:59:41 ====
2026-09-04 15:59:41 Performing test ID CRYP-8002 (Gather available kernel entropy)
2026-09-04 15:59:41 Result: found kernel entropy value of 256
2026-09-04 15:59:41 ====
2026-09-04 15:59:41 Performing test ID CRYP-8004 (Presence of hardware random number generators)
2026-09-04 15:59:41 Test: looking for /sys/class/misc/hw_random/rng_current
2026-09-04 15:59:41 Result: no HW RNG available
2026-09-04 15:59:41 ====
2026-09-04 15:59:41 Performing test ID CRYP-8005 (Presence of software pseudo random number generators)
2026-09-04 15:59:41 Test: looking for software pseudo random number generators
2026-09-04 15:59:41 Performing pgrep scan without uid
2026-09-04 15:59:42 IsRunning: process 'audio-entropyd' not found
2026-09-04 15:59:42 Performing pgrep scan without uid
2026-09-04 15:59:42 IsRunning: process 'haveged' not found
2026-09-04 15:59:42 Performing pgrep scan without uid
2026-09-04 15:59:42 IsRunning: process 'jitterentropy-rngd' not found
2026-09-04 15:59:42 ====
2026-09-04 15:59:42 Performing test ID CRYP-8006 (MemoryOverwriteRequest-bit set)
2026-09-04 15:59:42 Test: looking for /sys/firmware/efi/efivars/MemoryOverwriteRequestControl-e20939be-32d4-41be-a150-897f85d49829
2026-09-04 15:59:42 Result: could not find /sys/firmware/efi/efivars/MemoryOverwriteRequestControl-e20939be-32d4-41be-a150-897f85d49829
2026-09-04 15:59:42 Security check: file is normal
2026-09-04 15:59:42 Checking permissions of /usr/share/lynis/include/tests_virtualization
2026-09-04 15:59:43 File permissions are OK
2026-09-04 15:59:43 ====
2026-09-04 15:59:43 Action: Performing tests from category: Virtualization
2026-09-04 15:59:43 Security check: file is normal
2026-09-04 15:59:43 Checking permissions of /usr/share/lynis/include/tests_containers
2026-09-04 15:59:43 File permissions are OK
2026-09-04 15:59:43 ====
2026-09-04 15:59:43 Action: Performing tests from category: Containers
2026-09-04 15:59:43 ====
2026-09-04 15:59:43 Skipped test CONT-8004 (Query running Solaris zones)
2026-09-04 15:59:43 Reason to skip: Incorrect guest OS (Solaris only)
2026-09-04 15:59:43 ====
2026-09-04 15:59:43 Performing test ID CONT-8102 (Checking Docker status and information)
2026-09-04 15:59:43 Performing pgrep scan without uid
2026-09-04 15:59:44 IsRunning: process 'dockerd' not found
2026-09-04 15:59:44 ====
2026-09-04 15:59:44 Skipped test CONT-8104 (Checking Docker info for any warnings)
2026-09-04 15:59:44 Reason to skip: Prerequisites not met (ie missing tool, other type of Linux distribution)
2026-09-04 15:59:44 ====
2026-09-04 15:59:44 Skipped test CONT-8106 (Gather basic stats from Docker)
2026-09-04 15:59:44 Reason to skip: Prerequisites not met (ie missing tool, other type of Linux distribution)
2026-09-04 15:59:44 ====
2026-09-04 15:59:44 Skipped test CONT-8107 (Check number of Docker containers)
2026-09-04 15:59:44 Reason to skip: Prerequisites not met (ie missing tool, other type of Linux distribution)
2026-09-04 15:59:44 ====
2026-09-04 15:59:44 Skipped test CONT-8108 (Check file permissions for Docker files)
2026-09-04 15:59:44 Reason to skip: Prerequisites not met (ie missing tool, other type of Linux distribution)
2026-09-04 15:59:44 Security check: file is normal
2026-09-04 15:59:44 Checking permissions of /usr/share/lynis/include/tests_mac_frameworks
2026-09-04 15:59:45 File permissions are OK
2026-09-04 15:59:45 ====
2026-09-04 15:59:45 Action: Performing tests from category: Security frameworks
2026-09-04 15:59:45 ====
2026-09-04 15:59:45 Performing test ID MACF-6204 (Check AppArmor presence)
2026-09-04 15:59:45 Result: aa-status binary found, AppArmor is installed
2026-09-04 15:59:45 ====
2026-09-04 15:59:45 Performing test ID MACF-6208 (Check if AppArmor is enabled)
2026-09-04 15:59:45 Result: file /sys/kernel/security/apparmor/profiles is available and readable
2026-09-04 15:59:45 Result: AppArmor is enabled and a policy is loaded
2026-09-04 15:59:45 Hardening: assigned maximum number of hardening points for this item (3). Currently having 172 points (out of 262)
2026-09-04 15:59:46 Result: Unconfined process: unconfined:1:systemd
2026-09-04 15:59:46 Result: Unconfined process: unconfined:2:kthreadd
2026-09-04 15:59:46 Result: Unconfined process: unconfined:292:systemd-journal
2026-09-04 15:59:46 Result: Unconfined process: unconfined:318:systemd-udevd
2026-09-04 15:59:46 Result: Unconfined process: unconfined:415:cron
2026-09-04 15:59:46 Result: Unconfined process: unconfined:416:dbus-daemon
2026-09-04 15:59:46 Result: Unconfined process: unconfined:427:systemd-logind
2026-09-04 15:59:46 Result: Unconfined process: unconfined:464:wpa_supplicant
2026-09-04 15:59:46 Result: Unconfined process: unconfined:640:sshd
2026-09-04 15:59:46 Result: Unconfined process: unconfined:710:nmbd
2026-09-04 15:59:46 Result: Unconfined process: unconfined:762:VBoxService
2026-09-04 15:59:46 Result: Unconfined process: unconfined:774:smbd
2026-09-04 15:59:46 Result: Unconfined process: unconfined:776:smbd-notifyd
2026-09-04 15:59:46 Result: Unconfined process: unconfined:777:cleanupd
2026-09-04 15:59:46 Result: Unconfined process: unconfined:825:systemd
2026-09-04 15:59:46 Result: Unconfined process: unconfined:828:(sd-pam)
2026-09-04 15:59:46 Result: Unconfined process: unconfined:969:VBoxService
2026-09-04 15:59:46 Result: Unconfined process: unconfined:1529:nginx
2026-09-04 15:59:46 Result: Unconfined process: unconfined:1597:nginx
2026-09-04 15:59:46 Result: Unconfined process: unconfined:1902:agetty
2026-09-04 15:59:46 Result: Unconfined process: unconfined:2212:VBoxService
2026-09-04 15:59:46 Result: Unconfined process: unconfined:2218:bash
2026-09-04 15:59:46 Result: Unconfined process: unconfined:2219:lynis
2026-09-04 15:59:46 Result: Unconfined process: unconfined:2220:tail
2026-09-04 15:59:46 Result: Unconfined process: unconfined:30667:lynis
2026-09-04 15:59:47 Result: Unconfined process: unconfined:30668:ps
2026-09-04 15:59:47 Result: Unconfined process: unconfined:30669:grep
2026-09-04 15:59:47 Result: Unconfined process: unconfined:30670:tr
2026-09-04 15:59:47 ====
2026-09-04 15:59:47 Performing test ID MACF-6232 (Check SELINUX presence)
2026-09-04 15:59:47 Test: checking if we have sestatus binary
2026-09-04 15:59:47 Result: sestatus binary NOT found
2026-09-04 15:59:47 ====
2026-09-04 15:59:47 Skipped test MACF-6234 (Check SELINUX status)
2026-09-04 15:59:47 Reason to skip: Prerequisites not met (ie missing tool, other type of Linux distribution)
2026-09-04 15:59:47 ====
2026-09-04 15:59:47 Performing test ID MACF-6240 (Check TOMOYO Linux presence)
2026-09-04 15:59:47 Test: checking if we have tomoyo-init binary
2026-09-04 15:59:47 Result: tomoyo-init binary not found
2026-09-04 15:59:47 ====
2026-09-04 15:59:48 Skipped test MACF-6242 (Check TOMOYO Linux status)
2026-09-04 15:59:48 Reason to skip: Prerequisites not met (ie missing tool, other type of Linux distribution)
2026-09-04 15:59:48 ====
2026-09-04 15:59:48 Performing test ID RBAC-6272 (Check grsecurity presence)
2026-09-04 15:59:48 Result: no grsecurity found in kernel config
2026-09-04 15:59:48 ====
2026-09-04 15:59:48 Performing test ID MACF-6290 (Check for implemented MAC framework)
2026-09-04 15:59:48 Hardening: assigned maximum number of hardening points for this item (3). Currently having 175 points (out of 265)
2026-09-04 15:59:48 Result: found implemented MAC framework
2026-09-04 15:59:48 Security check: file is normal
2026-09-04 15:59:48 Checking permissions of /usr/share/lynis/include/tests_file_integrity
2026-09-04 15:59:49 File permissions are OK
2026-09-04 15:59:49 ====
2026-09-04 15:59:49 Action: Performing tests from category: Software: file integrity
2026-09-04 15:59:49 ====
2026-09-04 15:59:49 Performing test ID FINT-4310 (AFICK availability)
2026-09-04 15:59:49 Test: Checking AFICK binary
2026-09-04 15:59:49 Result: AFICK is not installed
2026-09-04 15:59:49 ====
2026-09-04 15:59:49 Performing test ID FINT-4314 (AIDE availability)
2026-09-04 15:59:49 Test: Checking AIDE binary
2026-09-04 15:59:49 Result: AIDE is not installed
2026-09-04 15:59:49 ====
2026-09-04 15:59:49 Skipped test FINT-4315 (Check AIDE configuration file)
2026-09-04 15:59:49 Reason to skip: Prerequisites not met (ie missing tool, other type of Linux distribution)
2026-09-04 15:59:49 ====
2026-09-04 15:59:50 Skipped test FINT-4316 (Presence of AIDE database and size check)
2026-09-04 15:59:50 Reason to skip: Prerequisites not met (ie missing tool, other type of Linux distribution)
2026-09-04 15:59:50 ====
2026-09-04 15:59:50 Performing test ID FINT-4318 (Osiris availability)
2026-09-04 15:59:50 Test: Checking Osiris binary
2026-09-04 15:59:50 Result: Osiris is not installed
2026-09-04 15:59:50 ====
2026-09-04 15:59:50 Performing test ID FINT-4322 (Samhain availability)
2026-09-04 15:59:50 Test: Checking Samhain binary
2026-09-04 15:59:50 Result: Samhain is not installed
2026-09-04 15:59:50 ====
2026-09-04 15:59:50 Performing test ID FINT-4326 (Tripwire availability)
2026-09-04 15:59:50 Test: Checking Tripwire binary
2026-09-04 15:59:50 Result: Tripwire is not installed
2026-09-04 15:59:50 ====
2026-09-04 15:59:51 Performing test ID FINT-4328 (OSSEC syscheck daemon running)
2026-09-04 15:59:51 Test: Checking if OSSEC syscheck daemon is running
2026-09-04 15:59:51 Performing pgrep scan without uid
2026-09-04 15:59:51 IsRunning: process 'ossec-syscheckd' not found
2026-09-04 15:59:51 Result: syscheck (OSSEC) is not active
2026-09-04 15:59:51 ====
2026-09-04 15:59:51 Performing test ID FINT-4330 (mtree availability)
2026-09-04 15:59:51 Test: Checking mtree binary
2026-09-04 15:59:51 Result: mtree is not installed
2026-09-04 15:59:51 ====
2026-09-04 15:59:51 Skipped test FINT-4334 (Check lfd daemon status)
2026-09-04 15:59:51 Reason to skip: Prerequisites not met (ie missing tool, other type of Linux distribution)
2026-09-04 15:59:51 ====
2026-09-04 15:59:51 Skipped test FINT-4336 (Check lfd configuration status)
2026-09-04 15:59:51 Reason to skip: Prerequisites not met (ie missing tool, other type of Linux distribution)
2026-09-04 15:59:51 ====
2026-09-04 15:59:52 Performing test ID FINT-4338 (osqueryd syscheck daemon running)
2026-09-04 15:59:52 Test: Checking if osqueryd syscheck daemon is running
2026-09-04 15:59:52 Performing pgrep scan without uid
2026-09-04 15:59:52 IsRunning: process 'osqueryd' not found
2026-09-04 15:59:52 Result: syscheck (osquery) not installed
2026-09-04 15:59:52 ====
2026-09-04 15:59:52 Skipped test FINT-4339 (Check IMA/EVM status)
2026-09-04 15:59:52 Reason to skip: No evmctl binary found
2026-09-04 15:59:52 ====
2026-09-04 15:59:53 Skipped test FINT-4340 (Check dm-integrity status)
2026-09-04 15:59:53 Reason to skip: No integritysetup binary found
2026-09-04 15:59:53 ====
2026-09-04 15:59:53 Skipped test FINT-4341 (Check dm-verity status)
2026-09-04 15:59:53 Reason to skip: No veritysetup binary found
2026-09-04 15:59:53 ====
2026-09-04 15:59:53 Skipped test FINT-4402 (AIDE configuration: Checksums (SHA256 or SHA512))
2026-09-04 15:59:53 Reason to skip: Prerequisites not met (ie missing tool, other type of Linux distribution)
2026-09-04 15:59:53 ====
2026-09-04 15:59:53 Performing test ID FINT-4350 (File integrity software installed)
2026-09-04 15:59:53 Test: Check if at least on file integrity tool is available/installed
2026-09-04 15:59:53 Result: No file integrity tools found
2026-09-04 15:59:53 Suggestion: Install a file integrity tool to monitor changes to critical and sensitive files [test:FINT-4350] [details:-] [solution:-]
2026-09-04 15:59:53 Hardening: assigned partial number of hardening points (0 of 5). Currently having 175 points (out of 270)
2026-09-04 15:59:54 Security check: file is normal
2026-09-04 15:59:54 Checking permissions of /usr/share/lynis/include/tests_tooling
2026-09-04 15:59:54 File permissions are OK
2026-09-04 15:59:54 ====
2026-09-04 15:59:54 Action: Performing tests from category: Software: System tooling
2026-09-04 15:59:54 ====
2026-09-04 15:59:54 Performing test ID TOOL-5002 (Checking for automation tools)
2026-09-04 15:59:54 Test: checking if directory /root/.ansible exists
2026-09-04 15:59:54 Result: directory /root/.ansible NOT found
2026-09-04 15:59:54 Test: checking if directory /etc/ansible exists
2026-09-04 15:59:54 Result: directory /etc/ansible NOT found
2026-09-04 15:59:54 Test: checking if directory /root/.ansible exists
2026-09-04 15:59:54 Result: directory /root/.ansible NOT found
2026-09-04 15:59:54 Test: checking if directory /tmp/.ansible exists
2026-09-04 15:59:55 Result: directory /tmp/.ansible NOT found
2026-09-04 15:59:55 Test: checking if file /var/log/ansible.log exists
2026-09-04 15:59:55 Result: file /var/log/ansible.log NOT found
2026-09-04 15:59:55 Test: checking if file ~/.ansible-retry exists
2026-09-04 15:59:55 Result: file ~/.ansible-retry NOT found
2026-09-04 15:59:55 Performing pgrep scan without uid
2026-09-04 15:59:55 IsRunning: process 'puppet master' not found
2026-09-04 15:59:55 Suggestion: Determine if automation tools are present for system management [test:TOOL-5002] [details:-] [solution:-]
2026-09-04 15:59:55 ====
2026-09-04 15:59:55 Performing test ID TOOL-5102 (Check for presence of Fail2ban)
2026-09-04 15:59:55 Result: Fail2ban not present (fail2ban-server not found)
2026-09-04 15:59:55 Checking Fail2ban configuration file
2026-09-04 15:59:55 ====
2026-09-04 15:59:55 Skipped test TOOL-5104 (Enabled tests in Fail2ban)
2026-09-04 15:59:55 Reason to skip: Prerequisites not met (ie missing tool, other type of Linux distribution)
2026-09-04 15:59:55 ====
2026-09-04 15:59:56 Performing test ID TOOL-5120 (Check for presence of Snort)
2026-09-04 15:59:56 Performing pgrep scan without uid
2026-09-04 15:59:56 IsRunning: process 'snort' not found
2026-09-04 15:59:56 Result: Snort not present (Snort not running)
2026-09-04 15:59:56 ====
2026-09-04 15:59:56 Performing test ID TOOL-5122 (Check Snort configuration file)
2026-09-04 15:59:56 ====
2026-09-04 15:59:56 Performing test ID TOOL-5130 (Check for active Suricata daemon)
2026-09-04 15:59:56 Result: Suricata not installed (suricata not found)
2026-09-04 15:59:56 ====
2026-09-04 15:59:57 Performing test ID TOOL-5126 (Check for active OSSEC daemon)
2026-09-04 15:59:57 Performing pgrep scan without uid
2026-09-04 15:59:57 IsRunning: process 'ossec-analysisd' not found
2026-09-04 15:59:57 Result: OSSEC analysis daemon not active
2026-09-04 15:59:57 Performing pgrep scan without uid
2026-09-04 15:59:57 IsRunning: process 'ossec-agentd' not found
2026-09-04 15:59:57 Result: OSSEC agent daemon not active
2026-09-04 15:59:57 ====
2026-09-04 15:59:57 Performing test ID TOOL-5190 (Check presence of IDS/IPS tool)
2026-09-04 15:59:57 Hardening: assigned partial number of hardening points (0 of 2). Currently having 175 points (out of 272)
2026-09-04 15:59:57 Security check: file is normal
2026-09-04 15:59:57 Checking permissions of /usr/share/lynis/include/tests_malware
2026-09-04 15:59:58 File permissions are OK
2026-09-04 15:59:58 ====
2026-09-04 15:59:58 Action: Performing tests from category: Software: Malware
2026-09-04 15:59:58 ====
2026-09-04 15:59:58 Performing test ID MALW-3274 (Check for McAfee VirusScan Command Line)
2026-09-04 15:59:58 Test: checking presence McAfee VirusScan for Command Line
2026-09-04 15:59:58 Result: McAfee VirusScan for Command Line not found
2026-09-04 15:59:58 ====
2026-09-04 15:59:58 Performing test ID MALW-3275 (Check for chkrootkit)
2026-09-04 15:59:58 Test: checking presence chkrootkit
2026-09-04 15:59:58 Result: chkrootkit not found
2026-09-04 15:59:58 ====
2026-09-04 15:59:58 Performing test ID MALW-3276 (Check for Rootkit Hunter)
2026-09-04 15:59:58 Test: checking presence Rootkit Hunter
2026-09-04 15:59:59 Result: Rootkit Hunter not found
2026-09-04 15:59:59 ====
2026-09-04 15:59:59 Performing test ID MALW-3278 (Check for LMD)
2026-09-04 15:59:59 Test: checking presence LMD
2026-09-04 15:59:59 Result: LMD not found
2026-09-04 15:59:59 ====
2026-09-04 15:59:59 Performing test ID MALW-3280 (Check if anti-virus tool is installed)
2026-09-04 15:59:59 Test: checking process com.avast.daemon
2026-09-04 15:59:59 Performing pgrep scan without uid
2026-09-04 15:59:59 IsRunning: process 'com.avast.daemon' not found
2026-09-04 15:59:59 Test: checking process Avira daemon
2026-09-04 15:59:59 Performing pgrep scan without uid
2026-09-04 15:59:59 IsRunning: process 'avqmd' not found
2026-09-04 15:59:59 Test: checking process epagd
2026-09-04 15:59:59 Performing pgrep scan without uid
2026-09-04 16:00:00 IsRunning: process 'bdagentd' not found
2026-09-04 16:00:00 Performing pgrep scan without uid
2026-09-04 16:00:00 IsRunning: process 'epagd' not found
2026-09-04 16:00:00 Test: checking process falcon-sensor (CrowdStrike)
2026-09-04 16:00:00 Performing pgrep scan without uid
2026-09-04 16:00:00 IsRunning: process 'falcon-sensor' not found
2026-09-04 16:00:00 Test: checking process CylanceSvc
2026-09-04 16:00:00 Performing pgrep scan without uid
2026-09-04 16:00:00 IsRunning: process 'CylanceSvc' not found
2026-09-04 16:00:00 Test: checking process esets_daemon
2026-09-04 16:00:00 Performing pgrep scan without uid
2026-09-04 16:00:00 IsRunning: process 'esets_daemon' not found
2026-09-04 16:00:00 Test: checking process wdserver or klnagent (Kaspersky)
2026-09-04 16:00:00 Performing pgrep scan without uid
2026-09-04 16:00:01 IsRunning: process 'klnagent' not found
2026-09-04 16:00:01 Test: checking process cma or cmdagent (McAfee)
2026-09-04 16:00:01 Performing pgrep scan without uid
2026-09-04 16:00:01 IsRunning: process 'cmdagent' not found
2026-09-04 16:00:01 Test: checking process savscand
2026-09-04 16:00:01 Performing pgrep scan without uid
2026-09-04 16:00:01 IsRunning: process 'savscand' not found
2026-09-04 16:00:01 Test: checking process SophosScanD
2026-09-04 16:00:01 Performing pgrep scan without uid
2026-09-04 16:00:01 IsRunning: process 'SophosScanD' not found
2026-09-04 16:00:01 Test: checking process rtvscand
2026-09-04 16:00:01 Performing pgrep scan without uid
2026-09-04 16:00:01 IsRunning: process 'rtvscand' not found
2026-09-04 16:00:01 Test: checking process Symantec management client service
2026-09-04 16:00:01 Performing pgrep scan without uid
2026-09-04 16:00:02 IsRunning: process 'smcd' not found
2026-09-04 16:00:02 Test: checking process Symantec Endpoint Protection configuration service
2026-09-04 16:00:02 Performing pgrep scan without uid
2026-09-04 16:00:02 IsRunning: process 'symcfgd' not found
2026-09-04 16:00:02 Test: checking process synoavd
2026-09-04 16:00:02 Performing pgrep scan without uid
2026-09-04 16:00:02 IsRunning: process 'synoavd' not found
2026-09-04 16:00:02 Test: checking process ds_agent to test for Trend Micro Deep Anti Malware component
2026-09-04 16:00:02 Performing pgrep scan without uid
2026-09-04 16:00:02 IsRunning: process 'ds_am' not found
2026-09-04 16:00:02 Test: checking process TmccMac to test for Trend Micro anti-virus (macOS)
2026-09-04 16:00:02 Performing pgrep scan without uid
2026-09-04 16:00:02 IsRunning: process 'TmccMac' not found
2026-09-04 16:00:02 Result: no commercial anti-virus tools found
2026-09-04 16:00:03 Hardening: assigned partial number of hardening points (0 of 3). Currently having 175 points (out of 275)
2026-09-04 16:00:03 ====
2026-09-04 16:00:03 Performing test ID MALW-3282 (Check for clamscan)
2026-09-04 16:00:03 Test: checking presence clamscan
2026-09-04 16:00:03 Result: clamscan couldn't be found
2026-09-04 16:00:03 ====
2026-09-04 16:00:03 Performing test ID MALW-3284 (Check for clamd)
2026-09-04 16:00:03 Test: checking running ClamAV daemon (clamd)
2026-09-04 16:00:03 Performing pgrep scan without uid
2026-09-04 16:00:03 IsRunning: process 'clamd' not found
2026-09-04 16:00:03 Result: clamd not running
2026-09-04 16:00:03 ====
2026-09-04 16:00:03 Skipped test MALW-3286 (Check for freshclam)
2026-09-04 16:00:03 Reason to skip: Prerequisites not met (ie missing tool, other type of Linux distribution)
2026-09-04 16:00:03 ====
2026-09-04 16:00:04 Skipped test MALW-3288 (Check for ClamXav)
2026-09-04 16:00:04 Reason to skip: Prerequisites not met (ie missing tool, other type of Linux distribution)
2026-09-04 16:00:04 ====
2026-09-04 16:00:04 Performing test ID MALW-3290 (Presence of for malware detection)
2026-09-04 16:00:04 Security check: file is normal
2026-09-04 16:00:04 Checking permissions of /usr/share/lynis/include/tests_file_permissions
2026-09-04 16:00:04 File permissions are OK
2026-09-04 16:00:04 ====
2026-09-04 16:00:04 Action: Performing tests from category: File Permissions
2026-09-04 16:00:04 ====
2026-09-04 16:00:04 Performing test ID FILE-7524 (Perform file permissions check)
2026-09-04 16:00:04 Test: Checking file permissions
2026-09-04 16:00:04 Using profile /etc/lynis/default.prf for baseline.
2026-09-04 16:00:05 Test: checking file/directory /boot/grub/grub.cfg
2026-09-04 16:00:05 Test: checking if file /boot/grub/grub.cfg has the permissions set to 600 (rw-------) or more restrictive
2026-09-04 16:00:05 Outcome: correct permissions (600)
2026-09-04 16:00:05 Test: checking file/directory /boot/grub2/grub.cfg
2026-09-04 16:00:05 Skipping file/directory /boot/grub2/grub.cfg as it does not exist on this system
2026-09-04 16:00:05 Test: checking file/directory /boot/grub2/user.cfg
2026-09-04 16:00:05 Skipping file/directory /boot/grub2/user.cfg as it does not exist on this system
2026-09-04 16:00:05 Test: checking file/directory /etc/at.allow
2026-09-04 16:00:05 Skipping file/directory /etc/at.allow as it does not exist on this system
2026-09-04 16:00:05 Test: checking file/directory /etc/at.deny
2026-09-04 16:00:05 Skipping file/directory /etc/at.deny as it does not exist on this system
2026-09-04 16:00:05 Test: checking file/directory /etc/cron.allow
2026-09-04 16:00:05 Skipping file/directory /etc/cron.allow as it does not exist on this system
2026-09-04 16:00:05 Test: checking file/directory /etc/cron.deny
2026-09-04 16:00:05 Skipping file/directory /etc/cron.deny as it does not exist on this system
2026-09-04 16:00:05 Test: checking file/directory /etc/crontab
2026-09-04 16:00:05 Test: checking if file /etc/crontab has the permissions set to 600 (rw-------) or more restrictive
2026-09-04 16:00:06 Outcome: permissions of file /etc/crontab are not matching expected value (644 != 600)
2026-09-04 16:00:06 Test: checking file/directory /etc/group
2026-09-04 16:00:06 Test: checking if file /etc/group has the permissions set to 644 (rw-r--r--) or more restrictive
2026-09-04 16:00:06 Outcome: correct permissions (644)
2026-09-04 16:00:06 Test: checking file/directory /etc/group-
2026-09-04 16:00:06 Test: checking if file /etc/group- has the permissions set to 644 (rw-r--r--) or more restrictive
2026-09-04 16:00:06 Outcome: correct permissions (644)
2026-09-04 16:00:06 Test: checking file/directory /etc/hosts.allow
2026-09-04 16:00:07 Test: checking if file /etc/hosts.allow has the permissions set to 644 (rw-r--r--) or more restrictive
2026-09-04 16:00:07 Outcome: correct permissions (644)
2026-09-04 16:00:07 Test: checking file/directory /etc/hosts.deny
2026-09-04 16:00:07 Test: checking if file /etc/hosts.deny has the permissions set to 644 (rw-r--r--) or more restrictive
2026-09-04 16:00:07 Outcome: correct permissions (644)
2026-09-04 16:00:07 Test: checking file/directory /etc/issue
2026-09-04 16:00:07 Test: checking if file /etc/issue has the permissions set to 644 (rw-r--r--) or more restrictive
2026-09-04 16:00:07 Outcome: correct permissions (644)
2026-09-04 16:00:07 Test: checking file/directory /etc/issue.net
2026-09-04 16:00:08 Test: checking if file /etc/issue.net has the permissions set to 644 (rw-r--r--) or more restrictive
2026-09-04 16:00:08 Outcome: correct permissions (644)
2026-09-04 16:00:08 Test: checking file/directory /etc/lilo.conf
2026-09-04 16:00:08 Skipping file/directory /etc/lilo.conf as it does not exist on this system
2026-09-04 16:00:08 Test: checking file/directory /etc/motd
2026-09-04 16:00:08 Test: checking if file /etc/motd has the permissions set to 644 (rw-r--r--) or more restrictive
2026-09-04 16:00:08 Outcome: correct permissions (644)
2026-09-04 16:00:08 Test: checking file/directory /etc/passwd
2026-09-04 16:00:09 Test: checking if file /etc/passwd has the permissions set to 644 (rw-r--r--) or more restrictive
2026-09-04 16:00:09 Outcome: correct permissions (644)
2026-09-04 16:00:09 Test: checking file/directory /etc/passwd-
2026-09-04 16:00:09 Test: checking if file /etc/passwd- has the permissions set to 644 (rw-r--r--) or more restrictive
2026-09-04 16:00:09 Outcome: correct permissions (644)
2026-09-04 16:00:09 Test: checking file/directory /etc/ssh/sshd_config
2026-09-04 16:00:09 Test: checking if file /etc/ssh/sshd_config has the permissions set to 600 (rw-------) or more restrictive
2026-09-04 16:00:10 Outcome: permissions of file /etc/ssh/sshd_config are not matching expected value (644 != 600)
2026-09-04 16:00:10 Test: checking file/directory /etc/hosts.equiv
2026-09-04 16:00:10 Skipping file/directory /etc/hosts.equiv as it does not exist on this system
2026-09-04 16:00:10 Test: checking file/directory /etc/shosts.equiv
2026-09-04 16:00:10 Skipping file/directory /etc/shosts.equiv as it does not exist on this system
2026-09-04 16:00:10 Test: checking file/directory /root/.rhosts
2026-09-04 16:00:10 Skipping file/directory /root/.rhosts as it does not exist on this system
2026-09-04 16:00:10 Test: checking file/directory /root/.rlogin
2026-09-04 16:00:10 Skipping file/directory /root/.rlogin as it does not exist on this system
2026-09-04 16:00:10 Test: checking file/directory /root/.shosts
2026-09-04 16:00:10 Skipping file/directory /root/.shosts as it does not exist on this system
2026-09-04 16:00:10 Test: checking file/directory /root/.ssh
2026-09-04 16:00:10 Test: checking if file /root/.ssh has the permissions set to 700 (rwx------) or more restrictive
2026-09-04 16:00:10 Outcome: correct permissions (700)
2026-09-04 16:00:10 Test: checking file/directory /etc/cron.d
2026-09-04 16:00:11 Test: checking if file /etc/cron.d has the permissions set to 700 (rwx------) or more restrictive
2026-09-04 16:00:11 Outcome: permissions of file /etc/cron.d are not matching expected value (755 != 700)
2026-09-04 16:00:11 Test: checking file/directory /etc/cron.daily
2026-09-04 16:00:11 Test: checking if file /etc/cron.daily has the permissions set to 700 (rwx------) or more restrictive
2026-09-04 16:00:11 Outcome: permissions of file /etc/cron.daily are not matching expected value (755 != 700)
2026-09-04 16:00:11 Test: checking file/directory /etc/cron.hourly
2026-09-04 16:00:11 Test: checking if file /etc/cron.hourly has the permissions set to 700 (rwx------) or more restrictive
2026-09-04 16:00:11 Outcome: permissions of file /etc/cron.hourly are not matching expected value (755 != 700)
2026-09-04 16:00:11 Test: checking file/directory /etc/cron.weekly
2026-09-04 16:00:12 Test: checking if file /etc/cron.weekly has the permissions set to 700 (rwx------) or more restrictive
2026-09-04 16:00:12 Outcome: permissions of file /etc/cron.weekly are not matching expected value (755 != 700)
2026-09-04 16:00:12 Test: checking file/directory /etc/cron.monthly
2026-09-04 16:00:12 Test: checking if file /etc/cron.monthly has the permissions set to 700 (rwx------) or more restrictive
2026-09-04 16:00:12 Outcome: permissions of file /etc/cron.monthly are not matching expected value (755 != 700)
2026-09-04 16:00:12 Suggestion: Consider restricting file permissions [test:FILE-7524] [details:See screen output or log file] [solution:text:Use chmod to change file permissions]
2026-09-04 16:00:12 Security check: file is normal
2026-09-04 16:00:12 Checking permissions of /usr/share/lynis/include/tests_homedirs
2026-09-04 16:00:13 File permissions are OK
2026-09-04 16:00:13 ====
2026-09-04 16:00:13 Action: Performing tests from category: Home directories
2026-09-04 16:00:13 ====
2026-09-04 16:00:13 Performing test ID HOME-9302 (Create list with home directories)
2026-09-04 16:00:13 Test: query /etc/passwd to obtain home directories
2026-09-04 16:00:13 Result: found home directory: / (directory exists)
2026-09-04 16:00:13 Result: found home directory: /bin (directory exists)
2026-09-04 16:00:13 Result: found home directory: /dev (directory exists)
2026-09-04 16:00:13 Result: found home directory: /home/admintp (directory exists)
2026-09-04 16:00:13 Result: found home directory: /nonexistent (directory does not exist)
2026-09-04 16:00:13 Result: found home directory: /root (directory exists)
2026-09-04 16:00:13 Result: found home directory: /run/ircd (directory does not exist)
2026-09-04 16:00:13 Result: found home directory: /run/sshd (directory exists)
2026-09-04 16:00:13 Result: found home directory: /usr/games (directory exists)
2026-09-04 16:00:13 Result: found home directory: /usr/sbin (directory exists)
2026-09-04 16:00:13 Result: found home directory: /var/backups (directory exists)
2026-09-04 16:00:13 Result: found home directory: /var/cache/man (directory exists)
2026-09-04 16:00:13 Result: found home directory: /var/lib/avahi-autoipd (directory exists)
2026-09-04 16:00:13 Result: found home directory: /var/list (directory does not exist)
2026-09-04 16:00:13 Result: found home directory: /var/mail (directory exists)
2026-09-04 16:00:13 Result: found home directory: /var/run/vboxadd (directory does not exist)
2026-09-04 16:00:13 Result: found home directory: /var/spool/lpd (directory does not exist)
2026-09-04 16:00:14 Result: found home directory: /var/spool/news (directory does not exist)
2026-09-04 16:00:14 Result: found home directory: /var/spool/uucp (directory does not exist)
2026-09-04 16:00:14 Result: found home directory: /var/www (directory exists)
2026-09-04 16:00:14 ====
2026-09-04 16:00:14 Performing test ID HOME-9304 (Check if users' home directories permissions are 750 or more restrictive)
2026-09-04 16:00:14 Test: checking directory '/home/admintp' for user 'admintp'
2026-09-04 16:00:14 Result: permissions of home directory /home/admintp of user admintp are fine
2026-09-04 16:00:14 Result: OK, all permissions of the home directories are 750 or more restrictive
2026-09-04 16:00:14 ====
2026-09-04 16:00:14 Performing test ID HOME-9306 (Check if users own their home directories)
2026-09-04 16:00:15 Test: checking directory '/home/admintp' for user 'admintp'
2026-09-04 16:00:15 Result: ownership of home directory /home/admintp for user admintp looks to be correct
2026-09-04 16:00:15 Result: OK, all users own their home directories
2026-09-04 16:00:15 ====
2026-09-04 16:00:15 Performing test ID HOME-9310 (Checking for suspicious shell history files)
2026-09-04 16:00:15 Result: Ok, history files are type 'file'.
2026-09-04 16:00:15 Remark: History files are normally of the type 'file'. Symbolic links and other types are suspicious.
2026-09-04 16:00:15 ====
2026-09-04 16:00:15 Performing test ID HOME-9350 (Collecting information from home directories)
2026-09-04 16:00:15 Result: IGNORE_HOME_DIRS empty, no paths excluded
2026-09-04 16:00:15 Security check: file is normal
2026-09-04 16:00:15 Checking permissions of /usr/share/lynis/include/tests_kernel_hardening
2026-09-04 16:00:16 File permissions are OK
2026-09-04 16:00:16 ====
2026-09-04 16:00:16 Action: Performing tests from category: Kernel Hardening
2026-09-04 16:00:16 ====
2026-09-04 16:00:16 Performing test ID KRNL-6000 (Check sysctl key pairs in scan profile)
2026-09-04 16:00:22 Result: sysctl key dev.tty.ldisc_autoload has a different value than expected in scan profile. Expected=0, Real=1
2026-09-04 16:00:22 Hardening: assigned partial number of hardening points (0 of 1). Currently having 175 points (out of 276)
2026-09-04 16:00:23 Result: sysctl key fs.protected_fifos has a different value than expected in scan profile. Expected=2, Real=1
2026-09-04 16:00:23 Hardening: assigned partial number of hardening points (0 of 1). Currently having 175 points (out of 277)
2026-09-04 16:00:23 Result: sysctl key fs.protected_hardlinks contains equal expected and current value (1)
2026-09-04 16:00:23 Hardening: assigned maximum number of hardening points for this item (1). Currently having 176 points (out of 278)
2026-09-04 16:00:23 Result: sysctl key fs.protected_regular contains equal expected and current value (2)
2026-09-04 16:00:23 Hardening: assigned maximum number of hardening points for this item (1). Currently having 177 points (out of 279)
2026-09-04 16:00:24 Result: sysctl key fs.protected_symlinks contains equal expected and current value (1)
2026-09-04 16:00:24 Hardening: assigned maximum number of hardening points for this item (1). Currently having 178 points (out of 280)
2026-09-04 16:00:24 Result: sysctl key fs.suid_dumpable contains equal expected and current value (0)
2026-09-04 16:00:24 Hardening: assigned maximum number of hardening points for this item (1). Currently having 179 points (out of 281)
2026-09-04 16:00:24 Result: key hw.kbd.keymap_restrict_change does not exist on this machine
2026-09-04 16:00:24 Result: key kern.sugid_coredump does not exist on this machine
2026-09-04 16:00:25 Result: key kernel.core_setuid_ok does not exist on this machine
2026-09-04 16:00:25 Result: sysctl key kernel.core_uses_pid has a different value than expected in scan profile. Expected=1, Real=0
2026-09-04 16:00:25 Hardening: assigned partial number of hardening points (0 of 1). Currently having 179 points (out of 282)
2026-09-04 16:00:25 Result: sysctl key kernel.ctrl-alt-del contains equal expected and current value (0)
2026-09-04 16:00:25 Hardening: assigned maximum number of hardening points for this item (1). Currently having 180 points (out of 283)
2026-09-04 16:00:26 Result: sysctl key kernel.dmesg_restrict contains equal expected and current value (1)
2026-09-04 16:00:26 Hardening: assigned maximum number of hardening points for this item (1). Currently having 181 points (out of 284)
2026-09-04 16:00:26 Result: key kernel.exec-shield-randomize does not exist on this machine
2026-09-04 16:00:26 Result: key kernel.exec-shield does not exist on this machine
2026-09-04 16:00:26 Result: sysctl key kernel.kptr_restrict has a different value than expected in scan profile. Expected=2, Real=0
2026-09-04 16:00:26 Hardening: assigned partial number of hardening points (0 of 1). Currently having 181 points (out of 285)
2026-09-04 16:00:27 Result: key kernel.maps_protect does not exist on this machine
2026-09-04 16:00:27 Result: sysctl key kernel.modules_disabled has a different value than expected in scan profile. Expected=1, Real=0
2026-09-04 16:00:27 Hardening: assigned partial number of hardening points (0 of 1). Currently having 181 points (out of 286)
2026-09-04 16:00:27 Result: sysctl key kernel.perf_event_paranoid contains equal expected and current value (3)
2026-09-04 16:00:27 Hardening: assigned maximum number of hardening points for this item (1). Currently having 182 points (out of 287)
2026-09-04 16:00:27 Result: sysctl key kernel.randomize_va_space contains equal expected and current value (2)
2026-09-04 16:00:27 Hardening: assigned maximum number of hardening points for this item (1). Currently having 183 points (out of 288)
2026-09-04 16:00:28 Result: key kernel.suid_dumpable does not exist on this machine
2026-09-04 16:00:28 Result: sysctl key kernel.sysrq has a different value than expected in scan profile. Expected=0, Real=438
2026-09-04 16:00:28 Hardening: assigned partial number of hardening points (0 of 1). Currently having 183 points (out of 289)
2026-09-04 16:00:28 Result: sysctl key kernel.unprivileged_bpf_disabled has a different value than expected in scan profile. Expected=1, Real=2
2026-09-04 16:00:28 Hardening: assigned partial number of hardening points (0 of 1). Currently having 183 points (out of 290)
2026-09-04 16:00:29 Result: key kernel.use-nx does not exist on this machine
2026-09-04 16:00:29 Result: sysctl key kernel.yama.ptrace_scope has a different value than expected in scan profile. Expected=1 2 3, Real=0
2026-09-04 16:00:29 Hardening: assigned partial number of hardening points (0 of 1). Currently having 183 points (out of 291)
2026-09-04 16:00:29 Result: sysctl key net.core.bpf_jit_harden has a different value than expected in scan profile. Expected=2, Real=0
2026-09-04 16:00:29 Hardening: assigned partial number of hardening points (0 of 1). Currently having 183 points (out of 292)
2026-09-04 16:00:30 Result: key net.inet.icmp.bmcastecho does not exist on this machine
2026-09-04 16:00:30 Result: key net.inet.icmp.drop_redirect does not exist on this machine
2026-09-04 16:00:30 Result: key net.inet.icmp.rediraccept does not exist on this machine
2026-09-04 16:00:30 Result: key net.inet.icmp.timestamp does not exist on this machine
2026-09-04 16:00:31 Result: key net.inet.ip.accept_sourceroute does not exist on this machine
2026-09-04 16:00:31 Result: key net.inet.ip.check_interface does not exist on this machine
2026-09-04 16:00:31 Result: key net.inet.ip.forwarding does not exist on this machine
2026-09-04 16:00:32 Result: key net.inet.ip.linklocal.in.allowbadttl does not exist on this machine
2026-09-04 16:00:32 Result: key net.inet.ip.process_options does not exist on this machine
2026-09-04 16:00:32 Result: key net.inet.ip.random_id does not exist on this machine
2026-09-04 16:00:32 Result: key net.inet.ip.redirect does not exist on this machine
2026-09-04 16:00:33 Result: key net.inet.ip.sourceroute does not exist on this machine
2026-09-04 16:00:33 Result: key net.inet.ip6.redirect does not exist on this machine
2026-09-04 16:00:33 Result: key net.inet.tcp.always_keepalive does not exist on this machine
2026-09-04 16:00:34 Result: key net.inet.tcp.blackhole does not exist on this machine
2026-09-04 16:00:34 Result: key net.inet.tcp.drop_synfin does not exist on this machine
2026-09-04 16:00:34 Result: key net.inet.tcp.icmp_may_rst does not exist on this machine
2026-09-04 16:00:35 Result: key net.inet.tcp.nolocaltimewait does not exist on this machine
2026-09-04 16:00:35 Result: key net.inet.tcp.path_mtu_discovery does not exist on this machine
2026-09-04 16:00:35 Result: key net.inet.udp.blackhole does not exist on this machine
2026-09-04 16:00:35 Result: key net.inet6.icmp6.rediraccept does not exist on this machine
2026-09-04 16:00:36 Result: key net.inet6.ip6.forwarding does not exist on this machine
2026-09-04 16:00:36 Result: key net.inet6.ip6.fw.enable does not exist on this machine
2026-09-04 16:00:36 Result: key net.inet6.ip6.redirect does not exist on this machine
2026-09-04 16:00:36 Result: sysctl key net.ipv4.conf.all.accept_redirects has a different value than expected in scan profile. Expected=0, Real=1
2026-09-04 16:00:36 Hardening: assigned partial number of hardening points (0 of 1). Currently having 183 points (out of 293)
2026-09-04 16:00:37 Result: sysctl key net.ipv4.conf.all.accept_source_route contains equal expected and current value (0)
2026-09-04 16:00:37 Hardening: assigned maximum number of hardening points for this item (1). Currently having 184 points (out of 294)
2026-09-04 16:00:37 Result: sysctl key net.ipv4.conf.all.bootp_relay contains equal expected and current value (0)
2026-09-04 16:00:37 Hardening: assigned maximum number of hardening points for this item (1). Currently having 185 points (out of 295)
2026-09-04 16:00:37 Result: sysctl key net.ipv4.conf.all.forwarding contains equal expected and current value (0)
2026-09-04 16:00:37 Hardening: assigned maximum number of hardening points for this item (1). Currently having 186 points (out of 296)
2026-09-04 16:00:38 Result: sysctl key net.ipv4.conf.all.log_martians has a different value than expected in scan profile. Expected=1, Real=0
2026-09-04 16:00:38 Hardening: assigned partial number of hardening points (0 of 1). Currently having 186 points (out of 297)
2026-09-04 16:00:38 Result: sysctl key net.ipv4.conf.all.mc_forwarding contains equal expected and current value (0)
2026-09-04 16:00:38 Hardening: assigned maximum number of hardening points for this item (1). Currently having 187 points (out of 298)
2026-09-04 16:00:38 Result: sysctl key net.ipv4.conf.all.proxy_arp contains equal expected and current value (0)
2026-09-04 16:00:38 Hardening: assigned maximum number of hardening points for this item (1). Currently having 188 points (out of 299)
2026-09-04 16:00:38 Result: sysctl key net.ipv4.conf.all.rp_filter has a different value than expected in scan profile. Expected=1, Real=0
2026-09-04 16:00:38 Hardening: assigned partial number of hardening points (0 of 1). Currently having 188 points (out of 300)
2026-09-04 16:00:39 Result: sysctl key net.ipv4.conf.all.send_redirects has a different value than expected in scan profile. Expected=0, Real=1
2026-09-04 16:00:39 Hardening: assigned partial number of hardening points (0 of 1). Currently having 188 points (out of 301)
2026-09-04 16:00:39 Result: sysctl key net.ipv4.conf.default.accept_redirects has a different value than expected in scan profile. Expected=0, Real=1
2026-09-04 16:00:39 Hardening: assigned partial number of hardening points (0 of 1). Currently having 188 points (out of 302)
2026-09-04 16:00:39 Result: sysctl key net.ipv4.conf.default.accept_source_route has a different value than expected in scan profile. Expected=0, Real=1
2026-09-04 16:00:39 Hardening: assigned partial number of hardening points (0 of 1). Currently having 188 points (out of 303)
2026-09-04 16:00:40 Result: sysctl key net.ipv4.conf.default.log_martians has a different value than expected in scan profile. Expected=1, Real=0
2026-09-04 16:00:40 Hardening: assigned partial number of hardening points (0 of 1). Currently having 188 points (out of 304)
2026-09-04 16:00:40 Result: sysctl key net.ipv4.icmp_echo_ignore_broadcasts contains equal expected and current value (1)
2026-09-04 16:00:40 Hardening: assigned maximum number of hardening points for this item (1). Currently having 189 points (out of 305)
2026-09-04 16:00:40 Result: sysctl key net.ipv4.icmp_ignore_bogus_error_responses contains equal expected and current value (1)
2026-09-04 16:00:40 Hardening: assigned maximum number of hardening points for this item (1). Currently having 190 points (out of 306)
2026-09-04 16:00:41 Result: sysctl key net.ipv4.tcp_syncookies contains equal expected and current value (1)
2026-09-04 16:00:41 Hardening: assigned maximum number of hardening points for this item (1). Currently having 191 points (out of 307)
2026-09-04 16:00:41 Result: sysctl key net.ipv4.tcp_timestamps contains equal expected and current value (0 1)
2026-09-04 16:00:41 Hardening: assigned maximum number of hardening points for this item (1). Currently having 192 points (out of 308)
2026-09-04 16:00:41 Result: sysctl key net.ipv6.conf.all.accept_redirects has a different value than expected in scan profile. Expected=0, Real=1
2026-09-04 16:00:41 Hardening: assigned partial number of hardening points (0 of 1). Currently having 192 points (out of 309)
2026-09-04 16:00:41 Result: sysctl key net.ipv6.conf.all.accept_source_route contains equal expected and current value (0)
2026-09-04 16:00:41 Hardening: assigned maximum number of hardening points for this item (1). Currently having 193 points (out of 310)
2026-09-04 16:00:42 Result: key net.ipv6.conf.all.send_redirects does not exist on this machine
2026-09-04 16:00:42 Result: sysctl key net.ipv6.conf.default.accept_redirects has a different value than expected in scan profile. Expected=0, Real=1
2026-09-04 16:00:42 Hardening: assigned partial number of hardening points (0 of 1). Currently having 193 points (out of 311)
2026-09-04 16:00:42 Result: sysctl key net.ipv6.conf.default.accept_source_route contains equal expected and current value (0)
2026-09-04 16:00:42 Hardening: assigned maximum number of hardening points for this item (1). Currently having 194 points (out of 312)
2026-09-04 16:00:43 Result: key security.bsd.hardlink_check_gid does not exist on this machine
2026-09-04 16:00:43 Result: key security.bsd.hardlink_check_uid does not exist on this machine
2026-09-04 16:00:43 Result: key security.bsd.see_other_gids does not exist on this machine
2026-09-04 16:00:44 Result: key security.bsd.see_other_uids does not exist on this machine
2026-09-04 16:00:44 Result: key security.bsd.stack_guard_page does not exist on this machine
2026-09-04 16:00:44 Result: key security.bsd.unprivileged_proc_debug does not exist on this machine
2026-09-04 16:00:44 Result: key security.bsd.unprivileged_read_msgbuf does not exist on this machine
2026-09-04 16:00:44 Result: found 18 keys that can use tuning, according scan profile
2026-09-04 16:00:44 Suggestion: One or more sysctl values differ from the scan profile and could be tweaked [test:KRNL-6000] [details:] [solution:Change sysctl value or disable test (skip-test=KRNL-6000:<sysctl-key>)]
2026-09-04 16:00:44 Security check: file is normal
2026-09-04 16:00:44 Checking permissions of /usr/share/lynis/include/tests_hardening
2026-09-04 16:00:45 File permissions are OK
2026-09-04 16:00:45 ====
2026-09-04 16:00:45 Action: Performing tests from category: Hardening
2026-09-04 16:00:45 ====
2026-09-04 16:00:45 Performing test ID HRDN-7220 (Check if one or more compilers are installed)
2026-09-04 16:00:45 Test: Check if one or more compilers can be found on the system
2026-09-04 16:00:45 Result: found installed compiler. See top of logfile which compilers have been found or use /usr/bin/grep to filter on 'compiler'
2026-09-04 16:00:45 Hardening: assigned partial number of hardening points (1 of 3). Currently having 195 points (out of 315)
2026-09-04 16:00:45 ====
2026-09-04 16:00:45 Performing test ID HRDN-7222 (Check compiler permissions)
2026-09-04 16:00:46 Test: Check if one or more compilers can be found on the system
2026-09-04 16:00:46 Test: Check file permissions for /usr/bin/as
2026-09-04 16:00:46 Action: checking symlink for file /usr/bin/as
2026-09-04 16:00:46 Note: Using real readlink binary to determine symlink on /usr/bin/as
2026-09-04 16:00:46 Result: readlink shows /usr/bin/x86_64-linux-gnu-as as output
2026-09-04 16:00:46 Result: symlink found, pointing to file /usr/bin/x86_64-linux-gnu-as
2026-09-04 16:00:46 Binary: found /usr/bin/x86_64-linux-gnu-as (world executable)
2026-09-04 16:00:46 Hardening: assigned partial number of hardening points (2 of 3). Currently having 197 points (out of 318)
2026-09-04 16:00:46 Test: Check file permissions for /usr/bin/cc
2026-09-04 16:00:46 Action: checking symlink for file /usr/bin/cc
2026-09-04 16:00:46 Note: Using real readlink binary to determine symlink on /usr/bin/cc
2026-09-04 16:00:46 Result: readlink shows /usr/bin/x86_64-linux-gnu-gcc-12 as output
2026-09-04 16:00:46 Result: symlink found, pointing to file /usr/bin/x86_64-linux-gnu-gcc-12
2026-09-04 16:00:46 Binary: found /usr/bin/x86_64-linux-gnu-gcc-12 (world executable)
2026-09-04 16:00:46 Hardening: assigned partial number of hardening points (2 of 3). Currently having 199 points (out of 321)
2026-09-04 16:00:46 Test: Check file permissions for /usr/bin/gcc
2026-09-04 16:00:46 Action: checking symlink for file /usr/bin/gcc
2026-09-04 16:00:46 Note: Using real readlink binary to determine symlink on /usr/bin/gcc
2026-09-04 16:00:46 Result: readlink shows /usr/bin/x86_64-linux-gnu-gcc-12 as output
2026-09-04 16:00:46 Result: symlink found, pointing to file /usr/bin/x86_64-linux-gnu-gcc-12
2026-09-04 16:00:46 Binary: found /usr/bin/x86_64-linux-gnu-gcc-12 (world executable)
2026-09-04 16:00:47 Hardening: assigned partial number of hardening points (2 of 3). Currently having 201 points (out of 324)
2026-09-04 16:00:47 Result: at least one compiler could be better hardened by restricting executable access to root or group only
2026-09-04 16:00:47 Suggestion: Harden compilers like restricting access to root user only [test:HRDN-7222] [details:-] [solution:-]
2026-09-04 16:00:47 ====
2026-09-04 16:00:47 Performing test ID HRDN-7230 (Check for malware scanner)
2026-09-04 16:00:47 Test: Check if a malware scanner is installed
2026-09-04 16:00:47 Result: no malware scanner found
2026-09-04 16:00:47 Suggestion: Harden the system by installing at least one malware scanner, to perform periodic file system scans [test:HRDN-7230] [details:-] [solution:Install a tool like rkhunter, chkrootkit, OSSEC]
2026-09-04 16:00:47 Hardening: assigned partial number of hardening points (1 of 3). Currently having 202 points (out of 327)
2026-09-04 16:00:47 Result: no malware scanner found
2026-09-04 16:00:47 ====
2026-09-04 16:00:47 Performing test ID HRDN-7231 (Check for registered non-native binary formats)
2026-09-04 16:00:47 Test: Check for registered non-native binary formats
2026-09-04 16:00:47 Result: found 1 non-native binary formats registered: python3.11 
2026-09-04 16:00:47 ====
2026-09-04 16:00:47 Action: Performing tests from category: Custom tests
2026-09-04 16:00:47 Test: Checking for tests_custom file
2026-09-04 16:00:47 ====
2026-09-04 16:00:47 Action: Performing plugin tests
2026-09-04 16:00:47 Result: Found 1 plugins of which 1 are enabled
2026-09-04 16:00:48 Result: Plugins phase 2 finished
2026-09-04 16:00:48 Checking permissions of /usr/share/lynis/include/report
2026-09-04 16:00:48 File permissions are OK
2026-09-04 16:00:48 Hardening index : [61] [############        ]
2026-09-04 16:00:48 Hardening strength: System has been hardened, but could use additional hardening
2026-09-04 16:00:48 Checking permissions of /usr/share/lynis/include/tool_tips
2026-09-04 16:00:49 File permissions are OK
2026-09-04 16:00:49 Tool tips: enabled
2026-09-04 16:00:49 ================================================================================
2026-09-04 16:00:49 Tests performed:     252
2026-09-04 16:00:49 Total tests:         453
2026-09-04 16:00:49 Active plugins:      1
2026-09-04 16:00:49 Total plugins:       1
2026-09-04 16:00:49 ================================================================================
2026-09-04 16:00:49 Lynis 3.0.8
2026-09-04 16:00:49 2007-2021, CISOfy - https://cisofy.com/lynis/
2026-09-04 16:00:49 Enterprise support available (compliance, plugins, interface and tools)
2026-09-04 16:00:49 Program ended successfully
2026-09-04 16:00:49 ================================================================================
2026-09-04 16:00:49 PID file removed (/var/run/lynis.pid)
2026-09-04 16:00:49 Temporary files:  /tmp/lynis.1Z9T82xnnA /tmp/lynis.lrunr0N2Y6 /tmp/lynis.IZrQxXjqvN /tmp/lynis.wjll3lkutY /tmp/lynis.2N7QiiF6wz /tmp/lynis.SBp4Yy9gLv /tmp/lynis.yVoV3Z6H9f /tmp/lynis.cg5Miu4WuG /tmp/lynis.bK1LXpOBik
2026-09-04 16:00:49 Action: removing temporary file /tmp/lynis.1Z9T82xnnA
2026-09-04 16:00:49 Info: temporary file /tmp/lynis.lrunr0N2Y6 was already removed
2026-09-04 16:00:49 Info: temporary file /tmp/lynis.IZrQxXjqvN was already removed
2026-09-04 16:00:49 Info: temporary file /tmp/lynis.wjll3lkutY was already removed
2026-09-04 16:00:49 Action: removing temporary file /tmp/lynis.2N7QiiF6wz
2026-09-04 16:00:50 Action: removing temporary file /tmp/lynis.SBp4Yy9gLv
2026-09-04 16:00:50 Action: removing temporary file /tmp/lynis.yVoV3Z6H9f
2026-09-04 16:00:50 Action: removing temporary file /tmp/lynis.cg5Miu4WuG
2026-09-04 16:00:50 Action: removing temporary file /tmp/lynis.bK1LXpOBik
2026-09-04 16:00:50 Lynis ended successfully.
